0 verbose cli /opt/homebrew/Cellar/node/26.5.1/bin/node /opt/homebrew/bin/npm
1 info using npm@11.17.0
2 info using node@v26.5.1
3 silly config load:file:/opt/homebrew/lib/node_modules/npm/npmrc
4 silly config load:file:/Users/meghpatel/Desktop/GlobeTrotter/.npmrc
5 silly config load:file:/Users/meghpatel/.npmrc
6 silly config load:file:/opt/homebrew/etc/npmrc
7 verbose title npm install
8 verbose argv "install" "--cache" "/Users/meghpatel/Desktop/GlobeTrotter/.npm-cache"
9 verbose logfile logs-max:10 dir:/Users/meghpatel/Desktop/GlobeTrotter/.npm-cache/_logs/2026-08-22T04_20_42_887Z-
10 verbose logfile /Users/meghpatel/Desktop/GlobeTrotter/.npm-cache/_logs/2026-08-22T04_20_42_887Z-debug-0.log
11 silly logfile done cleaning log files
12 silly packumentCache heap:2248146944 maxSize:562036736 maxEntrySize:281018368
13 silly idealTree buildDeps
14 silly fetch manifest turbo@^2.4.4
15 silly packumentCache full:https://registry.npmjs.org/turbo cache-miss
16 http fetch GET 200 https://registry.npmjs.org/npm 391ms
17 http fetch GET 200 https://registry.npmjs.org/turbo 617ms (cache miss)
18 silly packumentCache full:https://registry.npmjs.org/turbo set size:undefined disposed:false
19 silly fetch manifest typescript@^5.7.3
20 silly packumentCache full:https://registry.npmjs.org/typescript cache-miss
21 http fetch GET 200 https://registry.npmjs.org/typescript 377ms (cache miss)
22 silly packumentCache full:https://registry.npmjs.org/typescript set size:undefined disposed:false
23 silly placeDep ROOT @globetrotter/api@1.0.0 OK for: globetrotter@1.0.0 want: file:/Users/meghpatel/Desktop/GlobeTrotter/apps/api
24 silly placeDep ROOT @globetrotter/config@1.0.0 OK for: globetrotter@1.0.0 want: file:/Users/meghpatel/Desktop/GlobeTrotter/packages/config
25 silly placeDep ROOT @globetrotter/ui@1.0.0 OK for: globetrotter@1.0.0 want: file:/Users/meghpatel/Desktop/GlobeTrotter/packages/ui
26 silly placeDep ROOT @globetrotter/web@1.0.0 OK for: globetrotter@1.0.0 want: file:/Users/meghpatel/Desktop/GlobeTrotter/apps/web
27 silly placeDep ROOT turbo@2.10.11 OK for: globetrotter@1.0.0 want: ^2.4.4
28 silly placeDep ROOT typescript@5.9.3 OK for: globetrotter@1.0.0 want: ^5.7.3
29 silly fetch manifest @turbo/linux-64@2.10.11
30 silly packumentCache full:https://registry.npmjs.org/@turbo%2flinux-64 cache-miss
31 silly fetch manifest @turbo/darwin-64@2.10.11
32 silly packumentCache full:https://registry.npmjs.org/@turbo%2fdarwin-64 cache-miss
33 silly fetch manifest @turbo/windows-64@2.10.11
34 silly packumentCache full:https://registry.npmjs.org/@turbo%2fwindows-64 cache-miss
35 silly fetch manifest @turbo/linux-arm64@2.10.11
36 silly packumentCache full:https://registry.npmjs.org/@turbo%2flinux-arm64 cache-miss
37 silly fetch manifest @turbo/darwin-arm64@2.10.11
38 silly packumentCache full:https://registry.npmjs.org/@turbo%2fdarwin-arm64 cache-miss
39 silly fetch manifest @turbo/windows-arm64@2.10.11
40 silly packumentCache full:https://registry.npmjs.org/@turbo%2fwindows-arm64 cache-miss
41 http fetch GET 200 https://registry.npmjs.org/@turbo%2flinux-64 79ms (cache miss)
42 silly packumentCache full:https://registry.npmjs.org/@turbo%2flinux-64 set size:undefined disposed:false
43 http fetch GET 200 https://registry.npmjs.org/@turbo%2fwindows-arm64 178ms (cache miss)
44 silly packumentCache full:https://registry.npmjs.org/@turbo%2fwindows-arm64 set size:undefined disposed:false
45 http fetch GET 200 https://registry.npmjs.org/@turbo%2fwindows-64 750ms (cache miss)
46 silly packumentCache full:https://registry.npmjs.org/@turbo%2fwindows-64 set size:undefined disposed:false
47 http fetch GET 200 https://registry.npmjs.org/@turbo%2flinux-arm64 786ms (cache miss)
48 silly packumentCache full:https://registry.npmjs.org/@turbo%2flinux-arm64 set size:undefined disposed:false
49 http fetch GET 200 https://registry.npmjs.org/@turbo%2fdarwin-64 793ms (cache miss)
50 silly packumentCache full:https://registry.npmjs.org/@turbo%2fdarwin-64 set size:undefined disposed:false
51 http fetch GET 200 https://registry.npmjs.org/@turbo%2fdarwin-arm64 888ms (cache miss)
52 silly packumentCache full:https://registry.npmjs.org/@turbo%2fdarwin-arm64 set size:undefined disposed:false
53 silly placeDep ROOT @turbo/darwin-64@2.10.11 OK for: turbo@2.10.11 want: 2.10.11
54 silly placeDep ROOT @turbo/darwin-arm64@2.10.11 OK for: turbo@2.10.11 want: 2.10.11
55 silly placeDep ROOT @turbo/linux-64@2.10.11 OK for: turbo@2.10.11 want: 2.10.11
56 silly placeDep ROOT @turbo/linux-arm64@2.10.11 OK for: turbo@2.10.11 want: 2.10.11
57 silly placeDep ROOT @turbo/windows-64@2.10.11 OK for: turbo@2.10.11 want: 2.10.11
58 silly placeDep ROOT @turbo/windows-arm64@2.10.11 OK for: turbo@2.10.11 want: 2.10.11
59 silly fetch manifest @nestjs/common@^11.0.10
60 silly packumentCache full:https://registry.npmjs.org/@nestjs%2fcommon cache-miss
61 http fetch GET 200 https://registry.npmjs.org/@nestjs%2fcommon 438ms (cache miss)
62 silly packumentCache full:https://registry.npmjs.org/@nestjs%2fcommon set size:undefined disposed:false
63 silly fetch manifest class-transformer@^0.5.1
64 silly packumentCache full:https://registry.npmjs.org/class-transformer cache-miss
65 http fetch GET 200 https://registry.npmjs.org/class-transformer 66ms (cache miss)
66 silly packumentCache full:https://registry.npmjs.org/class-transformer set size:undefined disposed:false
67 silly fetch manifest class-validator@^0.14.1
68 silly packumentCache full:https://registry.npmjs.org/class-validator cache-miss
69 http fetch GET 200 https://registry.npmjs.org/class-validator 60ms (cache miss)
70 silly packumentCache full:https://registry.npmjs.org/class-validator set size:undefined disposed:false
71 silly fetch manifest reflect-metadata@^0.2.2
72 silly packumentCache full:https://registry.npmjs.org/reflect-metadata cache-miss
73 http fetch GET 200 https://registry.npmjs.org/reflect-metadata 359ms (cache miss)
74 silly packumentCache full:https://registry.npmjs.org/reflect-metadata set size:undefined disposed:false
75 silly fetch manifest rxjs@^7.8.2
76 silly packumentCache full:https://registry.npmjs.org/rxjs cache-miss
77 http fetch GET 200 https://registry.npmjs.org/rxjs 94ms (cache miss)
78 silly packumentCache full:https://registry.npmjs.org/rxjs set size:undefined disposed:false
79 silly fetch manifest @nestjs/config@^4.0.0
80 silly packumentCache full:https://registry.npmjs.org/@nestjs%2fconfig cache-miss
81 http fetch GET 200 https://registry.npmjs.org/@nestjs%2fconfig 537ms (cache miss)
82 silly packumentCache full:https://registry.npmjs.org/@nestjs%2fconfig set size:undefined disposed:false
83 silly fetch manifest @nestjs/core@^11.0.10
84 silly packumentCache full:https://registry.npmjs.org/@nestjs%2fcore cache-miss
85 http fetch GET 200 https://registry.npmjs.org/@nestjs%2fcore 595ms (cache miss)
86 silly packumentCache full:https://registry.npmjs.org/@nestjs%2fcore set size:undefined disposed:false
87 silly fetch manifest @nestjs/microservices@^11.0.0
88 silly packumentCache full:https://registry.npmjs.org/@nestjs%2fmicroservices cache-miss
89 http fetch GET 200 https://registry.npmjs.org/@nestjs%2fmicroservices 473ms (cache miss)
90 silly packumentCache full:https://registry.npmjs.org/@nestjs%2fmicroservices set size:undefined disposed:false
91 silly fetch manifest @grpc/grpc-js@*
92 silly packumentCache full:https://registry.npmjs.org/@grpc%2fgrpc-js cache-miss
93 http fetch GET 200 https://registry.npmjs.org/@grpc%2fgrpc-js 130ms (cache miss)
94 silly packumentCache full:https://registry.npmjs.org/@grpc%2fgrpc-js set size:undefined disposed:false
95 silly fetch manifest @nestjs/websockets@^11.0.0
96 silly packumentCache full:https://registry.npmjs.org/@nestjs%2fwebsockets cache-miss
97 http fetch GET 200 https://registry.npmjs.org/@nestjs%2fwebsockets 726ms (cache miss)
98 silly packumentCache full:https://registry.npmjs.org/@nestjs%2fwebsockets set size:undefined disposed:false
99 silly fetch manifest @nestjs/platform-socket.io@^11.0.0
100 silly packumentCache full:https://registry.npmjs.org/@nestjs%2fplatform-socket.io cache-miss
101 http fetch GET 200 https://registry.npmjs.org/@nestjs%2fplatform-socket.io 813ms (cache miss)
102 silly packumentCache full:https://registry.npmjs.org/@nestjs%2fplatform-socket.io set size:undefined disposed:false
103 silly fetch manifest amqp-connection-manager@*
104 silly packumentCache full:https://registry.npmjs.org/amqp-connection-manager cache-miss
105 http fetch GET 200 https://registry.npmjs.org/amqp-connection-manager 319ms (cache miss)
106 silly packumentCache full:https://registry.npmjs.org/amqp-connection-manager set size:undefined disposed:false
107 silly fetch manifest amqplib@*
108 silly packumentCache full:https://registry.npmjs.org/amqplib cache-miss
109 http fetch GET 200 https://registry.npmjs.org/amqplib 291ms (cache miss)
110 silly packumentCache full:https://registry.npmjs.org/amqplib set size:undefined disposed:false
111 silly fetch manifest cache-manager@*
112 silly packumentCache full:https://registry.npmjs.org/cache-manager cache-miss
113 http fetch GET 200 https://registry.npmjs.org/cache-manager 112ms (cache miss)
114 silly packumentCache full:https://registry.npmjs.org/cache-manager set size:undefined disposed:false
115 silly fetch manifest ioredis@*
116 silly packumentCache full:https://registry.npmjs.org/ioredis cache-miss
117 http fetch GET 200 https://registry.npmjs.org/ioredis 78ms (cache miss)
118 silly packumentCache full:https://registry.npmjs.org/ioredis set size:undefined disposed:false
119 silly fetch manifest kafkajs@*
120 silly packumentCache full:https://registry.npmjs.org/kafkajs cache-miss
121 http fetch GET 200 https://registry.npmjs.org/kafkajs 351ms (cache miss)
122 silly packumentCache full:https://registry.npmjs.org/kafkajs set size:undefined disposed:false
123 silly fetch manifest mqtt@*
124 silly packumentCache full:https://registry.npmjs.org/mqtt cache-miss
125 http fetch GET 200 https://registry.npmjs.org/mqtt 303ms (cache miss)
126 silly packumentCache full:https://registry.npmjs.org/mqtt set size:undefined disposed:false
127 silly fetch manifest nats@*
128 silly packumentCache full:https://registry.npmjs.org/nats cache-miss
129 http fetch GET 200 https://registry.npmjs.org/nats 319ms (cache miss)
130 silly packumentCache full:https://registry.npmjs.org/nats set size:undefined disposed:false
131 silly fetch manifest @nestjs/platform-express@^11.0.10
132 silly packumentCache full:https://registry.npmjs.org/@nestjs%2fplatform-express cache-miss
133 http fetch GET 200 https://registry.npmjs.org/@nestjs%2fplatform-express 788ms (cache miss)
134 silly packumentCache full:https://registry.npmjs.org/@nestjs%2fplatform-express set size:undefined disposed:false
135 silly fetch manifest @nestjs/jwt@^11.0.0
136 silly packumentCache full:https://registry.npmjs.org/@nestjs%2fjwt cache-miss
137 http fetch GET 200 https://registry.npmjs.org/@nestjs%2fjwt 704ms (cache miss)
138 silly packumentCache full:https://registry.npmjs.org/@nestjs%2fjwt set size:undefined disposed:false
139 silly fetch manifest @nestjs/passport@^11.0.5
140 silly packumentCache full:https://registry.npmjs.org/@nestjs%2fpassport cache-miss
141 http fetch GET 200 https://registry.npmjs.org/@nestjs%2fpassport 666ms (cache miss)
142 silly packumentCache full:https://registry.npmjs.org/@nestjs%2fpassport set size:undefined disposed:false
143 silly fetch manifest passport@^0.7.0
144 silly packumentCache full:https://registry.npmjs.org/passport cache-miss
145 http fetch GET 200 https://registry.npmjs.org/passport 420ms (cache miss)
146 silly packumentCache full:https://registry.npmjs.org/passport set size:undefined disposed:false
147 silly fetch manifest @prisma/client@^6.4.1
148 silly packumentCache full:https://registry.npmjs.org/@prisma%2fclient cache-miss
149 http fetch GET 200 https://registry.npmjs.org/@prisma%2fclient 1537ms (cache miss)
150 silly packumentCache full:https://registry.npmjs.org/@prisma%2fclient set size:undefined disposed:false
151 silly fetch manifest prisma@^6.4.1
152 silly packumentCache full:https://registry.npmjs.org/prisma cache-miss
153 http fetch GET 200 https://registry.npmjs.org/prisma 927ms (cache miss)
154 silly packumentCache full:https://registry.npmjs.org/prisma set size:undefined disposed:false
155 silly fetch manifest bcrypt@^5.1.1
156 silly packumentCache full:https://registry.npmjs.org/bcrypt cache-miss
157 http fetch GET 200 https://registry.npmjs.org/bcrypt 68ms (cache miss)
158 silly packumentCache full:https://registry.npmjs.org/bcrypt set size:undefined disposed:false
159 silly fetch manifest multer@^1.4.5-lts.1
160 silly packumentCache full:https://registry.npmjs.org/multer cache-miss
161 http fetch GET 200 https://registry.npmjs.org/multer 59ms (cache miss)
162 silly packumentCache full:https://registry.npmjs.org/multer set size:undefined disposed:false
163 silly fetch manifest passport-jwt@^4.0.1
164 silly packumentCache full:https://registry.npmjs.org/passport-jwt cache-miss
165 http fetch GET 200 https://registry.npmjs.org/passport-jwt 310ms (cache miss)
166 silly packumentCache full:https://registry.npmjs.org/passport-jwt set size:undefined disposed:false
167 silly fetch manifest @nestjs/cli@^11.0.4
168 silly packumentCache full:https://registry.npmjs.org/@nestjs%2fcli cache-miss
169 http fetch GET 200 https://registry.npmjs.org/@nestjs%2fcli 655ms (cache miss)
170 silly packumentCache full:https://registry.npmjs.org/@nestjs%2fcli set size:undefined disposed:false
171 silly fetch manifest @swc/cli@^0.1.62 || ^0.3.0 || ^0.4.0 || ^0.5.0 || ^0.6.0 || ^0.7.0 || ^0.8.0
172 silly packumentCache full:https://registry.npmjs.org/@swc%2fcli cache-miss
173 http fetch GET 200 https://registry.npmjs.org/@swc%2fcli 214ms (cache miss)
174 silly packumentCache full:https://registry.npmjs.org/@swc%2fcli set size:undefined disposed:false
175 silly fetch manifest @swc/core@^1.2.66
176 silly packumentCache full:https://registry.npmjs.org/@swc%2fcore cache-miss
177 http fetch GET 200 https://registry.npmjs.org/@swc%2fcore 152ms (cache miss)
178 silly packumentCache full:https://registry.npmjs.org/@swc%2fcore set size:undefined disposed:false
179 silly fetch manifest @swc/helpers@>=0.5.17
180 silly packumentCache full:https://registry.npmjs.org/@swc%2fhelpers cache-miss
181 http fetch GET 200 https://registry.npmjs.org/@swc%2fhelpers 75ms (cache miss)
182 silly packumentCache full:https://registry.npmjs.org/@swc%2fhelpers set size:undefined disposed:false
183 silly fetch manifest chokidar@^5.0.0
184 silly packumentCache full:https://registry.npmjs.org/chokidar cache-miss
185 http fetch GET 200 https://registry.npmjs.org/chokidar 70ms (cache miss)
186 silly packumentCache full:https://registry.npmjs.org/chokidar set size:undefined disposed:false
187 silly fetch manifest @nestjs/schematics@^11.0.1
188 silly packumentCache full:https://registry.npmjs.org/@nestjs%2fschematics cache-miss
189 http fetch GET 200 https://registry.npmjs.org/@nestjs%2fschematics 778ms (cache miss)
190 silly packumentCache full:https://registry.npmjs.org/@nestjs%2fschematics set size:undefined disposed:false
191 silly fetch manifest prettier@^3.0.0
192 silly packumentCache full:https://registry.npmjs.org/prettier cache-miss
193 http fetch GET 200 https://registry.npmjs.org/prettier 88ms (cache miss)
194 silly packumentCache full:https://registry.npmjs.org/prettier set size:undefined disposed:false
195 silly fetch manifest @nestjs/testing@^11.0.10
196 silly packumentCache full:https://registry.npmjs.org/@nestjs%2ftesting cache-miss
197 http fetch GET 200 https://registry.npmjs.org/@nestjs%2ftesting 266ms (cache miss)
198 silly packumentCache full:https://registry.npmjs.org/@nestjs%2ftesting set size:undefined disposed:false
199 silly fetch manifest @types/bcrypt@^5.0.2
200 silly packumentCache full:https://registry.npmjs.org/@types%2fbcrypt cache-miss
201 http fetch GET 200 https://registry.npmjs.org/@types%2fbcrypt 527ms (cache miss)
202 silly packumentCache full:https://registry.npmjs.org/@types%2fbcrypt set size:undefined disposed:false
203 silly fetch manifest @types/express@^5.0.0
204 silly packumentCache full:https://registry.npmjs.org/@types%2fexpress cache-miss
205 http fetch GET 200 https://registry.npmjs.org/@types%2fexpress 151ms (cache miss)
206 silly packumentCache full:https://registry.npmjs.org/@types%2fexpress set size:undefined disposed:false
207 silly fetch manifest @types/jest@^29.5.14
208 silly packumentCache full:https://registry.npmjs.org/@types%2fjest cache-miss
209 http fetch GET 200 https://registry.npmjs.org/@types%2fjest 87ms (cache miss)
210 silly packumentCache full:https://registry.npmjs.org/@types%2fjest set size:undefined disposed:false
211 silly fetch manifest @types/multer@^1.4.12
212 silly packumentCache full:https://registry.npmjs.org/@types%2fmulter cache-miss
213 http fetch GET 200 https://registry.npmjs.org/@types%2fmulter 348ms (cache miss)
214 silly packumentCache full:https://registry.npmjs.org/@types%2fmulter set size:undefined disposed:false
215 silly fetch manifest @types/node@^22.13.4
216 silly packumentCache full:https://registry.npmjs.org/@types%2fnode cache-miss
217 http fetch GET 200 https://registry.npmjs.org/@types%2fnode 227ms (cache miss)
218 silly packumentCache full:https://registry.npmjs.org/@types%2fnode set size:undefined disposed:false
219 silly fetch manifest @types/passport-jwt@^4.0.1
220 silly packumentCache full:https://registry.npmjs.org/@types%2fpassport-jwt cache-miss
221 http fetch GET 200 https://registry.npmjs.org/@types%2fpassport-jwt 557ms (cache miss)
222 silly packumentCache full:https://registry.npmjs.org/@types%2fpassport-jwt set size:undefined disposed:false
223 silly fetch manifest @types/supertest@^6.0.2
224 silly packumentCache full:https://registry.npmjs.org/@types%2fsupertest cache-miss
225 http fetch GET 200 https://registry.npmjs.org/@types%2fsupertest 528ms (cache miss)
226 silly packumentCache full:https://registry.npmjs.org/@types%2fsupertest set size:undefined disposed:false
227 silly fetch manifest jest@^29.7.0
228 silly packumentCache full:https://registry.npmjs.org/jest cache-miss
229 http fetch GET 200 https://registry.npmjs.org/jest 72ms (cache miss)
230 silly packumentCache full:https://registry.npmjs.org/jest set size:undefined disposed:false
231 silly fetch manifest node-notifier@^8.0.1 || ^9.0.0 || ^10.0.0
232 silly packumentCache full:https://registry.npmjs.org/node-notifier cache-miss
233 http fetch GET 200 https://registry.npmjs.org/node-notifier 58ms (cache miss)
234 silly packumentCache full:https://registry.npmjs.org/node-notifier set size:undefined disposed:false
235 silly fetch manifest source-map-support@^0.5.21
236 silly packumentCache full:https://registry.npmjs.org/source-map-support cache-miss
237 http fetch GET 200 https://registry.npmjs.org/source-map-support 62ms (cache miss)
238 silly packumentCache full:https://registry.npmjs.org/source-map-support set size:undefined disposed:false
239 silly fetch manifest supertest@^7.0.0
240 silly packumentCache full:https://registry.npmjs.org/supertest cache-miss
241 http fetch GET 200 https://registry.npmjs.org/supertest 339ms (cache miss)
242 silly packumentCache full:https://registry.npmjs.org/supertest set size:undefined disposed:false
243 silly fetch manifest ts-jest@^29.2.5
244 silly packumentCache full:https://registry.npmjs.org/ts-jest cache-miss
245 http fetch GET 200 https://registry.npmjs.org/ts-jest 311ms (cache miss)
246 silly packumentCache full:https://registry.npmjs.org/ts-jest set size:undefined disposed:false
247 silly fetch manifest @babel/core@>=7.0.0-beta.0 <8
248 silly packumentCache full:https://registry.npmjs.org/@babel%2fcore cache-miss
249 http fetch GET 200 https://registry.npmjs.org/@babel%2fcore 88ms (cache miss)
250 silly packumentCache full:https://registry.npmjs.org/@babel%2fcore set size:undefined disposed:false
251 silly fetch manifest @jest/transform@^29.0.0 || ^30.0.0
252 silly packumentCache full:https://registry.npmjs.org/@jest%2ftransform cache-miss
253 http fetch GET 200 https://registry.npmjs.org/@jest%2ftransform 86ms (cache miss)
254 silly packumentCache full:https://registry.npmjs.org/@jest%2ftransform set size:undefined disposed:false
255 silly fetch manifest @jest/types@^29.0.0 || ^30.0.0
256 silly packumentCache full:https://registry.npmjs.org/@jest%2ftypes cache-miss
257 http fetch GET 200 https://registry.npmjs.org/@jest%2ftypes 79ms (cache miss)
258 silly packumentCache full:https://registry.npmjs.org/@jest%2ftypes set size:undefined disposed:false
259 silly fetch manifest babel-jest@^29.0.0 || ^30.0.0
260 silly packumentCache full:https://registry.npmjs.org/babel-jest cache-miss
261 http fetch GET 200 https://registry.npmjs.org/babel-jest 402ms (cache miss)
262 silly packumentCache full:https://registry.npmjs.org/babel-jest set size:undefined disposed:false
263 silly fetch manifest jest-util@^29.0.0 || ^30.0.0
264 silly packumentCache full:https://registry.npmjs.org/jest-util cache-miss
265 http fetch GET 200 https://registry.npmjs.org/jest-util 336ms (cache miss)
266 silly packumentCache full:https://registry.npmjs.org/jest-util set size:undefined disposed:false
267 silly fetch manifest ts-loader@^9.5.2
268 silly packumentCache full:https://registry.npmjs.org/ts-loader cache-miss
269 http fetch GET 200 https://registry.npmjs.org/ts-loader 329ms (cache miss)
270 silly packumentCache full:https://registry.npmjs.org/ts-loader set size:undefined disposed:false
271 silly fetch manifest loader-utils@*
272 silly packumentCache full:https://registry.npmjs.org/loader-utils cache-miss
273 http fetch GET 200 https://registry.npmjs.org/loader-utils 69ms (cache miss)
274 silly packumentCache full:https://registry.npmjs.org/loader-utils set size:undefined disposed:false
275 silly fetch manifest webpack@^4.0.0 || ^5.0.0
276 silly packumentCache full:https://registry.npmjs.org/webpack cache-miss
277 http fetch GET 200 https://registry.npmjs.org/webpack 363ms (cache miss)
278 silly packumentCache full:https://registry.npmjs.org/webpack set size:undefined disposed:false
279 silly fetch manifest ts-node@^10.9.2
280 silly packumentCache full:https://registry.npmjs.org/ts-node cache-miss
281 http fetch GET 200 https://registry.npmjs.org/ts-node 79ms (cache miss)
282 silly packumentCache full:https://registry.npmjs.org/ts-node set size:undefined disposed:false
283 silly fetch manifest @swc/core@>=1.2.50
284 silly packumentCache full:https://registry.npmjs.org/@swc%2fcore cache-miss
285 http cache https://registry.npmjs.org/@swc%2fcore 8ms (cache hit)
286 silly packumentCache full:https://registry.npmjs.org/@swc%2fcore set size:4086634 disposed:false
287 silly fetch manifest @swc/wasm@>=1.2.50
288 silly packumentCache full:https://registry.npmjs.org/@swc%2fwasm cache-miss
289 http fetch GET 200 https://registry.npmjs.org/@swc%2fwasm 144ms (cache miss)
290 silly packumentCache full:https://registry.npmjs.org/@swc%2fwasm set size:undefined disposed:false
291 silly fetch manifest tsconfig-paths@^4.2.0
292 silly packumentCache full:https://registry.npmjs.org/tsconfig-paths cache-miss
293 http fetch GET 200 https://registry.npmjs.org/tsconfig-paths 63ms (cache miss)
294 silly packumentCache full:https://registry.npmjs.org/tsconfig-paths set size:undefined disposed:false
295 silly placeDep ROOT @nestjs/cli@11.0.24 OK for: @globetrotter/api@1.0.0 want: ^11.0.4
296 silly placeDep ROOT @nestjs/common@11.2.1 OK for: @globetrotter/api@1.0.0 want: ^11.0.10
297 silly placeDep ROOT rxjs@7.8.2 OK for: @nestjs/common@11.2.1 want: ^7.1.0
298 silly placeDep ROOT reflect-metadata@0.2.2 OK for: @nestjs/common@11.2.1 want: ^0.1.12 || ^0.2.0
299 silly placeDep ROOT @nestjs/config@4.0.4 OK for: @globetrotter/api@1.0.0 want: ^4.0.0
300 silly placeDep ROOT @nestjs/core@11.2.1 OK for: @globetrotter/api@1.0.0 want: ^11.0.10
301 silly placeDep ROOT @nestjs/jwt@11.0.2 OK for: @globetrotter/api@1.0.0 want: ^11.0.0
302 silly placeDep ROOT @nestjs/passport@11.0.5 OK for: @globetrotter/api@1.0.0 want: ^11.0.5
303 silly placeDep ROOT passport@0.7.0 OK for: @nestjs/passport@11.0.5 want: ^0.5.0 || ^0.6.0 || ^0.7.0
304 silly placeDep ROOT @nestjs/platform-express@11.2.1 OK for: @globetrotter/api@1.0.0 want: ^11.0.10
305 silly placeDep ROOT @nestjs/schematics@11.1.0 OK for: @globetrotter/api@1.0.0 want: ^11.0.1
306 silly placeDep ROOT @nestjs/testing@11.2.1 OK for: @globetrotter/api@1.0.0 want: ^11.0.10
307 silly placeDep ROOT @prisma/client@6.19.3 OK for: @globetrotter/api@1.0.0 want: ^6.4.1
308 silly placeDep ROOT @types/bcrypt@5.0.2 OK for: @globetrotter/api@1.0.0 want: ^5.0.2
309 silly placeDep ROOT @types/express@5.0.6 OK for: @globetrotter/api@1.0.0 want: ^5.0.0
310 silly placeDep ROOT @types/jest@29.5.14 OK for: @globetrotter/api@1.0.0 want: ^29.5.14
311 silly placeDep ROOT @types/multer@1.4.13 OK for: @globetrotter/api@1.0.0 want: ^1.4.12
312 silly placeDep ROOT @types/node@22.20.1 OK for: @globetrotter/api@1.0.0 want: ^22.13.4
313 silly placeDep ROOT @types/passport-jwt@4.0.1 OK for: @globetrotter/api@1.0.0 want: ^4.0.1
314 silly placeDep ROOT @types/supertest@6.0.3 OK for: @globetrotter/api@1.0.0 want: ^6.0.2
315 silly placeDep ROOT bcrypt@5.1.1 OK for: @globetrotter/api@1.0.0 want: ^5.1.1
316 silly placeDep ROOT class-transformer@0.5.1 OK for: @globetrotter/api@1.0.0 want: ^0.5.1
317 silly placeDep ROOT class-validator@0.14.4 OK for: @globetrotter/api@1.0.0 want: ^0.14.1
318 silly placeDep ROOT jest@29.7.0 OK for: @globetrotter/api@1.0.0 want: ^29.7.0
319 silly placeDep ROOT multer@1.4.5-lts.2 OK for: @globetrotter/api@1.0.0 want: ^1.4.5-lts.1
320 silly placeDep ROOT passport-jwt@4.0.1 OK for: @globetrotter/api@1.0.0 want: ^4.0.1
321 silly placeDep ROOT prisma@6.19.3 OK for: @globetrotter/api@1.0.0 want: ^6.4.1
322 silly placeDep ROOT source-map-support@0.5.21 OK for: @globetrotter/api@1.0.0 want: ^0.5.21
323 silly placeDep ROOT supertest@7.2.2 OK for: @globetrotter/api@1.0.0 want: ^7.0.0
324 silly placeDep ROOT ts-jest@29.4.12 OK for: @globetrotter/api@1.0.0 want: ^29.2.5
325 silly placeDep ROOT ts-loader@9.6.2 OK for: @globetrotter/api@1.0.0 want: ^9.5.2
326 silly placeDep ROOT webpack@5.109.2 OK for: ts-loader@9.6.2 want: ^4.0.0 || ^5.0.0
327 silly placeDep ROOT ts-node@10.9.2 OK for: @globetrotter/api@1.0.0 want: ^10.9.2
328 silly placeDep ROOT tsconfig-paths@4.2.0 OK for: @globetrotter/api@1.0.0 want: ^4.2.0
329 silly fetch manifest @angular-devkit/core@19.2.27
330 silly packumentCache full:https://registry.npmjs.org/@angular-devkit%2fcore cache-miss
331 silly fetch manifest @angular-devkit/schematics@19.2.27
332 silly packumentCache full:https://registry.npmjs.org/@angular-devkit%2fschematics cache-miss
333 silly fetch manifest @angular-devkit/schematics-cli@19.2.27
334 silly packumentCache full:https://registry.npmjs.org/@angular-devkit%2fschematics-cli cache-miss
335 silly fetch manifest @inquirer/prompts@7.10.1
336 silly packumentCache full:https://registry.npmjs.org/@inquirer%2fprompts cache-miss
337 silly fetch manifest ansis@4.2.0
338 silly packumentCache full:https://registry.npmjs.org/ansis cache-miss
339 silly fetch manifest chokidar@4.0.3
340 silly packumentCache full:https://registry.npmjs.org/chokidar cache-miss
341 silly fetch manifest cli-table3@0.6.5
342 silly packumentCache full:https://registry.npmjs.org/cli-table3 cache-miss
343 http cache https://registry.npmjs.org/chokidar 3ms (cache hit)
344 silly packumentCache full:https://registry.npmjs.org/chokidar set size:255902 disposed:false
345 silly fetch manifest commander@4.1.1
346 silly packumentCache full:https://registry.npmjs.org/commander cache-miss
347 http fetch GET 200 https://registry.npmjs.org/cli-table3 55ms (cache miss)
348 silly packumentCache full:https://registry.npmjs.org/cli-table3 set size:undefined disposed:false
349 silly fetch manifest fork-ts-checker-webpack-plugin@9.1.0
350 silly packumentCache full:https://registry.npmjs.org/fork-ts-checker-webpack-plugin cache-miss
351 http fetch GET 200 https://registry.npmjs.org/ansis 56ms (cache miss)
352 silly packumentCache full:https://registry.npmjs.org/ansis set size:undefined disposed:false
353 silly fetch manifest glob@13.0.6
354 silly packumentCache full:https://registry.npmjs.org/glob cache-miss
355 http fetch GET 200 https://registry.npmjs.org/@inquirer%2fprompts 62ms (cache miss)
356 silly packumentCache full:https://registry.npmjs.org/@inquirer%2fprompts set size:undefined disposed:false
357 silly fetch manifest node-emoji@1.11.0
358 silly packumentCache full:https://registry.npmjs.org/node-emoji cache-miss
359 http fetch GET 200 https://registry.npmjs.org/node-emoji 53ms (cache miss)
360 silly packumentCache full:https://registry.npmjs.org/node-emoji set size:undefined disposed:false
361 silly fetch manifest ora@5.4.1
362 silly packumentCache full:https://registry.npmjs.org/ora cache-miss
363 http fetch GET 200 https://registry.npmjs.org/glob 80ms (cache miss)
364 silly packumentCache full:https://registry.npmjs.org/glob set size:undefined disposed:false
365 silly fetch manifest tsconfig-paths@4.2.0
366 silly packumentCache full:https://registry.npmjs.org/tsconfig-paths cache-miss
367 http fetch GET 200 https://registry.npmjs.org/fork-ts-checker-webpack-plugin 85ms (cache miss)
368 silly packumentCache full:https://registry.npmjs.org/fork-ts-checker-webpack-plugin set size:undefined disposed:false
369 silly fetch manifest tsconfig-paths-webpack-plugin@4.2.0
370 silly packumentCache full:https://registry.npmjs.org/tsconfig-paths-webpack-plugin cache-miss
371 http cache https://registry.npmjs.org/tsconfig-paths 6ms (cache hit)
372 silly packumentCache full:https://registry.npmjs.org/tsconfig-paths set size:192565 disposed:false
373 silly fetch manifest webpack@5.106.2
374 silly packumentCache full:https://registry.npmjs.org/webpack cache-miss
375 http cache https://registry.npmjs.org/webpack 7ms (cache hit)
376 silly packumentCache full:https://registry.npmjs.org/webpack set size:5125589 disposed:false
377 silly fetch manifest webpack-node-externals@3.0.0
378 silly packumentCache full:https://registry.npmjs.org/webpack-node-externals cache-miss
379 http fetch GET 200 https://registry.npmjs.org/ora 66ms (cache miss)
380 silly packumentCache full:https://registry.npmjs.org/ora set size:undefined disposed:false
381 silly fetch manifest uid@2.0.2
382 silly packumentCache full:https://registry.npmjs.org/uid cache-miss
383 http fetch GET 200 https://registry.npmjs.org/tsconfig-paths-webpack-plugin 61ms (cache miss)
384 silly packumentCache full:https://registry.npmjs.org/tsconfig-paths-webpack-plugin set size:undefined disposed:false
385 silly fetch manifest tslib@2.8.1
386 silly packumentCache full:https://registry.npmjs.org/tslib cache-miss
387 http fetch GET 200 https://registry.npmjs.org/commander 233ms (cache miss)
388 silly packumentCache full:https://registry.npmjs.org/commander set size:undefined disposed:false
389 silly fetch manifest iterare@1.2.1
390 silly packumentCache full:https://registry.npmjs.org/iterare cache-miss
391 http fetch GET 200 https://registry.npmjs.org/tslib 56ms (cache miss)
392 silly packumentCache full:https://registry.npmjs.org/tslib set size:undefined disposed:false
393 silly fetch manifest load-esm@1.0.3
394 silly packumentCache full:https://registry.npmjs.org/load-esm cache-miss
395 http fetch GET 200 https://registry.npmjs.org/load-esm 46ms (cache miss)
396 silly packumentCache full:https://registry.npmjs.org/load-esm set size:undefined disposed:false
397 silly fetch manifest file-type@21.3.4
398 silly packumentCache full:https://registry.npmjs.org/file-type cache-miss
399 http fetch GET 200 https://registry.npmjs.org/file-type 65ms (cache miss)
400 silly packumentCache full:https://registry.npmjs.org/file-type set size:undefined disposed:false
401 silly fetch manifest tslib@^2.1.0
402 silly packumentCache full:https://registry.npmjs.org/tslib cache-miss
403 http cache https://registry.npmjs.org/tslib 2ms (cache hit)
404 silly packumentCache full:https://registry.npmjs.org/tslib set size:108843 disposed:false
405 silly fetch manifest dotenv@17.4.1
406 silly packumentCache full:https://registry.npmjs.org/dotenv cache-miss
407 http fetch GET 200 https://registry.npmjs.org/dotenv 72ms (cache miss)
408 silly packumentCache full:https://registry.npmjs.org/dotenv set size:undefined disposed:false
409 silly fetch manifest lodash@4.18.1
410 silly packumentCache full:https://registry.npmjs.org/lodash cache-miss
411 http fetch GET 200 https://registry.npmjs.org/uid 285ms (cache miss)
412 silly packumentCache full:https://registry.npmjs.org/uid set size:undefined disposed:false
413 silly fetch manifest dotenv-expand@12.0.3
414 silly packumentCache full:https://registry.npmjs.org/dotenv-expand cache-miss
415 http fetch GET 200 https://registry.npmjs.org/@angular-devkit%2fschematics-cli 474ms (cache miss)
416 silly packumentCache full:https://registry.npmjs.org/@angular-devkit%2fschematics-cli set size:undefined disposed:false
417 silly fetch manifest iterare@1.2.1
418 silly packumentCache full:https://registry.npmjs.org/iterare cache-miss
419 http fetch GET 200 https://registry.npmjs.org/webpack-node-externals 306ms (cache miss)
420 silly packumentCache full:https://registry.npmjs.org/webpack-node-externals set size:undefined disposed:false
421 silly fetch manifest path-to-regexp@8.4.2
422 silly packumentCache full:https://registry.npmjs.org/path-to-regexp cache-miss
423 http fetch GET 200 https://registry.npmjs.org/dotenv-expand 50ms (cache miss)
424 silly packumentCache full:https://registry.npmjs.org/dotenv-expand set size:undefined disposed:false
425 silly fetch manifest fast-safe-stringify@2.1.1
426 silly packumentCache full:https://registry.npmjs.org/fast-safe-stringify cache-miss
427 http fetch GET 200 https://registry.npmjs.org/lodash 62ms (cache miss)
428 silly packumentCache full:https://registry.npmjs.org/lodash set size:undefined disposed:false
429 silly fetch manifest @types/jsonwebtoken@9.0.10
430 silly packumentCache full:https://registry.npmjs.org/@types%2fjsonwebtoken cache-miss
431 http fetch GET 200 https://registry.npmjs.org/iterare 294ms (cache miss)
432 silly packumentCache full:https://registry.npmjs.org/iterare set size:undefined disposed:false
433 silly fetch manifest jsonwebtoken@9.0.3
434 silly packumentCache full:https://registry.npmjs.org/jsonwebtoken cache-miss
435 http fetch GET 200 https://registry.npmjs.org/path-to-regexp 58ms (cache miss)
436 silly packumentCache full:https://registry.npmjs.org/path-to-regexp set size:undefined disposed:false
437 silly fetch manifest pause@0.0.1
438 silly packumentCache full:https://registry.npmjs.org/pause cache-miss
439 http fetch GET 200 https://registry.npmjs.org/fast-safe-stringify 53ms (cache miss)
440 silly packumentCache full:https://registry.npmjs.org/fast-safe-stringify set size:undefined disposed:false
441 silly fetch manifest utils-merge@^1.0.1
442 silly packumentCache full:https://registry.npmjs.org/utils-merge cache-miss
443 http fetch GET 200 https://registry.npmjs.org/@types%2fjsonwebtoken 60ms (cache miss)
444 silly packumentCache full:https://registry.npmjs.org/@types%2fjsonwebtoken set size:undefined disposed:false
445 silly fetch manifest passport-strategy@1.x.x
446 silly packumentCache full:https://registry.npmjs.org/passport-strategy cache-miss
447 http fetch GET 200 https://registry.npmjs.org/jsonwebtoken 64ms (cache miss)
448 silly packumentCache full:https://registry.npmjs.org/jsonwebtoken set size:undefined disposed:false
449 silly fetch manifest cors@2.8.6
450 silly packumentCache full:https://registry.npmjs.org/cors cache-miss
451 http fetch GET 200 https://registry.npmjs.org/pause 57ms (cache miss)
452 silly packumentCache full:https://registry.npmjs.org/pause set size:undefined disposed:false
453 silly fetch manifest multer@2.2.0
454 silly packumentCache full:https://registry.npmjs.org/multer cache-miss
455 http cache https://registry.npmjs.org/multer 2ms (cache hit)
456 silly packumentCache full:https://registry.npmjs.org/multer set size:156441 disposed:false
457 silly fetch manifest express@5.2.1
458 silly packumentCache full:https://registry.npmjs.org/express cache-miss
459 http fetch GET 200 https://registry.npmjs.org/utils-merge 51ms (cache miss)
460 silly packumentCache full:https://registry.npmjs.org/utils-merge set size:undefined disposed:false
461 silly fetch manifest pluralize@8.0.0
462 silly packumentCache full:https://registry.npmjs.org/pluralize cache-miss
463 http fetch GET 200 https://registry.npmjs.org/@angular-devkit%2fcore 630ms (cache miss)
464 silly packumentCache full:https://registry.npmjs.org/@angular-devkit%2fcore set size:undefined disposed:false
465 silly fetch manifest comment-json@5.0.0
466 silly packumentCache full:https://registry.npmjs.org/comment-json cache-miss
467 http fetch GET 200 https://registry.npmjs.org/passport-strategy 57ms (cache miss)
468 silly packumentCache full:https://registry.npmjs.org/passport-strategy set size:undefined disposed:false
469 silly fetch manifest jsonc-parser@3.3.1
470 silly packumentCache full:https://registry.npmjs.org/jsonc-parser cache-miss
471 http fetch GET 200 https://registry.npmjs.org/cors 49ms (cache miss)
472 silly packumentCache full:https://registry.npmjs.org/cors set size:undefined disposed:false
473 silly fetch manifest @angular-devkit/core@19.2.24
474 silly packumentCache full:https://registry.npmjs.org/@angular-devkit%2fcore cache-miss
475 http cache https://registry.npmjs.org/@angular-devkit%2fcore 4ms (cache hit)
476 silly packumentCache full:https://registry.npmjs.org/@angular-devkit%2fcore set size:2462085 disposed:false
477 silly fetch manifest @angular-devkit/schematics@19.2.24
478 silly packumentCache full:https://registry.npmjs.org/@angular-devkit%2fschematics cache-miss
479 http fetch GET 200 https://registry.npmjs.org/express 92ms (cache miss)
480 silly packumentCache full:https://registry.npmjs.org/express set size:undefined disposed:false
481 silly fetch manifest @types/node@*
482 silly packumentCache full:https://registry.npmjs.org/@types%2fnode cache-miss
483 http fetch GET 200 https://registry.npmjs.org/jsonc-parser 62ms (cache miss)
484 silly packumentCache full:https://registry.npmjs.org/jsonc-parser set size:undefined disposed:false
485 silly fetch manifest @types/body-parser@*
486 silly packumentCache full:https://registry.npmjs.org/@types%2fbody-parser cache-miss
487 http cache https://registry.npmjs.org/@types%2fnode 17ms (cache hit)
488 silly packumentCache full:https://registry.npmjs.org/@types%2fnode set size:11088606 disposed:false
489 silly fetch manifest @types/serve-static@^2
490 silly packumentCache full:https://registry.npmjs.org/@types%2fserve-static cache-miss
491 http fetch GET 200 https://registry.npmjs.org/iterare 285ms (cache miss)
492 silly packumentCache full:https://registry.npmjs.org/iterare set size:undefined disposed:false
493 silly fetch manifest @types/express-serve-static-core@^5.0.0
494 silly packumentCache full:https://registry.npmjs.org/@types%2fexpress-serve-static-core cache-miss
495 http fetch GET 200 https://registry.npmjs.org/@types%2fbody-parser 69ms (cache miss)
496 silly packumentCache full:https://registry.npmjs.org/@types%2fbody-parser set size:undefined disposed:false
497 silly fetch manifest expect@^29.0.0
498 silly packumentCache full:https://registry.npmjs.org/expect cache-miss
499 http fetch GET 200 https://registry.npmjs.org/@angular-devkit%2fschematics 832ms (cache miss)
500 silly packumentCache full:https://registry.npmjs.org/@angular-devkit%2fschematics set size:undefined disposed:false
501 silly fetch manifest pretty-format@^29.0.0
502 silly packumentCache full:https://registry.npmjs.org/pretty-format cache-miss
503 http fetch GET 200 https://registry.npmjs.org/@types%2fexpress-serve-static-core 74ms (cache miss)
504 silly packumentCache full:https://registry.npmjs.org/@types%2fexpress-serve-static-core set size:undefined disposed:false
505 silly fetch manifest undici-types@~6.21.0
506 silly packumentCache full:https://registry.npmjs.org/undici-types cache-miss
507 http fetch GET 200 https://registry.npmjs.org/undici-types 52ms (cache miss)
508 silly packumentCache full:https://registry.npmjs.org/undici-types set size:undefined disposed:false
509 silly fetch manifest @types/jsonwebtoken@*
510 silly packumentCache full:https://registry.npmjs.org/@types%2fjsonwebtoken cache-miss
511 http cache https://registry.npmjs.org/@types%2fjsonwebtoken 2ms (cache hit)
512 silly packumentCache full:https://registry.npmjs.org/@types%2fjsonwebtoken set size:129919 disposed:false
513 silly fetch manifest @types/passport-strategy@*
514 silly packumentCache full:https://registry.npmjs.org/@types%2fpassport-strategy cache-miss
515 http fetch GET 200 https://registry.npmjs.org/pretty-format 67ms (cache miss)
516 silly packumentCache full:https://registry.npmjs.org/pretty-format set size:undefined disposed:false
517 silly fetch manifest @types/methods@^1.1.4
518 silly packumentCache full:https://registry.npmjs.org/@types%2fmethods cache-miss
519 http fetch GET 200 https://registry.npmjs.org/pluralize 296ms (cache miss)
520 silly packumentCache full:https://registry.npmjs.org/pluralize set size:undefined disposed:false
521 silly fetch manifest @types/superagent@^8.1.0
522 silly packumentCache full:https://registry.npmjs.org/@types%2fsuperagent cache-miss
523 http fetch GET 200 https://registry.npmjs.org/comment-json 288ms (cache miss)
524 silly packumentCache full:https://registry.npmjs.org/comment-json set size:undefined disposed:false
525 silly fetch manifest node-addon-api@^5.0.0
526 silly packumentCache full:https://registry.npmjs.org/node-addon-api cache-miss
527 http fetch GET 200 https://registry.npmjs.org/@types%2fmethods 44ms (cache miss)
528 silly packumentCache full:https://registry.npmjs.org/@types%2fmethods set size:undefined disposed:false
529 silly fetch manifest @mapbox/node-pre-gyp@^1.0.11
530 silly packumentCache full:https://registry.npmjs.org/@mapbox%2fnode-pre-gyp cache-miss
531 http fetch GET 200 https://registry.npmjs.org/node-addon-api 46ms (cache miss)
532 silly packumentCache full:https://registry.npmjs.org/node-addon-api set size:undefined disposed:false
533 silly fetch manifest validator@^13.15.22
534 silly packumentCache full:https://registry.npmjs.org/validator cache-miss
535 http fetch GET 200 https://registry.npmjs.org/validator 56ms (cache miss)
536 silly packumentCache full:https://registry.npmjs.org/validator set size:undefined disposed:false
537 silly fetch manifest @types/validator@^13.15.3
538 silly packumentCache full:https://registry.npmjs.org/@types%2fvalidator cache-miss
539 http fetch GET 200 https://registry.npmjs.org/@types%2fserve-static 283ms (cache miss)
540 silly packumentCache full:https://registry.npmjs.org/@types%2fserve-static set size:undefined disposed:false
541 silly fetch manifest libphonenumber-js@^1.11.1
542 silly packumentCache full:https://registry.npmjs.org/libphonenumber-js cache-miss
543 http fetch GET 200 https://registry.npmjs.org/expect 316ms (cache miss)
544 silly packumentCache full:https://registry.npmjs.org/expect set size:undefined disposed:false
545 silly fetch manifest jest-cli@^29.7.0
546 silly packumentCache full:https://registry.npmjs.org/jest-cli cache-miss
547 http fetch GET 200 https://registry.npmjs.org/libphonenumber-js 111ms (cache miss)
548 silly packumentCache full:https://registry.npmjs.org/libphonenumber-js set size:undefined disposed:false
549 silly fetch manifest @jest/core@^29.7.0
550 silly packumentCache full:https://registry.npmjs.org/@jest%2fcore cache-miss
551 http fetch GET 200 https://registry.npmjs.org/jest-cli 101ms (cache miss)
552 silly packumentCache full:https://registry.npmjs.org/jest-cli set size:undefined disposed:false
553 silly fetch manifest @jest/types@^29.6.3
554 silly packumentCache full:https://registry.npmjs.org/@jest%2ftypes cache-miss
555 http cache https://registry.npmjs.org/@jest%2ftypes 2ms (cache hit)
556 silly packumentCache full:https://registry.npmjs.org/@jest%2ftypes set size:292365 disposed:false
557 silly fetch manifest import-local@^3.0.2
558 silly packumentCache full:https://registry.npmjs.org/import-local cache-miss
559 http fetch GET 200 https://registry.npmjs.org/@types%2fsuperagent 308ms (cache miss)
560 silly packumentCache full:https://registry.npmjs.org/@types%2fsuperagent set size:undefined disposed:false
561 silly fetch manifest xtend@^4.0.0
562 silly packumentCache full:https://registry.npmjs.org/xtend cache-miss
563 http fetch GET 200 https://registry.npmjs.org/@jest%2fcore 79ms (cache miss)
564 silly packumentCache full:https://registry.npmjs.org/@jest%2fcore set size:undefined disposed:false
565 silly fetch manifest busboy@^1.0.0
566 silly packumentCache full:https://registry.npmjs.org/busboy cache-miss
567 http fetch GET 200 https://registry.npmjs.org/import-local 54ms (cache miss)
568 silly packumentCache full:https://registry.npmjs.org/import-local set size:undefined disposed:false
569 silly fetch manifest mkdirp@^0.5.4
570 silly packumentCache full:https://registry.npmjs.org/mkdirp cache-miss
571 http fetch GET 200 https://registry.npmjs.org/@angular-devkit%2fschematics 614ms (cache miss)
572 silly packumentCache full:https://registry.npmjs.org/@angular-devkit%2fschematics set size:undefined disposed:false
573 silly fetch manifest type-is@^1.6.4
574 silly packumentCache full:https://registry.npmjs.org/type-is cache-miss
575 http fetch GET 200 https://registry.npmjs.org/xtend 54ms (cache miss)
576 silly packumentCache full:https://registry.npmjs.org/xtend set size:undefined disposed:false
577 silly fetch manifest append-field@^1.0.0
578 silly packumentCache full:https://registry.npmjs.org/append-field cache-miss
579 http fetch GET 200 https://registry.npmjs.org/mkdirp 64ms (cache miss)
580 silly packumentCache full:https://registry.npmjs.org/mkdirp set size:undefined disposed:false
581 silly fetch manifest concat-stream@^1.5.2
582 silly packumentCache full:https://registry.npmjs.org/concat-stream cache-miss
583 http fetch GET 200 https://registry.npmjs.org/type-is 47ms (cache miss)
584 silly packumentCache full:https://registry.npmjs.org/type-is set size:undefined disposed:false
585 silly fetch manifest object-assign@^4.1.1
586 silly packumentCache full:https://registry.npmjs.org/object-assign cache-miss
587 http fetch GET 200 https://registry.npmjs.org/object-assign 55ms (cache miss)
588 silly packumentCache full:https://registry.npmjs.org/object-assign set size:undefined disposed:false
589 silly fetch manifest jsonwebtoken@^9.0.0
590 silly packumentCache full:https://registry.npmjs.org/jsonwebtoken cache-miss
591 http cache https://registry.npmjs.org/jsonwebtoken 2ms (cache hit)
592 silly packumentCache full:https://registry.npmjs.org/jsonwebtoken set size:183413 disposed:false
593 silly fetch manifest passport-strategy@^1.0.0
594 silly packumentCache full:https://registry.npmjs.org/passport-strategy cache-miss
595 http fetch GET 200 https://registry.npmjs.org/concat-stream 67ms (cache miss)
596 silly packumentCache full:https://registry.npmjs.org/concat-stream set size:undefined disposed:false
597 silly fetch manifest @prisma/config@6.19.3
598 silly packumentCache full:https://registry.npmjs.org/@prisma%2fconfig cache-miss
599 http cache https://registry.npmjs.org/passport-strategy 2ms (cache hit)
600 silly packumentCache full:https://registry.npmjs.org/passport-strategy set size:5677 disposed:false
601 silly fetch manifest @prisma/engines@6.19.3
602 silly packumentCache full:https://registry.npmjs.org/@prisma%2fengines cache-miss
603 http fetch GET 200 https://registry.npmjs.org/@types%2fpassport-strategy 502ms (cache miss)
604 silly packumentCache full:https://registry.npmjs.org/@types%2fpassport-strategy set size:undefined disposed:false
605 silly fetch manifest buffer-from@^1.0.0
606 silly packumentCache full:https://registry.npmjs.org/buffer-from cache-miss
607 http fetch GET 200 https://registry.npmjs.org/buffer-from 46ms (cache miss)
608 silly packumentCache full:https://registry.npmjs.org/buffer-from set size:undefined disposed:false
609 silly fetch manifest source-map@^0.6.0
610 silly packumentCache full:https://registry.npmjs.org/source-map cache-miss
611 http fetch GET 200 https://registry.npmjs.org/@mapbox%2fnode-pre-gyp 528ms (cache miss)
612 silly packumentCache full:https://registry.npmjs.org/@mapbox%2fnode-pre-gyp set size:undefined disposed:false
613 silly fetch manifest methods@^1.1.2
614 silly packumentCache full:https://registry.npmjs.org/methods cache-miss
615 http fetch GET 200 https://registry.npmjs.org/source-map 51ms (cache miss)
616 silly packumentCache full:https://registry.npmjs.org/source-map set size:undefined disposed:false
617 silly fetch manifest superagent@^10.3.0
618 silly packumentCache full:https://registry.npmjs.org/superagent cache-miss
619 http fetch GET 200 https://registry.npmjs.org/methods 55ms (cache miss)
620 silly packumentCache full:https://registry.npmjs.org/methods set size:undefined disposed:false
621 silly fetch manifest cookie-signature@^1.2.2
622 silly packumentCache full:https://registry.npmjs.org/cookie-signature cache-miss
623 http fetch GET 200 https://registry.npmjs.org/busboy 286ms (cache miss)
624 silly packumentCache full:https://registry.npmjs.org/busboy set size:undefined disposed:false
625 silly fetch manifest bs-logger@^0.2.6
626 silly packumentCache full:https://registry.npmjs.org/bs-logger cache-miss
627 http fetch GET 200 https://registry.npmjs.org/append-field 289ms (cache miss)
628 silly packumentCache full:https://registry.npmjs.org/append-field set size:undefined disposed:false
629 silly fetch manifest fast-json-stable-stringify@^2.1.0
630 silly packumentCache full:https://registry.npmjs.org/fast-json-stable-stringify cache-miss
631 http fetch GET 200 https://registry.npmjs.org/@types%2fvalidator 544ms (cache miss)
632 silly packumentCache full:https://registry.npmjs.org/@types%2fvalidator set size:undefined disposed:false
633 silly fetch manifest handlebars@^4.7.9
634 silly packumentCache full:https://registry.npmjs.org/handlebars cache-miss
635 http fetch GET 200 https://registry.npmjs.org/superagent 76ms (cache miss)
636 silly packumentCache full:https://registry.npmjs.org/superagent set size:undefined disposed:false
637 silly fetch manifest json5@^2.2.3
638 silly packumentCache full:https://registry.npmjs.org/json5 cache-miss
639 http fetch GET 200 https://registry.npmjs.org/cookie-signature 53ms (cache miss)
640 silly packumentCache full:https://registry.npmjs.org/cookie-signature set size:undefined disposed:false
641 silly fetch manifest lodash.memoize@^4.1.2
642 silly packumentCache full:https://registry.npmjs.org/lodash.memoize cache-miss
643 http fetch GET 200 https://registry.npmjs.org/bs-logger 53ms (cache miss)
644 silly packumentCache full:https://registry.npmjs.org/bs-logger set size:undefined disposed:false
645 silly fetch manifest make-error@^1.3.6
646 silly packumentCache full:https://registry.npmjs.org/make-error cache-miss
647 http fetch GET 200 https://registry.npmjs.org/fast-json-stable-stringify 44ms (cache miss)
648 silly packumentCache full:https://registry.npmjs.org/fast-json-stable-stringify set size:undefined disposed:false
649 silly fetch manifest semver@^7.8.5
650 silly packumentCache full:https://registry.npmjs.org/semver cache-miss
651 http fetch GET 200 https://registry.npmjs.org/json5 50ms (cache miss)
652 silly packumentCache full:https://registry.npmjs.org/json5 set size:undefined disposed:false
653 silly fetch manifest type-fest@^4.41.0
654 silly packumentCache full:https://registry.npmjs.org/type-fest cache-miss
655 http fetch GET 200 https://registry.npmjs.org/lodash.memoize 46ms (cache miss)
656 silly packumentCache full:https://registry.npmjs.org/lodash.memoize set size:undefined disposed:false
657 silly fetch manifest yargs-parser@^21.1.1
658 silly packumentCache full:https://registry.npmjs.org/yargs-parser cache-miss
659 http fetch GET 200 https://registry.npmjs.org/semver 60ms (cache miss)
660 silly packumentCache full:https://registry.npmjs.org/semver set size:undefined disposed:false
661 silly fetch manifest chalk@^4.1.0
662 silly packumentCache full:https://registry.npmjs.org/chalk cache-miss
663 http fetch GET 200 https://registry.npmjs.org/yargs-parser 50ms (cache miss)
664 silly packumentCache full:https://registry.npmjs.org/yargs-parser set size:undefined disposed:false
665 silly fetch manifest picomatch@^4.0.0
666 silly packumentCache full:https://registry.npmjs.org/picomatch cache-miss
667 http fetch GET 200 https://registry.npmjs.org/type-fest 74ms (cache miss)
668 silly packumentCache full:https://registry.npmjs.org/type-fest set size:undefined disposed:false
669 silly fetch manifest source-map@^0.7.4
670 silly packumentCache full:https://registry.npmjs.org/source-map cache-miss
671 http cache https://registry.npmjs.org/source-map 2ms (cache hit)
672 silly packumentCache full:https://registry.npmjs.org/source-map set size:231637 disposed:false
673 silly fetch manifest acorn@^8.16.0
674 silly packumentCache full:https://registry.npmjs.org/acorn cache-miss
675 http fetch GET 200 https://registry.npmjs.org/chalk 51ms (cache miss)
676 silly packumentCache full:https://registry.npmjs.org/chalk set size:undefined disposed:false
677 silly fetch manifest events@^3.2.0
678 silly packumentCache full:https://registry.npmjs.org/events cache-miss
679 http fetch GET 200 https://registry.npmjs.org/picomatch 52ms (cache miss)
680 silly packumentCache full:https://registry.npmjs.org/picomatch set size:undefined disposed:false
681 silly fetch manifest mime-db@^1.54.0
682 silly packumentCache full:https://registry.npmjs.org/mime-db cache-miss
683 http fetch GET 200 https://registry.npmjs.org/acorn 62ms (cache miss)
684 silly packumentCache full:https://registry.npmjs.org/acorn set size:undefined disposed:false
685 silly fetch manifest tapable@^2.3.0
686 silly packumentCache full:https://registry.npmjs.org/tapable cache-miss
687 http fetch GET 200 https://registry.npmjs.org/events 48ms (cache miss)
688 silly packumentCache full:https://registry.npmjs.org/events set size:undefined disposed:false
689 silly fetch manifest neo-async@^2.6.2
690 silly packumentCache full:https://registry.npmjs.org/neo-async cache-miss
691 http fetch GET 200 https://registry.npmjs.org/mime-db 55ms (cache miss)
692 silly packumentCache full:https://registry.npmjs.org/mime-db set size:undefined disposed:false
693 silly fetch manifest watchpack@^2.5.2
694 silly packumentCache full:https://registry.npmjs.org/watchpack cache-miss
695 http fetch GET 200 https://registry.npmjs.org/neo-async 46ms (cache miss)
696 silly packumentCache full:https://registry.npmjs.org/neo-async set size:undefined disposed:false
697 silly fetch manifest graceful-fs@^4.2.11
698 silly packumentCache full:https://registry.npmjs.org/graceful-fs cache-miss
699 http fetch GET 200 https://registry.npmjs.org/tapable 56ms (cache miss)
700 silly packumentCache full:https://registry.npmjs.org/tapable set size:undefined disposed:false
701 silly fetch manifest browserslist@^4.28.1
702 silly packumentCache full:https://registry.npmjs.org/browserslist cache-miss
703 http fetch GET 200 https://registry.npmjs.org/handlebars 288ms (cache miss)
704 silly packumentCache full:https://registry.npmjs.org/handlebars set size:undefined disposed:false
705 silly fetch manifest eslint-scope@5.1.1
706 silly packumentCache full:https://registry.npmjs.org/eslint-scope cache-miss
707 http fetch GET 200 https://registry.npmjs.org/make-error 277ms (cache miss)
708 silly packumentCache full:https://registry.npmjs.org/make-error set size:undefined disposed:false
709 silly fetch manifest schema-utils@^4.3.3
710 silly packumentCache full:https://registry.npmjs.org/schema-utils cache-miss
711 http fetch GET 200 https://registry.npmjs.org/graceful-fs 50ms (cache miss)
712 silly packumentCache full:https://registry.npmjs.org/graceful-fs set size:undefined disposed:false
713 silly fetch manifest @types/estree@^1.0.8
714 silly packumentCache full:https://registry.npmjs.org/@types%2festree cache-miss
715 http fetch GET 200 https://registry.npmjs.org/browserslist 78ms (cache miss)
716 silly packumentCache full:https://registry.npmjs.org/browserslist set size:undefined disposed:false
717 silly fetch manifest es-module-lexer@^2.1.0
718 silly packumentCache full:https://registry.npmjs.org/es-module-lexer cache-miss
719 http fetch GET 200 https://registry.npmjs.org/eslint-scope 56ms (cache miss)
720 silly packumentCache full:https://registry.npmjs.org/eslint-scope set size:undefined disposed:false
721 silly fetch manifest webpack-sources@^3.5.1
722 silly packumentCache full:https://registry.npmjs.org/webpack-sources cache-miss
723 http fetch GET 200 https://registry.npmjs.org/schema-utils 56ms (cache miss)
724 silly packumentCache full:https://registry.npmjs.org/schema-utils set size:undefined disposed:false
725 silly fetch manifest enhanced-resolve@^5.24.4
726 silly packumentCache full:https://registry.npmjs.org/enhanced-resolve cache-miss
727 http fetch GET 200 https://registry.npmjs.org/@types%2festree 54ms (cache miss)
728 silly packumentCache full:https://registry.npmjs.org/@types%2festree set size:undefined disposed:false
729 silly fetch manifest @types/json-schema@^7.0.15
730 silly packumentCache full:https://registry.npmjs.org/@types%2fjson-schema cache-miss
731 http fetch GET 200 https://registry.npmjs.org/es-module-lexer 64ms (cache miss)
732 silly packumentCache full:https://registry.npmjs.org/es-module-lexer set size:undefined disposed:false
733 silly fetch manifest @webassemblyjs/ast@^1.14.1
734 silly packumentCache full:https://registry.npmjs.org/@webassemblyjs%2fast cache-miss
735 http fetch GET 200 https://registry.npmjs.org/webpack-sources 61ms (cache miss)
736 silly packumentCache full:https://registry.npmjs.org/webpack-sources set size:undefined disposed:false
737 silly fetch manifest chrome-trace-event@^1.0.2
738 silly packumentCache full:https://registry.npmjs.org/chrome-trace-event cache-miss
739 http fetch GET 200 https://registry.npmjs.org/enhanced-resolve 61ms (cache miss)
740 silly packumentCache full:https://registry.npmjs.org/enhanced-resolve set size:undefined disposed:false
741 silly fetch manifest @webassemblyjs/wasm-edit@^1.14.1
742 silly packumentCache full:https://registry.npmjs.org/@webassemblyjs%2fwasm-edit cache-miss
743 http fetch GET 200 https://registry.npmjs.org/@types%2fjson-schema 55ms (cache miss)
744 silly packumentCache full:https://registry.npmjs.org/@types%2fjson-schema set size:undefined disposed:false
745 silly fetch manifest minimizer-webpack-plugin@^5.6.1
746 silly packumentCache full:https://registry.npmjs.org/minimizer-webpack-plugin cache-miss
747 http fetch GET 200 https://registry.npmjs.org/chrome-trace-event 52ms (cache miss)
748 silly packumentCache full:https://registry.npmjs.org/chrome-trace-event set size:undefined disposed:false
749 silly fetch manifest @webassemblyjs/wasm-parser@^1.14.1
750 silly packumentCache full:https://registry.npmjs.org/@webassemblyjs%2fwasm-parser cache-miss
751 http fetch GET 200 https://registry.npmjs.org/minimizer-webpack-plugin 47ms (cache miss)
752 silly packumentCache full:https://registry.npmjs.org/minimizer-webpack-plugin set size:undefined disposed:false
753 silly fetch manifest yn@3.1.1
754 silly packumentCache full:https://registry.npmjs.org/yn cache-miss
755 http fetch GET 200 https://registry.npmjs.org/@webassemblyjs%2fast 65ms (cache miss)
756 silly packumentCache full:https://registry.npmjs.org/@webassemblyjs%2fast set size:undefined disposed:false
757 silly fetch manifest arg@^4.1.0
758 silly packumentCache full:https://registry.npmjs.org/arg cache-miss
759 http fetch GET 200 https://registry.npmjs.org/watchpack 279ms (cache miss)
760 silly packumentCache full:https://registry.npmjs.org/watchpack set size:undefined disposed:false
761 silly fetch manifest diff@^4.0.1
762 silly packumentCache full:https://registry.npmjs.org/diff cache-miss
763 http fetch GET 200 https://registry.npmjs.org/@webassemblyjs%2fwasm-parser 64ms (cache miss)
764 silly packumentCache full:https://registry.npmjs.org/@webassemblyjs%2fwasm-parser set size:undefined disposed:false
765 silly fetch manifest acorn@^8.4.1
766 silly packumentCache full:https://registry.npmjs.org/acorn cache-miss
767 http cache https://registry.npmjs.org/acorn 3ms (cache hit)
768 silly packumentCache full:https://registry.npmjs.org/acorn set size:383439 disposed:false
769 silly fetch manifest acorn-walk@^8.1.1
770 silly packumentCache full:https://registry.npmjs.org/acorn-walk cache-miss
771 http fetch GET 200 https://registry.npmjs.org/arg 59ms (cache miss)
772 silly packumentCache full:https://registry.npmjs.org/arg set size:undefined disposed:false
773 silly fetch manifest make-error@^1.1.1
774 silly packumentCache full:https://registry.npmjs.org/make-error cache-miss
775 http cache https://registry.npmjs.org/make-error 1ms (cache hit)
776 silly packumentCache full:https://registry.npmjs.org/make-error set size:45218 disposed:false
777 silly fetch manifest create-require@^1.1.0
778 silly packumentCache full:https://registry.npmjs.org/create-require cache-miss
779 http fetch GET 200 https://registry.npmjs.org/diff 53ms (cache miss)
780 silly packumentCache full:https://registry.npmjs.org/diff set size:undefined disposed:false
781 silly fetch manifest @tsconfig/node10@^1.0.7
782 silly packumentCache full:https://registry.npmjs.org/@tsconfig%2fnode10 cache-miss
783 http fetch GET 200 https://registry.npmjs.org/acorn-walk 43ms (cache miss)
784 silly packumentCache full:https://registry.npmjs.org/acorn-walk set size:undefined disposed:false
785 silly fetch manifest @tsconfig/node12@^1.0.7
786 silly packumentCache full:https://registry.npmjs.org/@tsconfig%2fnode12 cache-miss
787 http fetch GET 200 https://registry.npmjs.org/create-require 49ms (cache miss)
788 silly packumentCache full:https://registry.npmjs.org/create-require set size:undefined disposed:false
789 silly fetch manifest @tsconfig/node14@^1.0.0
790 silly packumentCache full:https://registry.npmjs.org/@tsconfig%2fnode14 cache-miss
791 http fetch GET 200 https://registry.npmjs.org/@tsconfig%2fnode14 60ms (cache miss)
792 silly packumentCache full:https://registry.npmjs.org/@tsconfig%2fnode14 set size:undefined disposed:false
793 silly fetch manifest @tsconfig/node16@^1.0.2
794 silly packumentCache full:https://registry.npmjs.org/@tsconfig%2fnode16 cache-miss
795 http fetch GET 200 https://registry.npmjs.org/@prisma%2fconfig 873ms (cache miss)
796 silly packumentCache full:https://registry.npmjs.org/@prisma%2fconfig set size:undefined disposed:false
797 silly fetch manifest v8-compile-cache-lib@^3.0.1
798 silly packumentCache full:https://registry.npmjs.org/v8-compile-cache-lib cache-miss
799 http fetch GET 200 https://registry.npmjs.org/@webassemblyjs%2fwasm-edit 287ms (cache miss)
800 silly packumentCache full:https://registry.npmjs.org/@webassemblyjs%2fwasm-edit set size:undefined disposed:false
801 silly fetch manifest @cspotcode/source-map-support@^0.8.0
802 silly packumentCache full:https://registry.npmjs.org/@cspotcode%2fsource-map-support cache-miss
803 http fetch GET 200 https://registry.npmjs.org/yn 273ms (cache miss)
804 silly packumentCache full:https://registry.npmjs.org/yn set size:undefined disposed:false
805 silly fetch manifest json5@^2.2.2
806 silly packumentCache full:https://registry.npmjs.org/json5 cache-miss
807 http cache https://registry.npmjs.org/json5 1ms (cache hit)
808 silly packumentCache full:https://registry.npmjs.org/json5 set size:86136 disposed:false
809 silly fetch manifest minimist@^1.2.6
810 silly packumentCache full:https://registry.npmjs.org/minimist cache-miss
811 http fetch GET 200 https://registry.npmjs.org/@cspotcode%2fsource-map-support 53ms (cache miss)
812 silly packumentCache full:https://registry.npmjs.org/@cspotcode%2fsource-map-support set size:undefined disposed:false
813 silly fetch manifest strip-bom@^3.0.0
814 silly packumentCache full:https://registry.npmjs.org/strip-bom cache-miss
815 http fetch GET 200 https://registry.npmjs.org/minimist 50ms (cache miss)
816 silly packumentCache full:https://registry.npmjs.org/minimist set size:undefined disposed:false
817 http fetch GET 200 https://registry.npmjs.org/@prisma%2fengines 977ms (cache miss)
818 silly packumentCache full:https://registry.npmjs.org/@prisma%2fengines set size:undefined disposed:false
819 http fetch GET 200 https://registry.npmjs.org/strip-bom 116ms (cache miss)
820 silly packumentCache full:https://registry.npmjs.org/strip-bom set size:undefined disposed:false
821 http fetch GET 200 https://registry.npmjs.org/@tsconfig%2fnode10 314ms (cache miss)
822 silly packumentCache full:https://registry.npmjs.org/@tsconfig%2fnode10 set size:undefined disposed:false
823 http fetch GET 200 https://registry.npmjs.org/@tsconfig%2fnode12 298ms (cache miss)
824 silly packumentCache full:https://registry.npmjs.org/@tsconfig%2fnode12 set size:undefined disposed:false
825 http fetch GET 200 https://registry.npmjs.org/@tsconfig%2fnode16 291ms (cache miss)
826 silly packumentCache full:https://registry.npmjs.org/@tsconfig%2fnode16 set size:undefined disposed:false
827 http fetch GET 200 https://registry.npmjs.org/v8-compile-cache-lib 284ms (cache miss)
828 silly packumentCache full:https://registry.npmjs.org/v8-compile-cache-lib set size:undefined disposed:false
829 silly fetch manifest @hookform/resolvers@^4.1.2
830 silly packumentCache full:https://registry.npmjs.org/@hookform%2fresolvers cache-miss
831 http fetch GET 200 https://registry.npmjs.org/@hookform%2fresolvers 89ms (cache miss)
832 silly packumentCache full:https://registry.npmjs.org/@hookform%2fresolvers set size:undefined disposed:false
833 silly fetch manifest react-hook-form@^7.54.2
834 silly packumentCache full:https://registry.npmjs.org/react-hook-form cache-miss
835 http fetch GET 200 https://registry.npmjs.org/react-hook-form 138ms (cache miss)
836 silly packumentCache full:https://registry.npmjs.org/react-hook-form set size:undefined disposed:false
837 silly fetch manifest react@^19.0.0
838 silly packumentCache full:https://registry.npmjs.org/react cache-miss
839 http fetch GET 200 https://registry.npmjs.org/react 195ms (cache miss)
840 silly packumentCache full:https://registry.npmjs.org/react set size:undefined disposed:false
841 silly fetch manifest @tanstack/react-query@^5.66.9
842 silly packumentCache full:https://registry.npmjs.org/@tanstack%2freact-query cache-miss
843 http fetch GET 200 https://registry.npmjs.org/@tanstack%2freact-query 94ms (cache miss)
844 silly packumentCache full:https://registry.npmjs.org/@tanstack%2freact-query set size:undefined disposed:false
845 silly fetch manifest clsx@^2.1.1
846 silly packumentCache full:https://registry.npmjs.org/clsx cache-miss
847 http fetch GET 200 https://registry.npmjs.org/clsx 59ms (cache miss)
848 silly packumentCache full:https://registry.npmjs.org/clsx set size:undefined disposed:false
849 silly fetch manifest lucide-react@^1.16.0
850 silly packumentCache full:https://registry.npmjs.org/lucide-react cache-miss
851 http fetch GET 200 https://registry.npmjs.org/lucide-react 139ms (cache miss)
852 silly packumentCache full:https://registry.npmjs.org/lucide-react set size:undefined disposed:false
853 silly fetch manifest motion@^12.4.7
854 silly packumentCache full:https://registry.npmjs.org/motion cache-miss
855 http fetch GET 200 https://registry.npmjs.org/motion 103ms (cache miss)
856 silly packumentCache full:https://registry.npmjs.org/motion set size:undefined disposed:false
857 silly fetch manifest @emotion/is-prop-valid@*
858 silly packumentCache full:https://registry.npmjs.org/@emotion%2fis-prop-valid cache-miss
859 http fetch GET 200 https://registry.npmjs.org/@emotion%2fis-prop-valid 398ms (cache miss)
860 silly packumentCache full:https://registry.npmjs.org/@emotion%2fis-prop-valid set size:undefined disposed:false
861 silly fetch manifest react-dom@^19.0.0
862 silly packumentCache full:https://registry.npmjs.org/react-dom cache-miss
863 http fetch GET 200 https://registry.npmjs.org/react-dom 198ms (cache miss)
864 silly packumentCache full:https://registry.npmjs.org/react-dom set size:undefined disposed:false
865 silly fetch manifest next@^15.1.7
866 silly packumentCache full:https://registry.npmjs.org/next cache-miss
867 http fetch GET 200 https://registry.npmjs.org/next 444ms (cache miss)
868 silly packumentCache full:https://registry.npmjs.org/next set size:undefined disposed:false
869 silly fetch manifest @opentelemetry/api@^1.1.0
870 silly packumentCache full:https://registry.npmjs.org/@opentelemetry%2fapi cache-miss
871 http fetch GET 200 https://registry.npmjs.org/@opentelemetry%2fapi 81ms (cache miss)
872 silly packumentCache full:https://registry.npmjs.org/@opentelemetry%2fapi set size:undefined disposed:false
873 silly fetch manifest @playwright/test@^1.51.1
874 silly packumentCache full:https://registry.npmjs.org/@playwright%2ftest cache-miss
875 http fetch GET 200 https://registry.npmjs.org/@playwright%2ftest 481ms (cache miss)
876 silly packumentCache full:https://registry.npmjs.org/@playwright%2ftest set size:undefined disposed:false
877 silly fetch manifest babel-plugin-react-compiler@*
878 silly packumentCache full:https://registry.npmjs.org/babel-plugin-react-compiler cache-miss
879 http fetch GET 200 https://registry.npmjs.org/babel-plugin-react-compiler 87ms (cache miss)
880 silly packumentCache full:https://registry.npmjs.org/babel-plugin-react-compiler set size:undefined disposed:false
881 silly fetch manifest sass@^1.3.0
882 silly packumentCache full:https://registry.npmjs.org/sass cache-miss
883 http fetch GET 200 https://registry.npmjs.org/sass 74ms (cache miss)
884 silly packumentCache full:https://registry.npmjs.org/sass set size:undefined disposed:false
885 silly fetch manifest sonner@^2.0.1
886 silly packumentCache full:https://registry.npmjs.org/sonner cache-miss
887 http fetch GET 200 https://registry.npmjs.org/sonner 49ms (cache miss)
888 silly packumentCache full:https://registry.npmjs.org/sonner set size:undefined disposed:false
889 silly fetch manifest @types/react@^19.0.10
890 silly packumentCache full:https://registry.npmjs.org/@types%2freact cache-miss
891 http fetch GET 200 https://registry.npmjs.org/@types%2freact 89ms (cache miss)
892 silly packumentCache full:https://registry.npmjs.org/@types%2freact set size:undefined disposed:false
893 silly fetch manifest tailwind-merge@^3.0.1
894 silly packumentCache full:https://registry.npmjs.org/tailwind-merge cache-miss
895 http fetch GET 200 https://registry.npmjs.org/tailwind-merge 345ms (cache miss)
896 silly packumentCache full:https://registry.npmjs.org/tailwind-merge set size:undefined disposed:false
897 silly fetch manifest zod@^3.24.2
898 silly packumentCache full:https://registry.npmjs.org/zod cache-miss
899 http fetch GET 200 https://registry.npmjs.org/zod 122ms (cache miss)
900 silly packumentCache full:https://registry.npmjs.org/zod set size:undefined disposed:false
901 silly fetch manifest zustand@^5.0.3
902 silly packumentCache full:https://registry.npmjs.org/zustand cache-miss
903 http fetch GET 200 https://registry.npmjs.org/zustand 77ms (cache miss)
904 silly packumentCache full:https://registry.npmjs.org/zustand set size:undefined disposed:false
905 silly fetch manifest immer@>=9.0.6
906 silly packumentCache full:https://registry.npmjs.org/immer cache-miss
907 http fetch GET 200 https://registry.npmjs.org/immer 72ms (cache miss)
908 silly packumentCache full:https://registry.npmjs.org/immer set size:undefined disposed:false
909 silly fetch manifest use-sync-external-store@>=1.2.0
910 silly packumentCache full:https://registry.npmjs.org/use-sync-external-store cache-miss
911 http fetch GET 200 https://registry.npmjs.org/use-sync-external-store 172ms (cache miss)
912 silly packumentCache full:https://registry.npmjs.org/use-sync-external-store set size:undefined disposed:false
913 silly fetch manifest @tailwindcss/postcss@^4.0.8
914 silly packumentCache full:https://registry.npmjs.org/@tailwindcss%2fpostcss cache-miss
915 http fetch GET 200 https://registry.npmjs.org/@tailwindcss%2fpostcss 130ms (cache miss)
916 silly packumentCache full:https://registry.npmjs.org/@tailwindcss%2fpostcss set size:undefined disposed:false
917 silly fetch manifest @types/react-dom@^19.0.4
918 silly packumentCache full:https://registry.npmjs.org/@types%2freact-dom cache-miss
919 http fetch GET 200 https://registry.npmjs.org/@types%2freact-dom 64ms (cache miss)
920 silly packumentCache full:https://registry.npmjs.org/@types%2freact-dom set size:undefined disposed:false
921 silly fetch manifest postcss@^8.5.3
922 silly packumentCache full:https://registry.npmjs.org/postcss cache-miss
923 http fetch GET 200 https://registry.npmjs.org/postcss 76ms (cache miss)
924 silly packumentCache full:https://registry.npmjs.org/postcss set size:undefined disposed:false
925 silly fetch manifest tailwindcss@^4.0.8
926 silly packumentCache full:https://registry.npmjs.org/tailwindcss cache-miss
927 http fetch GET 200 https://registry.npmjs.org/tailwindcss 186ms (cache miss)
928 silly packumentCache full:https://registry.npmjs.org/tailwindcss set size:undefined disposed:false
929 silly placeDep ROOT @hookform/resolvers@4.1.3 OK for: @globetrotter/web@1.0.0 want: ^4.1.2
930 silly placeDep ROOT react-hook-form@7.86.0 OK for: @hookform/resolvers@4.1.3 want: ^7.0.0
931 silly placeDep ROOT react@19.2.8 OK for: react-hook-form@7.86.0 want: ^16.8.0 || ^17 || ^18 || ^19
932 silly placeDep ROOT @tailwindcss/postcss@4.3.3 OK for: @globetrotter/web@1.0.0 want: ^4.0.8
933 silly placeDep ROOT @tanstack/react-query@5.101.4 OK for: @globetrotter/web@1.0.0 want: ^5.66.9
934 silly placeDep ROOT @types/react@19.2.18 OK for: @globetrotter/web@1.0.0 want: ^19.0.10
935 silly placeDep ROOT @types/react-dom@19.2.4 OK for: @globetrotter/web@1.0.0 want: ^19.0.4
936 silly placeDep ROOT clsx@2.1.1 OK for: @globetrotter/web@1.0.0 want: ^2.1.1
937 silly placeDep ROOT lucide-react@1.33.0 OK for: @globetrotter/web@1.0.0 want: ^1.16.0
938 silly placeDep ROOT motion@12.43.0 OK for: @globetrotter/web@1.0.0 want: ^12.4.7
939 silly placeDep ROOT next@15.5.23 OK for: @globetrotter/web@1.0.0 want: ^15.1.7
940 silly placeDep ROOT react-dom@19.2.8 OK for: next@15.5.23 want: ^18.2.0 || 19.0.0-rc-de68d2f4-20241204 || ^19.0.0
941 silly placeDep ROOT postcss@8.5.26 OK for: @globetrotter/web@1.0.0 want: ^8.5.3
942 silly placeDep ROOT sonner@2.0.8 OK for: @globetrotter/web@1.0.0 want: ^2.0.1
943 silly placeDep ROOT tailwind-merge@3.6.0 OK for: @globetrotter/web@1.0.0 want: ^3.0.1
944 silly placeDep ROOT tailwindcss@4.3.3 OK for: @globetrotter/web@1.0.0 want: ^4.0.8
945 silly placeDep ROOT zod@3.25.76 OK for: @globetrotter/web@1.0.0 want: ^3.24.2
946 silly placeDep ROOT zustand@5.0.15 OK for: @globetrotter/web@1.0.0 want: ^5.0.3
947 silly fetch manifest @standard-schema/utils@^0.3.0
948 silly packumentCache full:https://registry.npmjs.org/@standard-schema%2futils cache-miss
949 silly fetch manifest postcss@^8.5.16
950 silly packumentCache full:https://registry.npmjs.org/postcss cache-miss
951 silly fetch manifest tailwindcss@4.3.3
952 silly packumentCache full:https://registry.npmjs.org/tailwindcss cache-miss
953 silly fetch manifest @alloc/quick-lru@^5.2.0
954 silly packumentCache full:https://registry.npmjs.org/@alloc%2fquick-lru cache-miss
955 silly fetch manifest @tailwindcss/node@4.3.3
956 silly packumentCache full:https://registry.npmjs.org/@tailwindcss%2fnode cache-miss
957 silly fetch manifest @tailwindcss/oxide@4.3.3
958 silly packumentCache full:https://registry.npmjs.org/@tailwindcss%2foxide cache-miss
959 silly fetch manifest @tanstack/query-core@5.101.4
960 silly packumentCache full:https://registry.npmjs.org/@tanstack%2fquery-core cache-miss
961 http cache https://registry.npmjs.org/postcss 6ms (cache hit)
962 silly packumentCache full:https://registry.npmjs.org/postcss set size:760024 disposed:false
963 silly fetch manifest csstype@^3.2.2
964 silly packumentCache full:https://registry.npmjs.org/csstype cache-miss
965 http cache https://registry.npmjs.org/tailwindcss 21ms (cache hit)
966 silly packumentCache full:https://registry.npmjs.org/tailwindcss set size:10868886 disposed:false
967 silly fetch manifest tslib@^2.4.0
968 silly packumentCache full:https://registry.npmjs.org/tslib cache-hit
969 silly fetch manifest framer-motion@^12.43.0
970 silly packumentCache full:https://registry.npmjs.org/framer-motion cache-miss
971 http fetch GET 200 https://registry.npmjs.org/@standard-schema%2futils 60ms (cache miss)
972 silly packumentCache full:https://registry.npmjs.org/@standard-schema%2futils set size:undefined disposed:false
973 silly fetch manifest postcss@8.4.31
974 silly packumentCache full:https://registry.npmjs.org/postcss cache-hit
975 silly fetch manifest @next/env@15.5.23
976 silly packumentCache full:https://registry.npmjs.org/@next%2fenv cache-miss
977 http fetch GET 200 https://registry.npmjs.org/@alloc%2fquick-lru 64ms (cache miss)
978 silly packumentCache full:https://registry.npmjs.org/@alloc%2fquick-lru set size:undefined disposed:false
979 silly fetch manifest styled-jsx@5.1.6
980 silly packumentCache full:https://registry.npmjs.org/styled-jsx cache-miss
981 http fetch GET 200 https://registry.npmjs.org/@tanstack%2fquery-core 84ms (cache miss)
982 silly packumentCache full:https://registry.npmjs.org/@tanstack%2fquery-core set size:undefined disposed:false
983 silly fetch manifest @swc/helpers@0.5.15
984 silly packumentCache full:https://registry.npmjs.org/@swc%2fhelpers cache-miss
985 http cache https://registry.npmjs.org/@swc%2fhelpers 6ms (cache hit)
986 silly packumentCache full:https://registry.npmjs.org/@swc%2fhelpers set size:775458 disposed:false
987 silly fetch manifest caniuse-lite@^1.0.30001579
988 silly packumentCache full:https://registry.npmjs.org/caniuse-lite cache-miss
989 http fetch GET 200 https://registry.npmjs.org/@tailwindcss%2fnode 113ms (cache miss)
990 silly packumentCache full:https://registry.npmjs.org/@tailwindcss%2fnode set size:undefined disposed:false
991 silly fetch manifest sharp@^0.34.3
992 silly packumentCache full:https://registry.npmjs.org/sharp cache-miss
993 http fetch GET 200 https://registry.npmjs.org/csstype 116ms (cache miss)
994 silly packumentCache full:https://registry.npmjs.org/csstype set size:undefined disposed:false
995 silly fetch manifest @next/swc-darwin-x64@15.5.23
996 silly packumentCache full:https://registry.npmjs.org/@next%2fswc-darwin-x64 cache-miss
997 http fetch GET 200 https://registry.npmjs.org/styled-jsx 75ms (cache miss)
998 silly packumentCache full:https://registry.npmjs.org/styled-jsx set size:undefined disposed:false
999 silly fetch manifest @next/swc-darwin-arm64@15.5.23
1000 silly packumentCache full:https://registry.npmjs.org/@next%2fswc-darwin-arm64 cache-miss
1001 http fetch GET 200 https://registry.npmjs.org/@tailwindcss%2foxide 210ms (cache miss)
1002 silly packumentCache full:https://registry.npmjs.org/@tailwindcss%2foxide set size:undefined disposed:false
1003 silly fetch manifest @next/swc-linux-x64-gnu@15.5.23
1004 silly packumentCache full:https://registry.npmjs.org/@next%2fswc-linux-x64-gnu cache-miss
1005 http fetch GET 200 https://registry.npmjs.org/caniuse-lite 127ms (cache miss)
1006 silly packumentCache full:https://registry.npmjs.org/caniuse-lite set size:undefined disposed:false
1007 silly fetch manifest @next/swc-linux-x64-musl@15.5.23
1008 silly packumentCache full:https://registry.npmjs.org/@next%2fswc-linux-x64-musl cache-miss
1009 http fetch GET 200 https://registry.npmjs.org/sharp 123ms (cache miss)
1010 silly packumentCache full:https://registry.npmjs.org/sharp set size:undefined disposed:false
1011 silly fetch manifest @next/swc-win32-x64-msvc@15.5.23
1012 silly packumentCache full:https://registry.npmjs.org/@next%2fswc-win32-x64-msvc cache-miss
1013 http fetch GET 200 https://registry.npmjs.org/framer-motion 196ms (cache miss)
1014 silly packumentCache full:https://registry.npmjs.org/framer-motion set size:undefined disposed:false
1015 silly fetch manifest @next/swc-linux-arm64-gnu@15.5.23
1016 silly packumentCache full:https://registry.npmjs.org/@next%2fswc-linux-arm64-gnu cache-miss
1017 http fetch GET 200 https://registry.npmjs.org/@next%2fenv 271ms (cache miss)
1018 silly packumentCache full:https://registry.npmjs.org/@next%2fenv set size:undefined disposed:false
1019 silly fetch manifest @next/swc-linux-arm64-musl@15.5.23
1020 silly packumentCache full:https://registry.npmjs.org/@next%2fswc-linux-arm64-musl cache-miss
1021 http fetch GET 200 https://registry.npmjs.org/@next%2fswc-darwin-arm64 235ms (cache miss)
1022 silly packumentCache full:https://registry.npmjs.org/@next%2fswc-darwin-arm64 set size:undefined disposed:false
1023 silly fetch manifest @next/swc-win32-arm64-msvc@15.5.23
1024 silly packumentCache full:https://registry.npmjs.org/@next%2fswc-win32-arm64-msvc cache-miss
1025 http fetch GET 200 https://registry.npmjs.org/@next%2fswc-win32-x64-msvc 163ms (cache miss)
1026 silly packumentCache full:https://registry.npmjs.org/@next%2fswc-win32-x64-msvc set size:undefined disposed:false
1027 silly fetch manifest scheduler@^0.27.0
1028 silly packumentCache full:https://registry.npmjs.org/scheduler cache-miss
1029 http fetch GET 200 https://registry.npmjs.org/@next%2fswc-linux-x64-musl 293ms (cache miss)
1030 silly packumentCache full:https://registry.npmjs.org/@next%2fswc-linux-x64-musl set size:undefined disposed:false
1031 silly fetch manifest nanoid@^3.3.17
1032 silly packumentCache full:https://registry.npmjs.org/nanoid cache-miss
1033 http fetch GET 200 https://registry.npmjs.org/@next%2fswc-darwin-x64 491ms (cache miss)
1034 silly packumentCache full:https://registry.npmjs.org/@next%2fswc-darwin-x64 set size:undefined disposed:false
1035 silly fetch manifest picocolors@^1.1.1
1036 silly packumentCache full:https://registry.npmjs.org/picocolors cache-miss
1037 http fetch GET 200 https://registry.npmjs.org/@next%2fswc-linux-arm64-musl 304ms (cache miss)
1038 silly packumentCache full:https://registry.npmjs.org/@next%2fswc-linux-arm64-musl set size:undefined disposed:false
1039 silly fetch manifest source-map-js@^1.2.1
1040 silly packumentCache full:https://registry.npmjs.org/source-map-js cache-miss
1041 http fetch GET 200 https://registry.npmjs.org/nanoid 143ms (cache miss)
1042 silly packumentCache full:https://registry.npmjs.org/nanoid set size:undefined disposed:false
1043 http fetch GET 200 https://registry.npmjs.org/picocolors 69ms (cache miss)
1044 silly packumentCache full:https://registry.npmjs.org/picocolors set size:undefined disposed:false
1045 http fetch GET 200 https://registry.npmjs.org/scheduler 281ms (cache miss)
1046 silly packumentCache full:https://registry.npmjs.org/scheduler set size:undefined disposed:false
1047 http fetch GET 200 https://registry.npmjs.org/@next%2fswc-win32-arm64-msvc 336ms (cache miss)
1048 silly packumentCache full:https://registry.npmjs.org/@next%2fswc-win32-arm64-msvc set size:undefined disposed:false
1049 http fetch GET 200 https://registry.npmjs.org/source-map-js 72ms (cache miss)
1050 silly packumentCache full:https://registry.npmjs.org/source-map-js set size:undefined disposed:false
1051 http fetch GET 200 https://registry.npmjs.org/@next%2fswc-linux-arm64-gnu 451ms (cache miss)
1052 silly packumentCache full:https://registry.npmjs.org/@next%2fswc-linux-arm64-gnu set size:undefined disposed:false
1053 http fetch GET 200 https://registry.npmjs.org/@next%2fswc-linux-x64-gnu 555ms (cache miss)
1054 silly packumentCache full:https://registry.npmjs.org/@next%2fswc-linux-x64-gnu set size:undefined disposed:false
1055 silly placeDep ROOT @standard-schema/utils@0.3.0 OK for: @hookform/resolvers@4.1.3 want: ^0.3.0
1056 silly fetch manifest @types/node@>=18
1057 silly packumentCache full:https://registry.npmjs.org/@types%2fnode cache-miss
1058 http cache https://registry.npmjs.org/@types%2fnode 20ms (cache hit)
1059 silly packumentCache full:https://registry.npmjs.org/@types%2fnode set size:11088606 disposed:false
1060 silly fetch manifest typescript@5.9.3
1061 silly packumentCache full:https://registry.npmjs.org/typescript cache-miss
1062 http cache https://registry.npmjs.org/typescript 27ms (cache hit)
1063 silly packumentCache full:https://registry.npmjs.org/typescript set size:15576747 disposed:false
1064 silly placeDep ROOT @angular-devkit/core@19.2.27 OK for: @nestjs/cli@11.0.24 want: 19.2.27
1065 silly placeDep ROOT @angular-devkit/schematics@19.2.27 OK for: @nestjs/cli@11.0.24 want: 19.2.27
1066 silly placeDep ROOT @angular-devkit/schematics-cli@19.2.27 OK for: @nestjs/cli@11.0.24 want: 19.2.27
1067 silly placeDep ROOT @inquirer/prompts@7.10.1 OK for: @nestjs/cli@11.0.24 want: 7.10.1
1068 silly placeDep ROOT ansis@4.2.0 OK for: @nestjs/cli@11.0.24 want: 4.2.0
1069 silly placeDep ROOT chokidar@4.0.3 OK for: @nestjs/cli@11.0.24 want: 4.0.3
1070 silly placeDep ROOT cli-table3@0.6.5 OK for: @nestjs/cli@11.0.24 want: 0.6.5
1071 silly placeDep ROOT commander@4.1.1 OK for: @nestjs/cli@11.0.24 want: 4.1.1
1072 silly placeDep ROOT fork-ts-checker-webpack-plugin@9.1.0 OK for: @nestjs/cli@11.0.24 want: 9.1.0
1073 silly placeDep ROOT glob@13.0.6 OK for: @nestjs/cli@11.0.24 want: 13.0.6
1074 silly placeDep ROOT node-emoji@1.11.0 OK for: @nestjs/cli@11.0.24 want: 1.11.0
1075 silly placeDep ROOT ora@5.4.1 OK for: @nestjs/cli@11.0.24 want: 5.4.1
1076 silly placeDep ROOT tsconfig-paths-webpack-plugin@4.2.0 OK for: @nestjs/cli@11.0.24 want: 4.2.0
1077 silly placeDep node_modules/@nestjs/cli webpack@5.106.2 OK for: @nestjs/cli@11.0.24 want: 5.106.2
1078 silly placeDep ROOT webpack-node-externals@3.0.0 OK for: @nestjs/cli@11.0.24 want: 3.0.0
1079 silly fetch manifest ajv@8.18.0
1080 silly packumentCache full:https://registry.npmjs.org/ajv cache-miss
1081 silly fetch manifest rxjs@7.8.1
1082 silly packumentCache full:https://registry.npmjs.org/rxjs cache-miss
1083 silly fetch manifest picomatch@4.0.4
1084 silly packumentCache full:https://registry.npmjs.org/picomatch cache-miss
1085 silly fetch manifest source-map@0.7.4
1086 silly packumentCache full:https://registry.npmjs.org/source-map cache-hit
1087 silly fetch manifest ajv-formats@3.0.1
1088 silly packumentCache full:https://registry.npmjs.org/ajv-formats cache-miss
1089 silly fetch manifest rxjs@7.8.1
1090 silly packumentCache full:https://registry.npmjs.org/rxjs cache-miss
1091 silly fetch manifest magic-string@0.30.17
1092 silly packumentCache full:https://registry.npmjs.org/magic-string cache-miss
1093 silly fetch manifest ansi-colors@4.1.3
1094 silly packumentCache full:https://registry.npmjs.org/ansi-colors cache-miss
1095 http cache https://registry.npmjs.org/picomatch 4ms (cache hit)
1096 silly packumentCache full:https://registry.npmjs.org/picomatch set size:128942 disposed:false
1097 silly fetch manifest yargs-parser@21.1.1
1098 silly packumentCache full:https://registry.npmjs.org/yargs-parser cache-miss
1099 http cache https://registry.npmjs.org/rxjs 7ms (cache hit)
1100 silly packumentCache full:https://registry.npmjs.org/rxjs set size:1028301 disposed:false
1101 silly fetch manifest @inquirer/prompts@7.3.2
1102 silly packumentCache full:https://registry.npmjs.org/@inquirer%2fprompts cache-miss
1103 http cache https://registry.npmjs.org/rxjs 14ms (cache hit)
1104 silly packumentCache full:https://registry.npmjs.org/rxjs set size:1028301 disposed:false
1105 silly fetch manifest symbol-observable@4.0.0
1106 silly packumentCache full:https://registry.npmjs.org/symbol-observable cache-miss
1107 http cache https://registry.npmjs.org/yargs-parser 15ms (cache hit)
1108 silly packumentCache full:https://registry.npmjs.org/yargs-parser set size:238681 disposed:false
1109 silly fetch manifest @inquirer/input@^4.3.1
1110 silly packumentCache full:https://registry.npmjs.org/@inquirer%2finput cache-miss
1111 http cache https://registry.npmjs.org/@inquirer%2fprompts 9ms (cache hit)
1112 silly packumentCache full:https://registry.npmjs.org/@inquirer%2fprompts set size:335687 disposed:false
1113 silly fetch manifest @inquirer/editor@^4.2.23
1114 silly packumentCache full:https://registry.npmjs.org/@inquirer%2feditor cache-miss
1115 http fetch GET 200 https://registry.npmjs.org/ajv-formats 70ms (cache miss)
1116 silly packumentCache full:https://registry.npmjs.org/ajv-formats set size:undefined disposed:false
1117 silly fetch manifest @inquirer/expand@^4.0.23
1118 silly packumentCache full:https://registry.npmjs.org/@inquirer%2fexpand cache-miss
1119 http fetch GET 200 https://registry.npmjs.org/ansi-colors 73ms (cache miss)
1120 silly packumentCache full:https://registry.npmjs.org/ansi-colors set size:undefined disposed:false
1121 silly fetch manifest @inquirer/number@^3.0.23
1122 silly packumentCache full:https://registry.npmjs.org/@inquirer%2fnumber cache-miss
1123 http fetch GET 200 https://registry.npmjs.org/magic-string 78ms (cache miss)
1124 silly packumentCache full:https://registry.npmjs.org/magic-string set size:undefined disposed:false
1125 silly fetch manifest @inquirer/search@^3.2.2
1126 silly packumentCache full:https://registry.npmjs.org/@inquirer%2fsearch cache-miss
1127 http fetch GET 200 https://registry.npmjs.org/ajv 98ms (cache miss)
1128 silly packumentCache full:https://registry.npmjs.org/ajv set size:undefined disposed:false
1129 silly fetch manifest @inquirer/select@^4.4.2
1130 silly packumentCache full:https://registry.npmjs.org/@inquirer%2fselect cache-miss
1131 http fetch GET 200 https://registry.npmjs.org/@inquirer%2finput 81ms (cache miss)
1132 silly packumentCache full:https://registry.npmjs.org/@inquirer%2finput set size:undefined disposed:false
1133 silly fetch manifest @inquirer/confirm@^5.1.21
1134 silly packumentCache full:https://registry.npmjs.org/@inquirer%2fconfirm cache-miss
1135 http fetch GET 200 https://registry.npmjs.org/@inquirer%2fsearch 53ms (cache miss)
1136 silly packumentCache full:https://registry.npmjs.org/@inquirer%2fsearch set size:undefined disposed:false
1137 silly fetch manifest @inquirer/rawlist@^4.1.11
1138 silly packumentCache full:https://registry.npmjs.org/@inquirer%2frawlist cache-miss
1139 http fetch GET 200 https://registry.npmjs.org/@inquirer%2fexpand 86ms (cache miss)
1140 silly packumentCache full:https://registry.npmjs.org/@inquirer%2fexpand set size:undefined disposed:false
1141 silly fetch manifest @inquirer/checkbox@^4.3.2
1142 silly packumentCache full:https://registry.npmjs.org/@inquirer%2fcheckbox cache-miss
1143 http fetch GET 200 https://registry.npmjs.org/@inquirer%2fcheckbox 65ms (cache miss)
1144 silly packumentCache full:https://registry.npmjs.org/@inquirer%2fcheckbox set size:undefined disposed:false
1145 silly fetch manifest @inquirer/password@^4.0.23
1146 silly packumentCache full:https://registry.npmjs.org/@inquirer%2fpassword cache-miss
1147 http fetch GET 200 https://registry.npmjs.org/symbol-observable 294ms (cache miss)
1148 silly packumentCache full:https://registry.npmjs.org/symbol-observable set size:undefined disposed:false
1149 silly fetch manifest readdirp@^4.0.1
1150 silly packumentCache full:https://registry.npmjs.org/readdirp cache-miss
1151 http fetch GET 200 https://registry.npmjs.org/@inquirer%2feditor 310ms (cache miss)
1152 silly packumentCache full:https://registry.npmjs.org/@inquirer%2feditor set size:undefined disposed:false
1153 silly fetch manifest string-width@^4.2.0
1154 silly packumentCache full:https://registry.npmjs.org/string-width cache-miss
1155 http fetch GET 200 https://registry.npmjs.org/@inquirer%2fnumber 288ms (cache miss)
1156 silly packumentCache full:https://registry.npmjs.org/@inquirer%2fnumber set size:undefined disposed:false
1157 silly fetch manifest @colors/colors@1.5.0
1158 silly packumentCache full:https://registry.npmjs.org/@colors%2fcolors cache-miss
1159 http fetch GET 200 https://registry.npmjs.org/readdirp 54ms (cache miss)
1160 silly packumentCache full:https://registry.npmjs.org/readdirp set size:undefined disposed:false
1161 silly fetch manifest @babel/code-frame@^7.16.7
1162 silly packumentCache full:https://registry.npmjs.org/@babel%2fcode-frame cache-miss
1163 http fetch GET 200 https://registry.npmjs.org/string-width 59ms (cache miss)
1164 silly packumentCache full:https://registry.npmjs.org/string-width set size:undefined disposed:false
1165 silly fetch manifest chalk@^4.1.2
1166 silly packumentCache full:https://registry.npmjs.org/chalk cache-miss
1167 http cache https://registry.npmjs.org/chalk 2ms (cache hit)
1168 silly packumentCache full:https://registry.npmjs.org/chalk set size:134775 disposed:false
1169 silly fetch manifest cosmiconfig@^8.2.0
1170 silly packumentCache full:https://registry.npmjs.org/cosmiconfig cache-miss
1171 http fetch GET 200 https://registry.npmjs.org/@colors%2fcolors 52ms (cache miss)
1172 silly packumentCache full:https://registry.npmjs.org/@colors%2fcolors set size:undefined disposed:false
1173 silly fetch manifest deepmerge@^4.2.2
1174 silly packumentCache full:https://registry.npmjs.org/deepmerge cache-miss
1175 http fetch GET 200 https://registry.npmjs.org/@babel%2fcode-frame 60ms (cache miss)
1176 silly packumentCache full:https://registry.npmjs.org/@babel%2fcode-frame set size:undefined disposed:false
1177 silly fetch manifest fs-extra@^10.0.0
1178 silly packumentCache full:https://registry.npmjs.org/fs-extra cache-miss
1179 http fetch GET 200 https://registry.npmjs.org/@inquirer%2frawlist 300ms (cache miss)
1180 silly packumentCache full:https://registry.npmjs.org/@inquirer%2frawlist set size:undefined disposed:false
1181 silly fetch manifest memfs@^3.4.1
1182 silly packumentCache full:https://registry.npmjs.org/memfs cache-miss
1183 http fetch GET 200 https://registry.npmjs.org/cosmiconfig 58ms (cache miss)
1184 silly packumentCache full:https://registry.npmjs.org/cosmiconfig set size:undefined disposed:false
1185 silly fetch manifest minimatch@^3.0.4
1186 silly packumentCache full:https://registry.npmjs.org/minimatch cache-miss
1187 http fetch GET 200 https://registry.npmjs.org/deepmerge 49ms (cache miss)
1188 silly packumentCache full:https://registry.npmjs.org/deepmerge set size:undefined disposed:false
1189 silly fetch manifest node-abort-controller@^3.0.1
1190 silly packumentCache full:https://registry.npmjs.org/node-abort-controller cache-miss
1191 http fetch GET 200 https://registry.npmjs.org/fs-extra 55ms (cache miss)
1192 silly packumentCache full:https://registry.npmjs.org/fs-extra set size:undefined disposed:false
1193 silly fetch manifest schema-utils@^3.1.1
1194 silly packumentCache full:https://registry.npmjs.org/schema-utils cache-miss
1195 http cache https://registry.npmjs.org/schema-utils 2ms (cache hit)
1196 silly packumentCache full:https://registry.npmjs.org/schema-utils set size:166563 disposed:false
1197 silly fetch manifest semver@^7.3.5
1198 silly packumentCache full:https://registry.npmjs.org/semver cache-miss
1199 http cache https://registry.npmjs.org/semver 2ms (cache hit)
1200 silly packumentCache full:https://registry.npmjs.org/semver set size:246069 disposed:false
1201 silly fetch manifest tapable@^2.2.1
1202 silly packumentCache full:https://registry.npmjs.org/tapable cache-miss
1203 http cache https://registry.npmjs.org/tapable 1ms (cache hit)
1204 silly packumentCache full:https://registry.npmjs.org/tapable set size:141233 disposed:false
1205 silly fetch manifest minimatch@^10.2.2
1206 silly packumentCache full:https://registry.npmjs.org/minimatch cache-miss
1207 http fetch GET 200 https://registry.npmjs.org/minimatch 59ms (cache miss)
1208 silly packumentCache full:https://registry.npmjs.org/minimatch set size:undefined disposed:false
1209 silly fetch manifest minipass@^7.1.3
1210 silly packumentCache full:https://registry.npmjs.org/minipass cache-miss
1211 http fetch GET 200 https://registry.npmjs.org/minimatch 55ms (cache miss)
1212 silly packumentCache full:https://registry.npmjs.org/minimatch set size:undefined disposed:false
1213 silly fetch manifest path-scurry@^2.0.2
1214 silly packumentCache full:https://registry.npmjs.org/path-scurry cache-miss
1215 http fetch GET 200 https://registry.npmjs.org/@inquirer%2fconfirm 453ms (cache miss)
1216 silly packumentCache full:https://registry.npmjs.org/@inquirer%2fconfirm set size:undefined disposed:false
1217 silly fetch manifest lodash@^4.17.21
1218 silly packumentCache full:https://registry.npmjs.org/lodash cache-miss
1219 http cache https://registry.npmjs.org/lodash 2ms (cache hit)
1220 silly packumentCache full:https://registry.npmjs.org/lodash set size:247652 disposed:false
1221 silly fetch manifest bl@^4.1.0
1222 silly packumentCache full:https://registry.npmjs.org/bl cache-miss
1223 http fetch GET 200 https://registry.npmjs.org/minipass 57ms (cache miss)
1224 silly packumentCache full:https://registry.npmjs.org/minipass set size:undefined disposed:false
1225 silly fetch manifest wcwidth@^1.0.1
1226 silly packumentCache full:https://registry.npmjs.org/wcwidth cache-miss
1227 http fetch GET 200 https://registry.npmjs.org/path-scurry 49ms (cache miss)
1228 silly packumentCache full:https://registry.npmjs.org/path-scurry set size:undefined disposed:false
1229 silly fetch manifest cli-cursor@^3.1.0
1230 silly packumentCache full:https://registry.npmjs.org/cli-cursor cache-miss
1231 http fetch GET 200 https://registry.npmjs.org/bl 60ms (cache miss)
1232 silly packumentCache full:https://registry.npmjs.org/bl set size:undefined disposed:false
1233 silly fetch manifest strip-ansi@^6.0.0
1234 silly packumentCache full:https://registry.npmjs.org/strip-ansi cache-miss
1235 http fetch GET 200 https://registry.npmjs.org/wcwidth 46ms (cache miss)
1236 silly packumentCache full:https://registry.npmjs.org/wcwidth set size:undefined disposed:false
1237 silly fetch manifest log-symbols@^4.1.0
1238 silly packumentCache full:https://registry.npmjs.org/log-symbols cache-miss
1239 http fetch GET 200 https://registry.npmjs.org/cli-cursor 48ms (cache miss)
1240 silly packumentCache full:https://registry.npmjs.org/cli-cursor set size:undefined disposed:false
1241 silly fetch manifest cli-spinners@^2.5.0
1242 silly packumentCache full:https://registry.npmjs.org/cli-spinners cache-miss
1243 http fetch GET 200 https://registry.npmjs.org/log-symbols 45ms (cache miss)
1244 silly packumentCache full:https://registry.npmjs.org/log-symbols set size:undefined disposed:false
1245 silly fetch manifest is-interactive@^1.0.0
1246 silly packumentCache full:https://registry.npmjs.org/is-interactive cache-miss
1247 http fetch GET 200 https://registry.npmjs.org/strip-ansi 48ms (cache miss)
1248 silly packumentCache full:https://registry.npmjs.org/strip-ansi set size:undefined disposed:false
1249 silly fetch manifest is-unicode-supported@^0.1.0
1250 silly packumentCache full:https://registry.npmjs.org/is-unicode-supported cache-miss
1251 http fetch GET 200 https://registry.npmjs.org/cli-spinners 45ms (cache miss)
1252 silly packumentCache full:https://registry.npmjs.org/cli-spinners set size:undefined disposed:false
1253 silly fetch manifest enhanced-resolve@^5.7.0
1254 silly packumentCache full:https://registry.npmjs.org/enhanced-resolve cache-miss
1255 http cache https://registry.npmjs.org/enhanced-resolve 4ms (cache hit)
1256 silly packumentCache full:https://registry.npmjs.org/enhanced-resolve set size:482889 disposed:false
1257 silly fetch manifest watchpack@^2.5.1
1258 silly packumentCache full:https://registry.npmjs.org/watchpack cache-miss
1259 http cache https://registry.npmjs.org/watchpack 1ms (cache hit)
1260 silly packumentCache full:https://registry.npmjs.org/watchpack set size:148533 disposed:false
1261 silly fetch manifest loader-runner@^4.3.1
1262 silly packumentCache full:https://registry.npmjs.org/loader-runner cache-miss
1263 http fetch GET 200 https://registry.npmjs.org/is-interactive 44ms (cache miss)
1264 silly packumentCache full:https://registry.npmjs.org/is-interactive set size:undefined disposed:false
1265 silly fetch manifest glob-to-regexp@^0.4.1
1266 silly packumentCache full:https://registry.npmjs.org/glob-to-regexp cache-miss
1267 http fetch GET 200 https://registry.npmjs.org/is-unicode-supported 50ms (cache miss)
1268 silly packumentCache full:https://registry.npmjs.org/is-unicode-supported set size:undefined disposed:false
1269 silly fetch manifest es-module-lexer@^2.0.0
1270 silly packumentCache full:https://registry.npmjs.org/es-module-lexer cache-miss
1271 http cache https://registry.npmjs.org/es-module-lexer 2ms (cache hit)
1272 silly packumentCache full:https://registry.npmjs.org/es-module-lexer set size:214894 disposed:false
1273 silly fetch manifest webpack-sources@^3.3.4
1274 silly packumentCache full:https://registry.npmjs.org/webpack-sources cache-miss
1275 http cache https://registry.npmjs.org/webpack-sources 1ms (cache hit)
1276 silly packumentCache full:https://registry.npmjs.org/webpack-sources set size:184158 disposed:false
1277 silly fetch manifest enhanced-resolve@^5.20.0
1278 silly packumentCache full:https://registry.npmjs.org/enhanced-resolve cache-hit
1279 silly fetch manifest @types/eslint-scope@^3.7.7
1280 silly packumentCache full:https://registry.npmjs.org/@types%2feslint-scope cache-miss
1281 http fetch GET 200 https://registry.npmjs.org/memfs 306ms (cache miss)
1282 silly packumentCache full:https://registry.npmjs.org/memfs set size:undefined disposed:false
1283 silly fetch manifest acorn-import-phases@^1.0.3
1284 silly packumentCache full:https://registry.npmjs.org/acorn-import-phases cache-miss
1285 http fetch GET 200 https://registry.npmjs.org/node-abort-controller 282ms (cache miss)
1286 silly packumentCache full:https://registry.npmjs.org/node-abort-controller set size:undefined disposed:false
1287 silly fetch manifest terser-webpack-plugin@^5.3.17
1288 silly packumentCache full:https://registry.npmjs.org/terser-webpack-plugin cache-miss
1289 http fetch GET 200 https://registry.npmjs.org/loader-runner 48ms (cache miss)
1290 silly packumentCache full:https://registry.npmjs.org/loader-runner set size:undefined disposed:false
1291 http fetch GET 200 https://registry.npmjs.org/glob-to-regexp 44ms (cache miss)
1292 silly packumentCache full:https://registry.npmjs.org/glob-to-regexp set size:undefined disposed:false
1293 http fetch GET 200 https://registry.npmjs.org/@inquirer%2fpassword 554ms (cache miss)
1294 silly packumentCache full:https://registry.npmjs.org/@inquirer%2fpassword set size:undefined disposed:false
1295 http fetch GET 200 https://registry.npmjs.org/@types%2feslint-scope 59ms (cache miss)
1296 silly packumentCache full:https://registry.npmjs.org/@types%2feslint-scope set size:undefined disposed:false
1297 http fetch GET 200 https://registry.npmjs.org/terser-webpack-plugin 59ms (cache miss)
1298 silly packumentCache full:https://registry.npmjs.org/terser-webpack-plugin set size:undefined disposed:false
1299 http fetch GET 200 https://registry.npmjs.org/@inquirer%2fselect 769ms (cache miss)
1300 silly packumentCache full:https://registry.npmjs.org/@inquirer%2fselect set size:undefined disposed:false
1301 http fetch GET 200 https://registry.npmjs.org/acorn-import-phases 304ms (cache miss)
1302 silly packumentCache full:https://registry.npmjs.org/acorn-import-phases set size:undefined disposed:false
1303 silly placeDep ROOT ajv@8.18.0 OK for: @angular-devkit/core@19.2.27 want: 8.18.0
1304 silly placeDep ROOT ajv-formats@3.0.1 OK for: @angular-devkit/core@19.2.27 want: 3.0.1
1305 silly placeDep ROOT jsonc-parser@3.3.1 OK for: @angular-devkit/core@19.2.27 want: 3.3.1
1306 silly placeDep ROOT picomatch@4.0.4 OK for: @angular-devkit/core@19.2.27 want: 4.0.4
1307 silly placeDep node_modules/@angular-devkit/core rxjs@7.8.1 OK for: @angular-devkit/core@19.2.27 want: 7.8.1
1308 silly placeDep ROOT source-map@0.7.4 OK for: @angular-devkit/core@19.2.27 want: 0.7.4
1309 silly fetch manifest fast-uri@^3.0.1
1310 silly packumentCache full:https://registry.npmjs.org/fast-uri cache-miss
1311 silly fetch manifest fast-deep-equal@^3.1.3
1312 silly packumentCache full:https://registry.npmjs.org/fast-deep-equal cache-miss
1313 silly fetch manifest require-from-string@^2.0.2
1314 silly packumentCache full:https://registry.npmjs.org/require-from-string cache-miss
1315 silly fetch manifest json-schema-traverse@^1.0.0
1316 silly packumentCache full:https://registry.npmjs.org/json-schema-traverse cache-miss
1317 http fetch GET 200 https://registry.npmjs.org/require-from-string 54ms (cache miss)
1318 silly packumentCache full:https://registry.npmjs.org/require-from-string set size:undefined disposed:false
1319 http fetch GET 200 https://registry.npmjs.org/json-schema-traverse 62ms (cache miss)
1320 silly packumentCache full:https://registry.npmjs.org/json-schema-traverse set size:undefined disposed:false
1321 http fetch GET 200 https://registry.npmjs.org/fast-uri 64ms (cache miss)
1322 silly packumentCache full:https://registry.npmjs.org/fast-uri set size:undefined disposed:false
1323 http fetch GET 200 https://registry.npmjs.org/fast-deep-equal 75ms (cache miss)
1324 silly packumentCache full:https://registry.npmjs.org/fast-deep-equal set size:undefined disposed:false
1325 silly placeDep ROOT magic-string@0.30.17 OK for: @angular-devkit/schematics@19.2.27 want: 0.30.17
1326 silly placeDep node_modules/@angular-devkit/schematics rxjs@7.8.1 OK for: @angular-devkit/schematics@19.2.27 want: 7.8.1
1327 silly fetch manifest @jridgewell/sourcemap-codec@^1.5.0
1328 silly packumentCache full:https://registry.npmjs.org/@jridgewell%2fsourcemap-codec cache-miss
1329 http fetch GET 200 https://registry.npmjs.org/@jridgewell%2fsourcemap-codec 69ms (cache miss)
1330 silly packumentCache full:https://registry.npmjs.org/@jridgewell%2fsourcemap-codec set size:undefined disposed:false
1331 silly placeDep node_modules/@angular-devkit/schematics-cli @inquirer/prompts@7.3.2 OK for: @angular-devkit/schematics-cli@19.2.27 want: 7.3.2
1332 silly placeDep ROOT ansi-colors@4.1.3 OK for: @angular-devkit/schematics-cli@19.2.27 want: 4.1.3
1333 silly placeDep ROOT symbol-observable@4.0.0 OK for: @angular-devkit/schematics-cli@19.2.27 want: 4.0.0
1334 silly placeDep ROOT yargs-parser@21.1.1 OK for: @angular-devkit/schematics-cli@19.2.27 want: 21.1.1
1335 silly fetch manifest @inquirer/input@^4.1.6
1336 silly packumentCache full:https://registry.npmjs.org/@inquirer%2finput cache-miss
1337 silly fetch manifest @inquirer/editor@^4.2.7
1338 silly packumentCache full:https://registry.npmjs.org/@inquirer%2feditor cache-miss
1339 silly fetch manifest @inquirer/expand@^4.0.9
1340 silly packumentCache full:https://registry.npmjs.org/@inquirer%2fexpand cache-miss
1341 silly fetch manifest @inquirer/number@^3.0.9
1342 silly packumentCache full:https://registry.npmjs.org/@inquirer%2fnumber cache-miss
1343 silly fetch manifest @inquirer/search@^3.0.9
1344 silly packumentCache full:https://registry.npmjs.org/@inquirer%2fsearch cache-miss
1345 silly fetch manifest @inquirer/select@^4.0.9
1346 silly packumentCache full:https://registry.npmjs.org/@inquirer%2fselect cache-miss
1347 silly fetch manifest @inquirer/confirm@^5.1.6
1348 silly packumentCache full:https://registry.npmjs.org/@inquirer%2fconfirm cache-miss
1349 http cache https://registry.npmjs.org/@inquirer%2fexpand 5ms (cache hit)
1350 silly packumentCache full:https://registry.npmjs.org/@inquirer%2fexpand set size:324802 disposed:false
1351 silly fetch manifest @inquirer/rawlist@^4.0.9
1352 silly packumentCache full:https://registry.npmjs.org/@inquirer%2frawlist cache-miss
1353 http cache https://registry.npmjs.org/@inquirer%2feditor 8ms (cache hit)
1354 silly packumentCache full:https://registry.npmjs.org/@inquirer%2feditor set size:325629 disposed:false
1355 silly fetch manifest @inquirer/checkbox@^4.1.2
1356 silly packumentCache full:https://registry.npmjs.org/@inquirer%2fcheckbox cache-miss
1357 http cache https://registry.npmjs.org/@inquirer%2finput 10ms (cache hit)
1358 silly packumentCache full:https://registry.npmjs.org/@inquirer%2finput set size:322093 disposed:false
1359 silly fetch manifest @inquirer/password@^4.0.9
1360 silly packumentCache full:https://registry.npmjs.org/@inquirer%2fpassword cache-miss
1361 http cache https://registry.npmjs.org/@inquirer%2fsearch 12ms (cache hit)
1362 silly packumentCache full:https://registry.npmjs.org/@inquirer%2fsearch set size:145997 disposed:false
1363 http cache https://registry.npmjs.org/@inquirer%2fnumber 15ms (cache hit)
1364 silly packumentCache full:https://registry.npmjs.org/@inquirer%2fnumber set size:145257 disposed:false
1365 http cache https://registry.npmjs.org/@inquirer%2fselect 17ms (cache hit)
1366 silly packumentCache full:https://registry.npmjs.org/@inquirer%2fselect set size:338212 disposed:false
1367 http cache https://registry.npmjs.org/@inquirer%2fconfirm 18ms (cache hit)
1368 silly packumentCache full:https://registry.npmjs.org/@inquirer%2fconfirm set size:323578 disposed:false
1369 http cache https://registry.npmjs.org/@inquirer%2frawlist 15ms (cache hit)
1370 silly packumentCache full:https://registry.npmjs.org/@inquirer%2frawlist set size:291645 disposed:false
1371 http cache https://registry.npmjs.org/@inquirer%2fpassword 12ms (cache hit)
1372 silly packumentCache full:https://registry.npmjs.org/@inquirer%2fpassword set size:321625 disposed:false
1373 http cache https://registry.npmjs.org/@inquirer%2fcheckbox 16ms (cache hit)
1374 silly packumentCache full:https://registry.npmjs.org/@inquirer%2fcheckbox set size:349334 disposed:false
1375 silly placeDep ROOT @inquirer/checkbox@4.3.2 OK for: @inquirer/prompts@7.10.1 want: ^4.3.2
1376 silly placeDep ROOT @inquirer/confirm@5.1.21 OK for: @inquirer/prompts@7.10.1 want: ^5.1.21
1377 silly placeDep ROOT @inquirer/editor@4.2.23 OK for: @inquirer/prompts@7.10.1 want: ^4.2.23
1378 silly placeDep ROOT @inquirer/expand@4.0.23 OK for: @inquirer/prompts@7.10.1 want: ^4.0.23
1379 silly placeDep ROOT @inquirer/input@4.3.1 OK for: @inquirer/prompts@7.10.1 want: ^4.3.1
1380 silly placeDep ROOT @inquirer/number@3.0.23 OK for: @inquirer/prompts@7.10.1 want: ^3.0.23
1381 silly placeDep ROOT @inquirer/password@4.0.23 OK for: @inquirer/prompts@7.10.1 want: ^4.0.23
1382 silly placeDep ROOT @inquirer/rawlist@4.1.11 OK for: @inquirer/prompts@7.10.1 want: ^4.1.11
1383 silly placeDep ROOT @inquirer/search@3.2.2 OK for: @inquirer/prompts@7.10.1 want: ^3.2.2
1384 silly placeDep ROOT @inquirer/select@4.4.2 OK for: @inquirer/prompts@7.10.1 want: ^4.4.2
1385 silly fetch manifest @inquirer/ansi@^1.0.2
1386 silly packumentCache full:https://registry.npmjs.org/@inquirer%2fansi cache-miss
1387 silly fetch manifest @inquirer/core@^10.3.2
1388 silly packumentCache full:https://registry.npmjs.org/@inquirer%2fcore cache-miss
1389 silly fetch manifest @inquirer/type@^3.0.10
1390 silly packumentCache full:https://registry.npmjs.org/@inquirer%2ftype cache-miss
1391 silly fetch manifest yoctocolors-cjs@^2.1.3
1392 silly packumentCache full:https://registry.npmjs.org/yoctocolors-cjs cache-miss
1393 silly fetch manifest @inquirer/figures@^1.0.15
1394 silly packumentCache full:https://registry.npmjs.org/@inquirer%2ffigures cache-miss
1395 silly fetch manifest @inquirer/core@^10.3.2
1396 silly packumentCache full:https://registry.npmjs.org/@inquirer%2fcore cache-miss
1397 silly fetch manifest @inquirer/type@^3.0.10
1398 silly packumentCache full:https://registry.npmjs.org/@inquirer%2ftype cache-miss
1399 http fetch GET 200 https://registry.npmjs.org/yoctocolors-cjs 49ms (cache miss)
1400 silly packumentCache full:https://registry.npmjs.org/yoctocolors-cjs set size:undefined disposed:false
1401 silly fetch manifest @inquirer/core@^10.3.2
1402 silly packumentCache full:https://registry.npmjs.org/@inquirer%2fcore cache-miss
1403 http fetch GET 200 https://registry.npmjs.org/@inquirer%2ffigures 59ms (cache miss)
1404 silly packumentCache full:https://registry.npmjs.org/@inquirer%2ffigures set size:undefined disposed:false
1405 silly fetch manifest @inquirer/type@^3.0.10
1406 silly packumentCache full:https://registry.npmjs.org/@inquirer%2ftype cache-miss
1407 http fetch GET 200 https://registry.npmjs.org/@inquirer%2fcore 67ms (cache miss)
1408 silly packumentCache full:https://registry.npmjs.org/@inquirer%2fcore set size:undefined disposed:false
1409 silly fetch manifest @inquirer/external-editor@^1.0.3
1410 silly packumentCache full:https://registry.npmjs.org/@inquirer%2fexternal-editor cache-miss
1411 http fetch GET 200 https://registry.npmjs.org/@inquirer%2ftype 70ms (cache miss)
1412 silly packumentCache full:https://registry.npmjs.org/@inquirer%2ftype set size:undefined disposed:false
1413 silly fetch manifest @inquirer/ansi@^1.0.2
1414 silly packumentCache full:https://registry.npmjs.org/@inquirer%2fansi cache-miss
1415 http fetch GET 200 https://registry.npmjs.org/@inquirer%2fansi 47ms (cache miss)
1416 silly packumentCache full:https://registry.npmjs.org/@inquirer%2fansi set size:undefined disposed:false
1417 http fetch GET 200 https://registry.npmjs.org/@inquirer%2fexternal-editor 62ms (cache miss)
1418 silly packumentCache full:https://registry.npmjs.org/@inquirer%2fexternal-editor set size:undefined disposed:false
1419 http fetch GET 200 https://registry.npmjs.org/@inquirer%2ftype 72ms (cache miss)
1420 silly packumentCache full:https://registry.npmjs.org/@inquirer%2ftype set size:undefined disposed:false
1421 http fetch GET 200 https://registry.npmjs.org/@inquirer%2ftype 300ms (cache miss)
1422 silly packumentCache full:https://registry.npmjs.org/@inquirer%2ftype set size:undefined disposed:false
1423 http fetch GET 200 https://registry.npmjs.org/@inquirer%2fansi 441ms (cache miss)
1424 silly packumentCache full:https://registry.npmjs.org/@inquirer%2fansi set size:undefined disposed:false
1425 http fetch GET 200 https://registry.npmjs.org/@inquirer%2fcore 568ms (cache miss)
1426 silly packumentCache full:https://registry.npmjs.org/@inquirer%2fcore set size:undefined disposed:false
1427 http fetch GET 200 https://registry.npmjs.org/@inquirer%2fcore 564ms (cache miss)
1428 silly packumentCache full:https://registry.npmjs.org/@inquirer%2fcore set size:undefined disposed:false
1429 silly placeDep ROOT @inquirer/ansi@1.0.2 OK for: @inquirer/checkbox@4.3.2 want: ^1.0.2
1430 silly placeDep ROOT @inquirer/core@10.3.2 OK for: @inquirer/checkbox@4.3.2 want: ^10.3.2
1431 silly placeDep ROOT @inquirer/figures@1.0.15 OK for: @inquirer/checkbox@4.3.2 want: ^1.0.15
1432 silly placeDep ROOT @inquirer/type@3.0.10 OK for: @inquirer/checkbox@4.3.2 want: ^3.0.10
1433 silly placeDep ROOT yoctocolors-cjs@2.1.3 OK for: @inquirer/checkbox@4.3.2 want: ^2.1.3
1434 silly fetch manifest cli-width@^4.1.0
1435 silly packumentCache full:https://registry.npmjs.org/cli-width cache-miss
1436 silly fetch manifest wrap-ansi@^6.2.0
1437 silly packumentCache full:https://registry.npmjs.org/wrap-ansi cache-miss
1438 silly fetch manifest mute-stream@^2.0.0
1439 silly packumentCache full:https://registry.npmjs.org/mute-stream cache-miss
1440 silly fetch manifest signal-exit@^4.1.0
1441 silly packumentCache full:https://registry.npmjs.org/signal-exit cache-miss
1442 http fetch GET 200 https://registry.npmjs.org/cli-width 67ms (cache miss)
1443 silly packumentCache full:https://registry.npmjs.org/cli-width set size:undefined disposed:false
1444 http fetch GET 200 https://registry.npmjs.org/signal-exit 67ms (cache miss)
1445 silly packumentCache full:https://registry.npmjs.org/signal-exit set size:undefined disposed:false
1446 http fetch GET 200 https://registry.npmjs.org/mute-stream 69ms (cache miss)
1447 silly packumentCache full:https://registry.npmjs.org/mute-stream set size:undefined disposed:false
1448 http fetch GET 200 https://registry.npmjs.org/wrap-ansi 70ms (cache miss)
1449 silly packumentCache full:https://registry.npmjs.org/wrap-ansi set size:undefined disposed:false
1450 silly placeDep ROOT cli-width@4.1.0 OK for: @inquirer/core@10.3.2 want: ^4.1.0
1451 silly placeDep ROOT mute-stream@2.0.0 OK for: @inquirer/core@10.3.2 want: ^2.0.0
1452 silly placeDep ROOT signal-exit@4.1.0 OK for: @inquirer/core@10.3.2 want: ^4.1.0
1453 silly placeDep ROOT wrap-ansi@6.2.0 OK for: @inquirer/core@10.3.2 want: ^6.2.0
1454 silly fetch manifest ansi-styles@^4.0.0
1455 silly packumentCache full:https://registry.npmjs.org/ansi-styles cache-miss
1456 silly fetch manifest string-width@^4.1.0
1457 silly packumentCache full:https://registry.npmjs.org/string-width cache-miss
1458 http cache https://registry.npmjs.org/string-width 5ms (cache hit)
1459 silly packumentCache full:https://registry.npmjs.org/string-width set size:72458 disposed:false
1460 http fetch GET 200 https://registry.npmjs.org/ansi-styles 53ms (cache miss)
1461 silly packumentCache full:https://registry.npmjs.org/ansi-styles set size:undefined disposed:false
1462 silly placeDep ROOT @inquirer/external-editor@1.0.3 OK for: @inquirer/editor@4.2.23 want: ^1.0.3
1463 silly fetch manifest chardet@^2.1.1
1464 silly packumentCache full:https://registry.npmjs.org/chardet cache-miss
1465 silly fetch manifest iconv-lite@^0.7.0
1466 silly packumentCache full:https://registry.npmjs.org/iconv-lite cache-miss
1467 http fetch GET 200 https://registry.npmjs.org/chardet 54ms (cache miss)
1468 silly packumentCache full:https://registry.npmjs.org/chardet set size:undefined disposed:false
1469 http fetch GET 200 https://registry.npmjs.org/iconv-lite 59ms (cache miss)
1470 silly packumentCache full:https://registry.npmjs.org/iconv-lite set size:undefined disposed:false
1471 silly placeDep ROOT chardet@2.2.0 OK for: @inquirer/external-editor@1.0.3 want: ^2.1.1
1472 silly placeDep ROOT iconv-lite@0.7.3 OK for: @inquirer/external-editor@1.0.3 want: ^0.7.0
1473 silly fetch manifest safer-buffer@>= 2.1.2 < 3.0.0
1474 silly packumentCache full:https://registry.npmjs.org/safer-buffer cache-miss
1475 http fetch GET 200 https://registry.npmjs.org/safer-buffer 50ms (cache miss)
1476 silly packumentCache full:https://registry.npmjs.org/safer-buffer set size:undefined disposed:false
1477 silly placeDep ROOT file-type@21.3.4 OK for: @nestjs/common@11.2.1 want: 21.3.4
1478 silly placeDep ROOT iterare@1.2.1 OK for: @nestjs/common@11.2.1 want: 1.2.1
1479 silly placeDep ROOT load-esm@1.0.3 OK for: @nestjs/common@11.2.1 want: 1.0.3
1480 silly placeDep ROOT tslib@2.8.1 OK for: @nestjs/common@11.2.1 want: 2.8.1
1481 silly placeDep ROOT uid@2.0.2 OK for: @nestjs/common@11.2.1 want: 2.0.2
1482 silly fetch manifest strtok3@^10.3.4
1483 silly packumentCache full:https://registry.npmjs.org/strtok3 cache-miss
1484 silly fetch manifest token-types@^6.1.1
1485 silly packumentCache full:https://registry.npmjs.org/token-types cache-miss
1486 silly fetch manifest uint8array-extras@^1.4.0
1487 silly packumentCache full:https://registry.npmjs.org/uint8array-extras cache-miss
1488 silly fetch manifest @tokenizer/inflate@^0.4.1
1489 silly packumentCache full:https://registry.npmjs.org/@tokenizer%2finflate cache-miss
1490 silly fetch manifest @lukeed/csprng@^1.0.0
1491 silly packumentCache full:https://registry.npmjs.org/@lukeed%2fcsprng cache-miss
1492 http fetch GET 200 https://registry.npmjs.org/uint8array-extras 400ms (cache miss)
1493 silly packumentCache full:https://registry.npmjs.org/uint8array-extras set size:undefined disposed:false
1494 http fetch GET 200 https://registry.npmjs.org/token-types 401ms (cache miss)
1495 silly packumentCache full:https://registry.npmjs.org/token-types set size:undefined disposed:false
1496 http fetch GET 200 https://registry.npmjs.org/strtok3 404ms (cache miss)
1497 silly packumentCache full:https://registry.npmjs.org/strtok3 set size:undefined disposed:false
1498 http fetch GET 200 https://registry.npmjs.org/@lukeed%2fcsprng 536ms (cache miss)
1499 silly packumentCache full:https://registry.npmjs.org/@lukeed%2fcsprng set size:undefined disposed:false
1500 http fetch GET 200 https://registry.npmjs.org/@tokenizer%2finflate 555ms (cache miss)
1501 silly packumentCache full:https://registry.npmjs.org/@tokenizer%2finflate set size:undefined disposed:false
1502 silly placeDep ROOT dotenv@17.4.1 OK for: @nestjs/config@4.0.4 want: 17.4.1
1503 silly placeDep ROOT dotenv-expand@12.0.3 OK for: @nestjs/config@4.0.4 want: 12.0.3
1504 silly placeDep ROOT lodash@4.18.1 OK for: @nestjs/config@4.0.4 want: 4.18.1
1505 silly fetch manifest dotenv@^16.4.5
1506 silly packumentCache full:https://registry.npmjs.org/dotenv cache-miss
1507 http cache https://registry.npmjs.org/dotenv 2ms (cache hit)
1508 silly packumentCache full:https://registry.npmjs.org/dotenv set size:277821 disposed:false
1509 silly placeDep ROOT fast-safe-stringify@2.1.1 OK for: @nestjs/core@11.2.1 want: 2.1.1
1510 silly placeDep ROOT path-to-regexp@8.4.2 OK for: @nestjs/core@11.2.1 want: 8.4.2
1511 silly placeDep ROOT @types/jsonwebtoken@9.0.10 OK for: @nestjs/jwt@11.0.2 want: 9.0.10
1512 silly placeDep ROOT jsonwebtoken@9.0.3 OK for: @nestjs/jwt@11.0.2 want: 9.0.3
1513 silly fetch manifest @types/ms@*
1514 silly packumentCache full:https://registry.npmjs.org/@types%2fms cache-miss
1515 silly fetch manifest ms@^2.1.1
1516 silly packumentCache full:https://registry.npmjs.org/ms cache-miss
1517 silly fetch manifest jws@^4.0.1
1518 silly packumentCache full:https://registry.npmjs.org/jws cache-miss
1519 silly fetch manifest semver@^7.5.4
1520 silly packumentCache full:https://registry.npmjs.org/semver cache-hit
1521 silly fetch manifest lodash.once@^4.0.0
1522 silly packumentCache full:https://registry.npmjs.org/lodash.once cache-miss
1523 silly fetch manifest lodash.includes@^4.3.0
1524 silly packumentCache full:https://registry.npmjs.org/lodash.includes cache-miss
1525 silly fetch manifest lodash.isnumber@^3.0.3
1526 silly packumentCache full:https://registry.npmjs.org/lodash.isnumber cache-miss
1527 silly fetch manifest lodash.isstring@^4.0.1
1528 silly packumentCache full:https://registry.npmjs.org/lodash.isstring cache-miss
1529 http fetch GET 200 https://registry.npmjs.org/lodash.isstring 54ms (cache miss)
1530 silly packumentCache full:https://registry.npmjs.org/lodash.isstring set size:undefined disposed:false
1531 silly fetch manifest lodash.isboolean@^3.0.3
1532 silly packumentCache full:https://registry.npmjs.org/lodash.isboolean cache-miss
1533 http fetch GET 200 https://registry.npmjs.org/ms 56ms (cache miss)
1534 silly packumentCache full:https://registry.npmjs.org/ms set size:undefined disposed:false
1535 silly fetch manifest lodash.isinteger@^4.0.4
1536 silly packumentCache full:https://registry.npmjs.org/lodash.isinteger cache-miss
1537 http fetch GET 200 https://registry.npmjs.org/lodash.includes 60ms (cache miss)
1538 silly packumentCache full:https://registry.npmjs.org/lodash.includes set size:undefined disposed:false
1539 silly fetch manifest lodash.isplainobject@^4.0.6
1540 silly packumentCache full:https://registry.npmjs.org/lodash.isplainobject cache-miss
1541 http fetch GET 200 https://registry.npmjs.org/jws 61ms (cache miss)
1542 silly packumentCache full:https://registry.npmjs.org/jws set size:undefined disposed:false
1543 http fetch GET 200 https://registry.npmjs.org/@types%2fms 62ms (cache miss)
1544 silly packumentCache full:https://registry.npmjs.org/@types%2fms set size:undefined disposed:false
1545 http fetch GET 200 https://registry.npmjs.org/lodash.isinteger 52ms (cache miss)
1546 silly packumentCache full:https://registry.npmjs.org/lodash.isinteger set size:undefined disposed:false
1547 http fetch GET 200 https://registry.npmjs.org/lodash.isboolean 55ms (cache miss)
1548 silly packumentCache full:https://registry.npmjs.org/lodash.isboolean set size:undefined disposed:false
1549 http fetch GET 200 https://registry.npmjs.org/lodash.isplainobject 51ms (cache miss)
1550 silly packumentCache full:https://registry.npmjs.org/lodash.isplainobject set size:undefined disposed:false
1551 http fetch GET 200 https://registry.npmjs.org/lodash.once 451ms (cache miss)
1552 silly packumentCache full:https://registry.npmjs.org/lodash.once set size:undefined disposed:false
1553 http fetch GET 200 https://registry.npmjs.org/lodash.isnumber 452ms (cache miss)
1554 silly packumentCache full:https://registry.npmjs.org/lodash.isnumber set size:undefined disposed:false
1555 silly placeDep ROOT cors@2.8.6 OK for: @nestjs/platform-express@11.2.1 want: 2.8.6
1556 silly placeDep ROOT express@5.2.1 OK for: @nestjs/platform-express@11.2.1 want: 5.2.1
1557 silly placeDep node_modules/@nestjs/platform-express multer@2.2.0 OK for: @nestjs/platform-express@11.2.1 want: 2.2.0
1558 silly fetch manifest object-assign@^4
1559 silly packumentCache full:https://registry.npmjs.org/object-assign cache-miss
1560 silly fetch manifest vary@^1
1561 silly packumentCache full:https://registry.npmjs.org/vary cache-miss
1562 silly fetch manifest qs@^6.14.0
1563 silly packumentCache full:https://registry.npmjs.org/qs cache-miss
1564 silly fetch manifest depd@^2.0.0
1565 silly packumentCache full:https://registry.npmjs.org/depd cache-miss
1566 silly fetch manifest etag@^1.8.1
1567 silly packumentCache full:https://registry.npmjs.org/etag cache-miss
1568 silly fetch manifest once@^1.4.0
1569 silly packumentCache full:https://registry.npmjs.org/once cache-miss
1570 silly fetch manifest send@^1.1.0
1571 silly packumentCache full:https://registry.npmjs.org/send cache-miss
1572 http cache https://registry.npmjs.org/object-assign 6ms (cache hit)
1573 silly packumentCache full:https://registry.npmjs.org/object-assign set size:28988 disposed:false
1574 silly fetch manifest vary@^1.1.2
1575 silly packumentCache full:https://registry.npmjs.org/vary cache-miss
1576 http fetch GET 200 https://registry.npmjs.org/once 58ms (cache miss)
1577 silly packumentCache full:https://registry.npmjs.org/once set size:undefined disposed:false
1578 silly fetch manifest debug@^4.4.0
1579 silly packumentCache full:https://registry.npmjs.org/debug cache-miss
1580 http fetch GET 200 https://registry.npmjs.org/etag 59ms (cache miss)
1581 silly packumentCache full:https://registry.npmjs.org/etag set size:undefined disposed:false
1582 silly fetch manifest fresh@^2.0.0
1583 silly packumentCache full:https://registry.npmjs.org/fresh cache-miss
1584 http fetch GET 200 https://registry.npmjs.org/depd 60ms (cache miss)
1585 silly packumentCache full:https://registry.npmjs.org/depd set size:undefined disposed:false
1586 silly fetch manifest cookie@^0.7.1
1587 silly packumentCache full:https://registry.npmjs.org/cookie cache-miss
1588 http fetch GET 200 https://registry.npmjs.org/vary 62ms (cache miss)
1589 silly packumentCache full:https://registry.npmjs.org/vary set size:undefined disposed:false
1590 silly fetch manifest router@^2.2.0
1591 silly packumentCache full:https://registry.npmjs.org/router cache-miss
1592 http fetch GET 200 https://registry.npmjs.org/vary 56ms (cache miss)
1593 silly packumentCache full:https://registry.npmjs.org/vary set size:undefined disposed:false
1594 silly fetch manifest accepts@^2.0.0
1595 silly packumentCache full:https://registry.npmjs.org/accepts cache-miss
1596 http fetch GET 200 https://registry.npmjs.org/send 64ms (cache miss)
1597 silly packumentCache full:https://registry.npmjs.org/send set size:undefined disposed:false
1598 silly fetch manifest type-is@^2.0.1
1599 silly packumentCache full:https://registry.npmjs.org/type-is cache-miss
1600 http cache https://registry.npmjs.org/type-is 1ms (cache hit)
1601 silly packumentCache full:https://registry.npmjs.org/type-is set size:88614 disposed:false
1602 silly fetch manifest parseurl@^1.3.3
1603 silly packumentCache full:https://registry.npmjs.org/parseurl cache-miss
1604 http fetch GET 200 https://registry.npmjs.org/qs 78ms (cache miss)
1605 silly packumentCache full:https://registry.npmjs.org/qs set size:undefined disposed:false
1606 silly fetch manifest statuses@^2.0.1
1607 silly packumentCache full:https://registry.npmjs.org/statuses cache-miss
1608 http fetch GET 200 https://registry.npmjs.org/fresh 48ms (cache miss)
1609 silly packumentCache full:https://registry.npmjs.org/fresh set size:undefined disposed:false
1610 silly fetch manifest encodeurl@^2.0.0
1611 silly packumentCache full:https://registry.npmjs.org/encodeurl cache-miss
1612 http fetch GET 200 https://registry.npmjs.org/debug 52ms (cache miss)
1613 silly packumentCache full:https://registry.npmjs.org/debug set size:undefined disposed:false
1614 silly fetch manifest mime-types@^3.0.0
1615 silly packumentCache full:https://registry.npmjs.org/mime-types cache-miss
1616 http fetch GET 200 https://registry.npmjs.org/cookie 53ms (cache miss)
1617 silly packumentCache full:https://registry.npmjs.org/cookie set size:undefined disposed:false
1618 silly fetch manifest proxy-addr@^2.0.7
1619 silly packumentCache full:https://registry.npmjs.org/proxy-addr cache-miss
1620 http fetch GET 200 https://registry.npmjs.org/router 54ms (cache miss)
1621 silly packumentCache full:https://registry.npmjs.org/router set size:undefined disposed:false
1622 silly fetch manifest body-parser@^2.2.1
1623 silly packumentCache full:https://registry.npmjs.org/body-parser cache-miss
1624 http fetch GET 200 https://registry.npmjs.org/accepts 56ms (cache miss)
1625 silly packumentCache full:https://registry.npmjs.org/accepts set size:undefined disposed:false
1626 silly fetch manifest escape-html@^1.0.3
1627 silly packumentCache full:https://registry.npmjs.org/escape-html cache-miss
1628 http fetch GET 200 https://registry.npmjs.org/parseurl 54ms (cache miss)
1629 silly packumentCache full:https://registry.npmjs.org/parseurl set size:undefined disposed:false
1630 silly fetch manifest http-errors@^2.0.0
1631 silly packumentCache full:https://registry.npmjs.org/http-errors cache-miss
1632 http fetch GET 200 https://registry.npmjs.org/statuses 47ms (cache miss)
1633 silly packumentCache full:https://registry.npmjs.org/statuses set size:undefined disposed:false
1634 silly fetch manifest on-finished@^2.4.1
1635 silly packumentCache full:https://registry.npmjs.org/on-finished cache-miss
1636 http fetch GET 200 https://registry.npmjs.org/encodeurl 48ms (cache miss)
1637 silly packumentCache full:https://registry.npmjs.org/encodeurl set size:undefined disposed:false
1638 silly fetch manifest content-type@^1.0.5
1639 silly packumentCache full:https://registry.npmjs.org/content-type cache-miss
1640 http fetch GET 200 https://registry.npmjs.org/proxy-addr 51ms (cache miss)
1641 silly packumentCache full:https://registry.npmjs.org/proxy-addr set size:undefined disposed:false
1642 silly fetch manifest finalhandler@^2.1.0
1643 silly packumentCache full:https://registry.npmjs.org/finalhandler cache-miss
1644 http fetch GET 200 https://registry.npmjs.org/body-parser 55ms (cache miss)
1645 silly packumentCache full:https://registry.npmjs.org/body-parser set size:undefined disposed:false
1646 silly fetch manifest range-parser@^1.2.1
1647 silly packumentCache full:https://registry.npmjs.org/range-parser cache-miss
1648 http fetch GET 200 https://registry.npmjs.org/mime-types 67ms (cache miss)
1649 silly packumentCache full:https://registry.npmjs.org/mime-types set size:undefined disposed:false
1650 silly fetch manifest serve-static@^2.2.0
1651 silly packumentCache full:https://registry.npmjs.org/serve-static cache-miss
1652 http fetch GET 200 https://registry.npmjs.org/escape-html 62ms (cache miss)
1653 silly packumentCache full:https://registry.npmjs.org/escape-html set size:undefined disposed:false
1654 silly fetch manifest cookie-signature@^1.2.1
1655 silly packumentCache full:https://registry.npmjs.org/cookie-signature cache-miss
1656 http fetch GET 200 https://registry.npmjs.org/on-finished 55ms (cache miss)
1657 silly packumentCache full:https://registry.npmjs.org/on-finished set size:undefined disposed:false
1658 silly fetch manifest merge-descriptors@^2.0.0
1659 silly packumentCache full:https://registry.npmjs.org/merge-descriptors cache-miss
1660 http fetch GET 200 https://registry.npmjs.org/http-errors 63ms (cache miss)
1661 silly packumentCache full:https://registry.npmjs.org/http-errors set size:undefined disposed:false
1662 silly fetch manifest content-disposition@^1.0.0
1663 silly packumentCache full:https://registry.npmjs.org/content-disposition cache-miss
1664 http cache https://registry.npmjs.org/cookie-signature 5ms (cache hit)
1665 silly packumentCache full:https://registry.npmjs.org/cookie-signature set size:21777 disposed:false
1666 silly fetch manifest busboy@^1.6.0
1667 silly packumentCache full:https://registry.npmjs.org/busboy cache-miss
1668 http cache https://registry.npmjs.org/busboy 1ms (cache hit)
1669 silly packumentCache full:https://registry.npmjs.org/busboy set size:78901 disposed:false
1670 silly fetch manifest concat-stream@^2.0.0
1671 silly packumentCache full:https://registry.npmjs.org/concat-stream cache-miss
1672 http cache https://registry.npmjs.org/concat-stream 2ms (cache hit)
1673 silly packumentCache full:https://registry.npmjs.org/concat-stream set size:63783 disposed:false
1674 silly fetch manifest type-is@^1.6.18
1675 silly packumentCache full:https://registry.npmjs.org/type-is cache-hit
1676 http fetch GET 200 https://registry.npmjs.org/content-type 43ms (cache miss)
1677 silly packumentCache full:https://registry.npmjs.org/content-type set size:undefined disposed:false
1678 http fetch GET 200 https://registry.npmjs.org/finalhandler 37ms (cache miss)
1679 silly packumentCache full:https://registry.npmjs.org/finalhandler set size:undefined disposed:false
1680 http fetch GET 200 https://registry.npmjs.org/merge-descriptors 43ms (cache miss)
1681 silly packumentCache full:https://registry.npmjs.org/merge-descriptors set size:undefined disposed:false
1682 http fetch GET 200 https://registry.npmjs.org/content-disposition 47ms (cache miss)
1683 silly packumentCache full:https://registry.npmjs.org/content-disposition set size:undefined disposed:false
1684 http fetch GET 200 https://registry.npmjs.org/serve-static 52ms (cache miss)
1685 silly packumentCache full:https://registry.npmjs.org/serve-static set size:undefined disposed:false
1686 http fetch GET 200 https://registry.npmjs.org/range-parser 64ms (cache miss)
1687 silly packumentCache full:https://registry.npmjs.org/range-parser set size:undefined disposed:false
1688 silly fetch manifest chokidar@^4.0.0
1689 silly packumentCache full:https://registry.npmjs.org/chokidar cache-hit
1690 silly placeDep node_modules/@nestjs/schematics @angular-devkit/core@19.2.24 OK for: @nestjs/schematics@11.1.0 want: 19.2.24
1691 silly placeDep node_modules/@nestjs/schematics @angular-devkit/schematics@19.2.24 OK for: @nestjs/schematics@11.1.0 want: 19.2.24
1692 silly placeDep ROOT comment-json@5.0.0 OK for: @nestjs/schematics@11.1.0 want: 5.0.0
1693 silly placeDep ROOT pluralize@8.0.0 OK for: @nestjs/schematics@11.1.0 want: 8.0.0
1694 silly fetch manifest array-timsort@^1.0.3
1695 silly packumentCache full:https://registry.npmjs.org/array-timsort cache-miss
1696 silly fetch manifest esprima@^4.0.1
1697 silly packumentCache full:https://registry.npmjs.org/esprima cache-miss
1698 http fetch GET 200 https://registry.npmjs.org/esprima 40ms (cache miss)
1699 silly packumentCache full:https://registry.npmjs.org/esprima set size:undefined disposed:false
1700 http fetch GET 200 https://registry.npmjs.org/array-timsort 47ms (cache miss)
1701 silly packumentCache full:https://registry.npmjs.org/array-timsort set size:undefined disposed:false
1702 silly placeDep ROOT @alloc/quick-lru@5.2.0 OK for: @tailwindcss/postcss@4.3.3 want: ^5.2.0
1703 silly placeDep ROOT @tailwindcss/node@4.3.3 OK for: @tailwindcss/postcss@4.3.3 want: 4.3.3
1704 silly placeDep ROOT @tailwindcss/oxide@4.3.3 OK for: @tailwindcss/postcss@4.3.3 want: 4.3.3
1705 silly fetch manifest jiti@^2.7.0
1706 silly packumentCache full:https://registry.npmjs.org/jiti cache-miss
1707 silly fetch manifest lightningcss@1.32.0
1708 silly packumentCache full:https://registry.npmjs.org/lightningcss cache-miss
1709 silly fetch manifest magic-string@^0.30.21
1710 silly packumentCache full:https://registry.npmjs.org/magic-string cache-miss
1711 silly fetch manifest enhanced-resolve@^5.24.1
1712 silly packumentCache full:https://registry.npmjs.org/enhanced-resolve cache-hit
1713 silly fetch manifest @jridgewell/remapping@^2.3.5
1714 silly packumentCache full:https://registry.npmjs.org/@jridgewell%2fremapping cache-miss
1715 silly fetch manifest @tailwindcss/oxide-darwin-x64@4.3.3
1716 silly packumentCache full:https://registry.npmjs.org/@tailwindcss%2foxide-darwin-x64 cache-miss
1717 silly fetch manifest @tailwindcss/oxide-freebsd-x64@4.3.3
1718 silly packumentCache full:https://registry.npmjs.org/@tailwindcss%2foxide-freebsd-x64 cache-miss
1719 silly fetch manifest @tailwindcss/oxide-wasm32-wasi@4.3.3
1720 silly packumentCache full:https://registry.npmjs.org/@tailwindcss%2foxide-wasm32-wasi cache-miss
1721 http cache https://registry.npmjs.org/magic-string 4ms (cache hit)
1722 silly packumentCache full:https://registry.npmjs.org/magic-string set size:349634 disposed:false
1723 silly fetch manifest @tailwindcss/oxide-darwin-arm64@4.3.3
1724 silly packumentCache full:https://registry.npmjs.org/@tailwindcss%2foxide-darwin-arm64 cache-miss
1725 http fetch GET 200 https://registry.npmjs.org/lightningcss 62ms (cache miss)
1726 silly packumentCache full:https://registry.npmjs.org/lightningcss set size:undefined disposed:false
1727 silly fetch manifest @tailwindcss/oxide-android-arm64@4.3.3
1728 silly packumentCache full:https://registry.npmjs.org/@tailwindcss%2foxide-android-arm64 cache-miss
1729 http fetch GET 200 https://registry.npmjs.org/@jridgewell%2fremapping 63ms (cache miss)
1730 silly packumentCache full:https://registry.npmjs.org/@jridgewell%2fremapping set size:undefined disposed:false
1731 silly fetch manifest @tailwindcss/oxide-linux-x64-gnu@4.3.3
1732 silly packumentCache full:https://registry.npmjs.org/@tailwindcss%2foxide-linux-x64-gnu cache-miss
1733 http fetch GET 200 https://registry.npmjs.org/jiti 65ms (cache miss)
1734 silly packumentCache full:https://registry.npmjs.org/jiti set size:undefined disposed:false
1735 silly fetch manifest @tailwindcss/oxide-linux-x64-musl@4.3.3
1736 silly packumentCache full:https://registry.npmjs.org/@tailwindcss%2foxide-linux-x64-musl cache-miss
1737 http fetch GET 200 https://registry.npmjs.org/@tailwindcss%2foxide-wasm32-wasi 82ms (cache miss)
1738 silly packumentCache full:https://registry.npmjs.org/@tailwindcss%2foxide-wasm32-wasi set size:undefined disposed:false
1739 silly fetch manifest @tailwindcss/oxide-win32-x64-msvc@4.3.3
1740 silly packumentCache full:https://registry.npmjs.org/@tailwindcss%2foxide-win32-x64-msvc cache-miss
1741 http fetch GET 200 https://registry.npmjs.org/@tailwindcss%2foxide-freebsd-x64 147ms (cache miss)
1742 silly packumentCache full:https://registry.npmjs.org/@tailwindcss%2foxide-freebsd-x64 set size:undefined disposed:false
1743 silly fetch manifest @tailwindcss/oxide-linux-arm64-gnu@4.3.3
1744 silly packumentCache full:https://registry.npmjs.org/@tailwindcss%2foxide-linux-arm64-gnu cache-miss
1745 http fetch GET 200 https://registry.npmjs.org/@tailwindcss%2foxide-darwin-x64 167ms (cache miss)
1746 silly packumentCache full:https://registry.npmjs.org/@tailwindcss%2foxide-darwin-x64 set size:undefined disposed:false
1747 silly fetch manifest @tailwindcss/oxide-linux-arm64-musl@4.3.3
1748 silly packumentCache full:https://registry.npmjs.org/@tailwindcss%2foxide-linux-arm64-musl cache-miss
1749 http fetch GET 200 https://registry.npmjs.org/@tailwindcss%2foxide-darwin-arm64 192ms (cache miss)
1750 silly packumentCache full:https://registry.npmjs.org/@tailwindcss%2foxide-darwin-arm64 set size:undefined disposed:false
1751 silly fetch manifest @tailwindcss/oxide-win32-arm64-msvc@4.3.3
1752 silly packumentCache full:https://registry.npmjs.org/@tailwindcss%2foxide-win32-arm64-msvc cache-miss
1753 http fetch GET 200 https://registry.npmjs.org/@tailwindcss%2foxide-android-arm64 151ms (cache miss)
1754 silly packumentCache full:https://registry.npmjs.org/@tailwindcss%2foxide-android-arm64 set size:undefined disposed:false
1755 silly fetch manifest @tailwindcss/oxide-linux-arm-gnueabihf@4.3.3
1756 silly packumentCache full:https://registry.npmjs.org/@tailwindcss%2foxide-linux-arm-gnueabihf cache-miss
1757 http fetch GET 200 https://registry.npmjs.org/@tailwindcss%2foxide-linux-x64-gnu 171ms (cache miss)
1758 silly packumentCache full:https://registry.npmjs.org/@tailwindcss%2foxide-linux-x64-gnu set size:undefined disposed:false
1759 http fetch GET 200 https://registry.npmjs.org/@tailwindcss%2foxide-linux-x64-musl 181ms (cache miss)
1760 silly packumentCache full:https://registry.npmjs.org/@tailwindcss%2foxide-linux-x64-musl set size:undefined disposed:false
1761 http fetch GET 200 https://registry.npmjs.org/@tailwindcss%2foxide-win32-x64-msvc 172ms (cache miss)
1762 silly packumentCache full:https://registry.npmjs.org/@tailwindcss%2foxide-win32-x64-msvc set size:undefined disposed:false
1763 http fetch GET 200 https://registry.npmjs.org/@tailwindcss%2foxide-linux-arm64-gnu 139ms (cache miss)
1764 silly packumentCache full:https://registry.npmjs.org/@tailwindcss%2foxide-linux-arm64-gnu set size:undefined disposed:false
1765 http fetch GET 200 https://registry.npmjs.org/@tailwindcss%2foxide-linux-arm-gnueabihf 109ms (cache miss)
1766 silly packumentCache full:https://registry.npmjs.org/@tailwindcss%2foxide-linux-arm-gnueabihf set size:undefined disposed:false
1767 http fetch GET 200 https://registry.npmjs.org/@tailwindcss%2foxide-win32-arm64-msvc 540ms (cache miss)
1768 silly packumentCache full:https://registry.npmjs.org/@tailwindcss%2foxide-win32-arm64-msvc set size:undefined disposed:false
1769 http fetch GET 200 https://registry.npmjs.org/@tailwindcss%2foxide-linux-arm64-musl 578ms (cache miss)
1770 silly packumentCache full:https://registry.npmjs.org/@tailwindcss%2foxide-linux-arm64-musl set size:undefined disposed:false
1771 silly placeDep ROOT @jridgewell/remapping@2.3.5 OK for: @tailwindcss/node@4.3.3 want: ^2.3.5
1772 silly placeDep ROOT enhanced-resolve@5.24.5 OK for: @tailwindcss/node@4.3.3 want: ^5.24.1
1773 silly placeDep ROOT jiti@2.7.0 OK for: @tailwindcss/node@4.3.3 want: ^2.7.0
1774 silly placeDep ROOT lightningcss@1.32.0 OK for: @tailwindcss/node@4.3.3 want: 1.32.0
1775 silly placeDep node_modules/@tailwindcss/node magic-string@0.30.21 OK for: @tailwindcss/node@4.3.3 want: ^0.30.21
1776 silly placeDep ROOT source-map-js@1.2.1 OK for: @tailwindcss/node@4.3.3 want: ^1.2.1
1777 silly fetch manifest @jridgewell/gen-mapping@^0.3.5
1778 silly packumentCache full:https://registry.npmjs.org/@jridgewell%2fgen-mapping cache-miss
1779 silly fetch manifest @jridgewell/trace-mapping@^0.3.24
1780 silly packumentCache full:https://registry.npmjs.org/@jridgewell%2ftrace-mapping cache-miss
1781 silly fetch manifest tapable@^2.3.3
1782 silly packumentCache full:https://registry.npmjs.org/tapable cache-hit
1783 silly fetch manifest graceful-fs@^4.2.4
1784 silly packumentCache full:https://registry.npmjs.org/graceful-fs cache-miss
1785 silly fetch manifest detect-libc@^2.0.3
1786 silly packumentCache full:https://registry.npmjs.org/detect-libc cache-miss
1787 silly fetch manifest lightningcss-darwin-x64@1.32.0
1788 silly packumentCache full:https://registry.npmjs.org/lightningcss-darwin-x64 cache-miss
1789 silly fetch manifest lightningcss-freebsd-x64@1.32.0
1790 silly packumentCache full:https://registry.npmjs.org/lightningcss-freebsd-x64 cache-miss
1791 silly fetch manifest lightningcss-darwin-arm64@1.32.0
1792 silly packumentCache full:https://registry.npmjs.org/lightningcss-darwin-arm64 cache-miss
1793 http cache https://registry.npmjs.org/graceful-fs 4ms (cache hit)
1794 silly packumentCache full:https://registry.npmjs.org/graceful-fs set size:124285 disposed:false
1795 silly fetch manifest lightningcss-android-arm64@1.32.0
1796 silly packumentCache full:https://registry.npmjs.org/lightningcss-android-arm64 cache-miss
1797 http fetch GET 200 https://registry.npmjs.org/lightningcss-android-arm64 60ms (cache miss)
1798 silly packumentCache full:https://registry.npmjs.org/lightningcss-android-arm64 set size:undefined disposed:false
1799 silly fetch manifest lightningcss-linux-x64-gnu@1.32.0
1800 silly packumentCache full:https://registry.npmjs.org/lightningcss-linux-x64-gnu cache-miss
1801 http fetch GET 200 https://registry.npmjs.org/detect-libc 66ms (cache miss)
1802 silly packumentCache full:https://registry.npmjs.org/detect-libc set size:undefined disposed:false
1803 silly fetch manifest lightningcss-linux-x64-musl@1.32.0
1804 silly packumentCache full:https://registry.npmjs.org/lightningcss-linux-x64-musl cache-miss
1805 http fetch GET 200 https://registry.npmjs.org/lightningcss-darwin-x64 67ms (cache miss)
1806 silly packumentCache full:https://registry.npmjs.org/lightningcss-darwin-x64 set size:undefined disposed:false
1807 silly fetch manifest lightningcss-win32-x64-msvc@1.32.0
1808 silly packumentCache full:https://registry.npmjs.org/lightningcss-win32-x64-msvc cache-miss
1809 http fetch GET 200 https://registry.npmjs.org/lightningcss-darwin-arm64 67ms (cache miss)
1810 silly packumentCache full:https://registry.npmjs.org/lightningcss-darwin-arm64 set size:undefined disposed:false
1811 silly fetch manifest lightningcss-linux-arm64-gnu@1.32.0
1812 silly packumentCache full:https://registry.npmjs.org/lightningcss-linux-arm64-gnu cache-miss
1813 http fetch GET 200 https://registry.npmjs.org/lightningcss-freebsd-x64 69ms (cache miss)
1814 silly packumentCache full:https://registry.npmjs.org/lightningcss-freebsd-x64 set size:undefined disposed:false
1815 silly fetch manifest lightningcss-linux-arm64-musl@1.32.0
1816 silly packumentCache full:https://registry.npmjs.org/lightningcss-linux-arm64-musl cache-miss
1817 http fetch GET 200 https://registry.npmjs.org/@jridgewell%2ftrace-mapping 72ms (cache miss)
1818 silly packumentCache full:https://registry.npmjs.org/@jridgewell%2ftrace-mapping set size:undefined disposed:false
1819 silly fetch manifest lightningcss-win32-arm64-msvc@1.32.0
1820 silly packumentCache full:https://registry.npmjs.org/lightningcss-win32-arm64-msvc cache-miss
1821 http fetch GET 200 https://registry.npmjs.org/@jridgewell%2fgen-mapping 73ms (cache miss)
1822 silly packumentCache full:https://registry.npmjs.org/@jridgewell%2fgen-mapping set size:undefined disposed:false
1823 silly fetch manifest lightningcss-linux-arm-gnueabihf@1.32.0
1824 silly packumentCache full:https://registry.npmjs.org/lightningcss-linux-arm-gnueabihf cache-miss
1825 http fetch GET 200 https://registry.npmjs.org/lightningcss-linux-x64-musl 49ms (cache miss)
1826 silly packumentCache full:https://registry.npmjs.org/lightningcss-linux-x64-musl set size:undefined disposed:false
1827 silly fetch manifest @jridgewell/sourcemap-codec@^1.5.5
1828 silly packumentCache full:https://registry.npmjs.org/@jridgewell%2fsourcemap-codec cache-miss
1829 http cache https://registry.npmjs.org/@jridgewell%2fsourcemap-codec 4ms (cache hit)
1830 silly packumentCache full:https://registry.npmjs.org/@jridgewell%2fsourcemap-codec set size:51856 disposed:false
1831 http fetch GET 200 https://registry.npmjs.org/lightningcss-linux-arm64-gnu 51ms (cache miss)
1832 silly packumentCache full:https://registry.npmjs.org/lightningcss-linux-arm64-gnu set size:undefined disposed:false
1833 http fetch GET 200 https://registry.npmjs.org/lightningcss-linux-x64-gnu 55ms (cache miss)
1834 silly packumentCache full:https://registry.npmjs.org/lightningcss-linux-x64-gnu set size:undefined disposed:false
1835 http fetch GET 200 https://registry.npmjs.org/lightningcss-win32-x64-msvc 55ms (cache miss)
1836 silly packumentCache full:https://registry.npmjs.org/lightningcss-win32-x64-msvc set size:undefined disposed:false
1837 http fetch GET 200 https://registry.npmjs.org/lightningcss-linux-arm64-musl 53ms (cache miss)
1838 silly packumentCache full:https://registry.npmjs.org/lightningcss-linux-arm64-musl set size:undefined disposed:false
1839 http fetch GET 200 https://registry.npmjs.org/lightningcss-win32-arm64-msvc 50ms (cache miss)
1840 silly packumentCache full:https://registry.npmjs.org/lightningcss-win32-arm64-msvc set size:undefined disposed:false
1841 http fetch GET 200 https://registry.npmjs.org/lightningcss-linux-arm-gnueabihf 50ms (cache miss)
1842 silly packumentCache full:https://registry.npmjs.org/lightningcss-linux-arm-gnueabihf set size:undefined disposed:false
1843 silly placeDep ROOT @jridgewell/gen-mapping@0.3.13 OK for: @jridgewell/remapping@2.3.5 want: ^0.3.5
1844 silly placeDep ROOT @jridgewell/trace-mapping@0.3.31 OK for: @jridgewell/remapping@2.3.5 want: ^0.3.24
1845 silly fetch manifest @jridgewell/resolve-uri@^3.1.0
1846 silly packumentCache full:https://registry.npmjs.org/@jridgewell%2fresolve-uri cache-miss
1847 silly fetch manifest @jridgewell/sourcemap-codec@^1.4.14
1848 silly packumentCache full:https://registry.npmjs.org/@jridgewell%2fsourcemap-codec cache-hit
1849 http fetch GET 200 https://registry.npmjs.org/@jridgewell%2fresolve-uri 53ms (cache miss)
1850 silly packumentCache full:https://registry.npmjs.org/@jridgewell%2fresolve-uri set size:undefined disposed:false
1851 silly placeDep ROOT @jridgewell/sourcemap-codec@1.5.5 OK for: @jridgewell/gen-mapping@0.3.13 want: ^1.5.0
1852 silly placeDep ROOT @jridgewell/resolve-uri@3.1.2 OK for: @jridgewell/trace-mapping@0.3.31 want: ^3.1.0
1853 silly placeDep ROOT @tailwindcss/oxide-android-arm64@4.3.3 OK for: @tailwindcss/oxide@4.3.3 want: 4.3.3
1854 silly placeDep ROOT @tailwindcss/oxide-darwin-arm64@4.3.3 OK for: @tailwindcss/oxide@4.3.3 want: 4.3.3
1855 silly placeDep ROOT @tailwindcss/oxide-darwin-x64@4.3.3 OK for: @tailwindcss/oxide@4.3.3 want: 4.3.3
1856 silly placeDep ROOT @tailwindcss/oxide-freebsd-x64@4.3.3 OK for: @tailwindcss/oxide@4.3.3 want: 4.3.3
1857 silly placeDep ROOT @tailwindcss/oxide-linux-arm-gnueabihf@4.3.3 OK for: @tailwindcss/oxide@4.3.3 want: 4.3.3
1858 silly placeDep ROOT @tailwindcss/oxide-linux-arm64-gnu@4.3.3 OK for: @tailwindcss/oxide@4.3.3 want: 4.3.3
1859 silly placeDep ROOT @tailwindcss/oxide-linux-arm64-musl@4.3.3 OK for: @tailwindcss/oxide@4.3.3 want: 4.3.3
1860 silly placeDep ROOT @tailwindcss/oxide-linux-x64-gnu@4.3.3 OK for: @tailwindcss/oxide@4.3.3 want: 4.3.3
1861 silly placeDep ROOT @tailwindcss/oxide-linux-x64-musl@4.3.3 OK for: @tailwindcss/oxide@4.3.3 want: 4.3.3
1862 silly placeDep ROOT @tailwindcss/oxide-wasm32-wasi@4.3.3 OK for: @tailwindcss/oxide@4.3.3 want: 4.3.3
1863 silly placeDep ROOT @tailwindcss/oxide-win32-arm64-msvc@4.3.3 OK for: @tailwindcss/oxide@4.3.3 want: 4.3.3
1864 silly placeDep ROOT @tailwindcss/oxide-win32-x64-msvc@4.3.3 OK for: @tailwindcss/oxide@4.3.3 want: 4.3.3
1865 silly placeDep ROOT @tanstack/query-core@5.101.4 OK for: @tanstack/react-query@5.101.4 want: 5.101.4
1866 silly placeDep ROOT @types/body-parser@1.19.6 OK for: @types/express@5.0.6 want: *
1867 silly placeDep ROOT @types/express-serve-static-core@5.1.3 OK for: @types/express@5.0.6 want: ^5.0.0
1868 silly placeDep ROOT @types/serve-static@2.2.0 OK for: @types/express@5.0.6 want: ^2
1869 silly fetch manifest @types/connect@*
1870 silly packumentCache full:https://registry.npmjs.org/@types%2fconnect cache-miss
1871 silly fetch manifest @types/qs@*
1872 silly packumentCache full:https://registry.npmjs.org/@types%2fqs cache-miss
1873 silly fetch manifest @types/send@*
1874 silly packumentCache full:https://registry.npmjs.org/@types%2fsend cache-miss
1875 silly fetch manifest @types/range-parser@*
1876 silly packumentCache full:https://registry.npmjs.org/@types%2frange-parser cache-miss
1877 silly fetch manifest @types/http-errors@*
1878 silly packumentCache full:https://registry.npmjs.org/@types%2fhttp-errors cache-miss
1879 http fetch GET 200 https://registry.npmjs.org/@types%2fconnect 64ms (cache miss)
1880 silly packumentCache full:https://registry.npmjs.org/@types%2fconnect set size:undefined disposed:false
1881 http fetch GET 200 https://registry.npmjs.org/@types%2frange-parser 64ms (cache miss)
1882 silly packumentCache full:https://registry.npmjs.org/@types%2frange-parser set size:undefined disposed:false
1883 http fetch GET 200 https://registry.npmjs.org/@types%2fsend 66ms (cache miss)
1884 silly packumentCache full:https://registry.npmjs.org/@types%2fsend set size:undefined disposed:false
1885 http fetch GET 200 https://registry.npmjs.org/@types%2fqs 378ms (cache miss)
1886 silly packumentCache full:https://registry.npmjs.org/@types%2fqs set size:undefined disposed:false
1887 http fetch GET 200 https://registry.npmjs.org/@types%2fhttp-errors 512ms (cache miss)
1888 silly packumentCache full:https://registry.npmjs.org/@types%2fhttp-errors set size:undefined disposed:false
1889 silly placeDep ROOT @types/connect@3.4.38 OK for: @types/body-parser@1.19.6 want: *
1890 silly placeDep ROOT @types/qs@6.15.1 OK for: @types/express-serve-static-core@5.1.3 want: *
1891 silly placeDep ROOT @types/range-parser@1.2.7 OK for: @types/express-serve-static-core@5.1.3 want: *
1892 silly placeDep ROOT @types/send@1.2.1 OK for: @types/express-serve-static-core@5.1.3 want: *
1893 silly placeDep ROOT expect@29.7.0 OK for: @types/jest@29.5.14 want: ^29.0.0
1894 silly placeDep ROOT pretty-format@29.7.0 OK for: @types/jest@29.5.14 want: ^29.0.0
1895 silly fetch manifest jest-util@^29.7.0
1896 silly packumentCache full:https://registry.npmjs.org/jest-util cache-miss
1897 silly fetch manifest jest-get-type@^29.6.3
1898 silly packumentCache full:https://registry.npmjs.org/jest-get-type cache-miss
1899 silly fetch manifest jest-message-util@^29.7.0
1900 silly packumentCache full:https://registry.npmjs.org/jest-message-util cache-miss
1901 silly fetch manifest @jest/expect-utils@^29.7.0
1902 silly packumentCache full:https://registry.npmjs.org/@jest%2fexpect-utils cache-miss
1903 silly fetch manifest jest-matcher-utils@^29.7.0
1904 silly packumentCache full:https://registry.npmjs.org/jest-matcher-utils cache-miss
1905 silly fetch manifest react-is@^18.0.0
1906 silly packumentCache full:https://registry.npmjs.org/react-is cache-miss
1907 silly fetch manifest ansi-styles@^5.0.0
1908 silly packumentCache full:https://registry.npmjs.org/ansi-styles cache-miss
1909 http cache https://registry.npmjs.org/ansi-styles 3ms (cache hit)
1910 silly packumentCache full:https://registry.npmjs.org/ansi-styles set size:71772 disposed:false
1911 silly fetch manifest @jest/schemas@^29.6.3
1912 silly packumentCache full:https://registry.npmjs.org/@jest%2fschemas cache-miss
1913 http cache https://registry.npmjs.org/jest-util 5ms (cache hit)
1914 silly packumentCache full:https://registry.npmjs.org/jest-util set size:587891 disposed:false
1915 http fetch GET 200 https://registry.npmjs.org/jest-message-util 57ms (cache miss)
1916 silly packumentCache full:https://registry.npmjs.org/jest-message-util set size:undefined disposed:false
1917 http fetch GET 200 https://registry.npmjs.org/@jest%2fexpect-utils 66ms (cache miss)
1918 silly packumentCache full:https://registry.npmjs.org/@jest%2fexpect-utils set size:undefined disposed:false
1919 http fetch GET 200 https://registry.npmjs.org/jest-matcher-utils 71ms (cache miss)
1920 silly packumentCache full:https://registry.npmjs.org/jest-matcher-utils set size:undefined disposed:false
1921 http fetch GET 200 https://registry.npmjs.org/react-is 176ms (cache miss)
1922 silly packumentCache full:https://registry.npmjs.org/react-is set size:undefined disposed:false
1923 http fetch GET 200 https://registry.npmjs.org/@jest%2fschemas 294ms (cache miss)
1924 silly packumentCache full:https://registry.npmjs.org/@jest%2fschemas set size:undefined disposed:false
1925 http fetch GET 200 https://registry.npmjs.org/jest-get-type 299ms (cache miss)
1926 silly packumentCache full:https://registry.npmjs.org/jest-get-type set size:undefined disposed:false
1927 silly placeDep ROOT @types/ms@2.1.0 OK for: @types/jsonwebtoken@9.0.10 want: *
1928 silly placeDep ROOT undici-types@6.21.0 OK for: @types/node@22.20.1 want: ~6.21.0
1929 silly placeDep ROOT @types/passport-strategy@0.2.38 OK for: @types/passport-jwt@4.0.1 want: *
1930 silly fetch manifest @types/passport@*
1931 silly packumentCache full:https://registry.npmjs.org/@types%2fpassport cache-miss
1932 http fetch GET 200 https://registry.npmjs.org/@types%2fpassport 686ms (cache miss)
1933 silly packumentCache full:https://registry.npmjs.org/@types%2fpassport set size:undefined disposed:false
1934 silly placeDep ROOT @types/passport@1.0.17 OK for: @types/passport-strategy@0.2.38 want: *
1935 silly placeDep ROOT csstype@3.2.3 OK for: @types/react@19.2.18 want: ^3.2.2
1936 silly placeDep ROOT @types/http-errors@2.0.5 OK for: @types/serve-static@2.2.0 want: *
1937 silly placeDep ROOT @types/methods@1.1.4 OK for: @types/supertest@6.0.3 want: ^1.1.4
1938 silly placeDep ROOT @types/superagent@8.1.11 OK for: @types/supertest@6.0.3 want: ^8.1.0
1939 silly fetch manifest form-data@^4.0.0
1940 silly packumentCache full:https://registry.npmjs.org/form-data cache-miss
1941 silly fetch manifest @types/cookiejar@^2.1.5
1942 silly packumentCache full:https://registry.npmjs.org/@types%2fcookiejar cache-miss
1943 http fetch GET 200 https://registry.npmjs.org/form-data 58ms (cache miss)
1944 silly packumentCache full:https://registry.npmjs.org/form-data set size:undefined disposed:false
1945 http fetch GET 200 https://registry.npmjs.org/@types%2fcookiejar 63ms (cache miss)
1946 silly packumentCache full:https://registry.npmjs.org/@types%2fcookiejar set size:undefined disposed:false
1947 silly placeDep ROOT @types/cookiejar@2.1.5 OK for: @types/superagent@8.1.11 want: ^2.1.5
1948 silly placeDep ROOT form-data@4.0.6 OK for: @types/superagent@8.1.11 want: ^4.0.0
1949 silly fetch manifest hasown@^2.0.4
1950 silly packumentCache full:https://registry.npmjs.org/hasown cache-miss
1951 silly fetch manifest asynckit@^0.4.0
1952 silly packumentCache full:https://registry.npmjs.org/asynckit cache-miss
1953 silly fetch manifest mime-types@^2.1.35
1954 silly packumentCache full:https://registry.npmjs.org/mime-types cache-miss
1955 silly fetch manifest combined-stream@^1.0.8
1956 silly packumentCache full:https://registry.npmjs.org/combined-stream cache-miss
1957 silly fetch manifest es-set-tostringtag@^2.1.0
1958 silly packumentCache full:https://registry.npmjs.org/es-set-tostringtag cache-miss
1959 http cache https://registry.npmjs.org/mime-types 2ms (cache hit)
1960 silly packumentCache full:https://registry.npmjs.org/mime-types set size:139110 disposed:false
1961 http fetch GET 200 https://registry.npmjs.org/combined-stream 61ms (cache miss)
1962 silly packumentCache full:https://registry.npmjs.org/combined-stream set size:undefined disposed:false
1963 http fetch GET 200 https://registry.npmjs.org/asynckit 62ms (cache miss)
1964 silly packumentCache full:https://registry.npmjs.org/asynckit set size:undefined disposed:false
1965 http fetch GET 200 https://registry.npmjs.org/hasown 65ms (cache miss)
1966 silly packumentCache full:https://registry.npmjs.org/hasown set size:undefined disposed:false
1967 http fetch GET 200 https://registry.npmjs.org/es-set-tostringtag 65ms (cache miss)
1968 silly packumentCache full:https://registry.npmjs.org/es-set-tostringtag set size:undefined disposed:false
1969 silly placeDep ROOT fast-deep-equal@3.1.3 OK for: ajv@8.18.0 want: ^3.1.3
1970 silly placeDep ROOT fast-uri@3.1.5 OK for: ajv@8.18.0 want: ^3.0.1
1971 silly placeDep ROOT json-schema-traverse@1.0.0 OK for: ajv@8.18.0 want: ^1.0.0
1972 silly placeDep ROOT require-from-string@2.0.2 OK for: ajv@8.18.0 want: ^2.0.2
1973 silly placeDep ROOT @mapbox/node-pre-gyp@1.0.11 OK for: bcrypt@5.1.1 want: ^1.0.11
1974 silly placeDep ROOT node-addon-api@5.1.0 OK for: bcrypt@5.1.1 want: ^5.0.0
1975 silly fetch manifest tar@^6.1.11
1976 silly packumentCache full:https://registry.npmjs.org/tar cache-miss
1977 silly fetch manifest nopt@^5.0.0
1978 silly packumentCache full:https://registry.npmjs.org/nopt cache-miss
1979 silly fetch manifest npmlog@^5.0.1
1980 silly packumentCache full:https://registry.npmjs.org/npmlog cache-miss
1981 silly fetch manifest rimraf@^3.0.2
1982 silly packumentCache full:https://registry.npmjs.org/rimraf cache-miss
1983 silly fetch manifest make-dir@^3.1.0
1984 silly packumentCache full:https://registry.npmjs.org/make-dir cache-miss
1985 silly fetch manifest node-fetch@^2.6.7
1986 silly packumentCache full:https://registry.npmjs.org/node-fetch cache-miss
1987 silly fetch manifest detect-libc@^2.0.0
1988 silly packumentCache full:https://registry.npmjs.org/detect-libc cache-miss
1989 http cache https://registry.npmjs.org/detect-libc 2ms (cache hit)
1990 silly packumentCache full:https://registry.npmjs.org/detect-libc set size:47861 disposed:false
1991 silly fetch manifest https-proxy-agent@^5.0.0
1992 silly packumentCache full:https://registry.npmjs.org/https-proxy-agent cache-miss
1993 http fetch GET 200 https://registry.npmjs.org/rimraf 53ms (cache miss)
1994 silly packumentCache full:https://registry.npmjs.org/rimraf set size:undefined disposed:false
1995 http fetch GET 200 https://registry.npmjs.org/make-dir 59ms (cache miss)
1996 silly packumentCache full:https://registry.npmjs.org/make-dir set size:undefined disposed:false
1997 http fetch GET 200 https://registry.npmjs.org/https-proxy-agent 57ms (cache miss)
1998 silly packumentCache full:https://registry.npmjs.org/https-proxy-agent set size:undefined disposed:false
1999 http fetch GET 200 https://registry.npmjs.org/tar 61ms (cache miss)
2000 silly packumentCache full:https://registry.npmjs.org/tar set size:undefined disposed:false
2001 http fetch GET 200 https://registry.npmjs.org/node-fetch 103ms (cache miss)
2002 silly packumentCache full:https://registry.npmjs.org/node-fetch set size:undefined disposed:false
2003 http fetch GET 200 https://registry.npmjs.org/nopt 470ms (cache miss)
2004 silly packumentCache full:https://registry.npmjs.org/nopt set size:undefined disposed:false
2005 http fetch GET 200 https://registry.npmjs.org/npmlog 472ms (cache miss)
2006 silly packumentCache full:https://registry.npmjs.org/npmlog set size:undefined disposed:false
2007 silly fetch manifest encoding@^0.1.0
2008 silly packumentCache full:https://registry.npmjs.org/encoding cache-miss
2009 http fetch GET 200 https://registry.npmjs.org/encoding 42ms (cache miss)
2010 silly packumentCache full:https://registry.npmjs.org/encoding set size:undefined disposed:false
2011 silly placeDep ROOT detect-libc@2.1.2 OK for: @mapbox/node-pre-gyp@1.0.11 want: ^2.0.0
2012 silly placeDep ROOT https-proxy-agent@5.0.1 OK for: @mapbox/node-pre-gyp@1.0.11 want: ^5.0.0
2013 silly placeDep ROOT make-dir@3.1.0 OK for: @mapbox/node-pre-gyp@1.0.11 want: ^3.1.0
2014 silly placeDep ROOT node-fetch@2.7.0 OK for: @mapbox/node-pre-gyp@1.0.11 want: ^2.6.7
2015 silly placeDep ROOT nopt@5.0.0 OK for: @mapbox/node-pre-gyp@1.0.11 want: ^5.0.0
2016 silly placeDep ROOT npmlog@5.0.1 OK for: @mapbox/node-pre-gyp@1.0.11 want: ^5.0.1
2017 silly placeDep ROOT rimraf@3.0.2 OK for: @mapbox/node-pre-gyp@1.0.11 want: ^3.0.2
2018 silly placeDep ROOT semver@7.8.5 OK for: @mapbox/node-pre-gyp@1.0.11 want: ^7.3.5
2019 silly placeDep ROOT tar@6.2.1 OK for: @mapbox/node-pre-gyp@1.0.11 want: ^6.1.11
2020 silly fetch manifest debug@4
2021 silly packumentCache full:https://registry.npmjs.org/debug cache-miss
2022 silly fetch manifest agent-base@6
2023 silly packumentCache full:https://registry.npmjs.org/agent-base cache-miss
2024 silly fetch manifest semver@^6.0.0
2025 silly packumentCache full:https://registry.npmjs.org/semver cache-hit
2026 silly fetch manifest whatwg-url@^5.0.0
2027 silly packumentCache full:https://registry.npmjs.org/whatwg-url cache-miss
2028 silly fetch manifest abbrev@1
2029 silly packumentCache full:https://registry.npmjs.org/abbrev cache-miss
2030 silly fetch manifest gauge@^3.0.0
2031 silly packumentCache full:https://registry.npmjs.org/gauge cache-miss
2032 silly fetch manifest set-blocking@^2.0.0
2033 silly packumentCache full:https://registry.npmjs.org/set-blocking cache-miss
2034 silly fetch manifest are-we-there-yet@^2.0.0
2035 silly packumentCache full:https://registry.npmjs.org/are-we-there-yet cache-miss
2036 http cache https://registry.npmjs.org/debug 5ms (cache hit)
2037 silly packumentCache full:https://registry.npmjs.org/debug set size:195840 disposed:false
2038 silly fetch manifest console-control-strings@^1.1.0
2039 silly packumentCache full:https://registry.npmjs.org/console-control-strings cache-miss
2040 http fetch GET 200 https://registry.npmjs.org/gauge 62ms (cache miss)
2041 silly packumentCache full:https://registry.npmjs.org/gauge set size:undefined disposed:false
2042 silly fetch manifest glob@^7.1.3
2043 silly packumentCache full:https://registry.npmjs.org/glob cache-miss
2044 http fetch GET 200 https://registry.npmjs.org/whatwg-url 63ms (cache miss)
2045 silly packumentCache full:https://registry.npmjs.org/whatwg-url set size:undefined disposed:false
2046 silly fetch manifest chownr@^2.0.0
2047 silly packumentCache full:https://registry.npmjs.org/chownr cache-miss
2048 http cache https://registry.npmjs.org/glob 5ms (cache hit)
2049 silly packumentCache full:https://registry.npmjs.org/glob set size:469465 disposed:false
2050 silly fetch manifest mkdirp@^1.0.3
2051 silly packumentCache full:https://registry.npmjs.org/mkdirp cache-miss
2052 http cache https://registry.npmjs.org/mkdirp 4ms (cache hit)
2053 silly packumentCache full:https://registry.npmjs.org/mkdirp set size:116415 disposed:false
2054 silly fetch manifest yallist@^4.0.0
2055 silly packumentCache full:https://registry.npmjs.org/yallist cache-miss
2056 http fetch GET 200 https://registry.npmjs.org/chownr 43ms (cache miss)
2057 silly packumentCache full:https://registry.npmjs.org/chownr set size:undefined disposed:false
2058 silly fetch manifest minipass@^5.0.0
2059 silly packumentCache full:https://registry.npmjs.org/minipass cache-miss
2060 http cache https://registry.npmjs.org/minipass 1ms (cache hit)
2061 silly packumentCache full:https://registry.npmjs.org/minipass set size:276925 disposed:false
2062 silly fetch manifest minizlib@^2.1.1
2063 silly packumentCache full:https://registry.npmjs.org/minizlib cache-miss
2064 http fetch GET 200 https://registry.npmjs.org/yallist 55ms (cache miss)
2065 silly packumentCache full:https://registry.npmjs.org/yallist set size:undefined disposed:false
2066 silly fetch manifest fs-minipass@^2.0.0
2067 silly packumentCache full:https://registry.npmjs.org/fs-minipass cache-miss
2068 http fetch GET 200 https://registry.npmjs.org/minizlib 58ms (cache miss)
2069 silly packumentCache full:https://registry.npmjs.org/minizlib set size:undefined disposed:false
2070 http fetch GET 200 https://registry.npmjs.org/console-control-strings 284ms (cache miss)
2071 silly packumentCache full:https://registry.npmjs.org/console-control-strings set size:undefined disposed:false
2072 http fetch GET 200 https://registry.npmjs.org/agent-base 294ms (cache miss)
2073 silly packumentCache full:https://registry.npmjs.org/agent-base set size:undefined disposed:false
2074 http fetch GET 200 https://registry.npmjs.org/set-blocking 295ms (cache miss)
2075 silly packumentCache full:https://registry.npmjs.org/set-blocking set size:undefined disposed:false
2076 http fetch GET 200 https://registry.npmjs.org/abbrev 298ms (cache miss)
2077 silly packumentCache full:https://registry.npmjs.org/abbrev set size:undefined disposed:false
2078 http fetch GET 200 https://registry.npmjs.org/are-we-there-yet 305ms (cache miss)
2079 silly packumentCache full:https://registry.npmjs.org/are-we-there-yet set size:undefined disposed:false
2080 http fetch GET 200 https://registry.npmjs.org/fs-minipass 292ms (cache miss)
2081 silly packumentCache full:https://registry.npmjs.org/fs-minipass set size:undefined disposed:false
2082 silly placeDep ROOT readdirp@4.1.2 OK for: chokidar@4.0.3 want: ^4.0.1
2083 silly placeDep ROOT @types/validator@13.15.10 OK for: class-validator@0.14.4 want: ^13.15.3
2084 silly placeDep ROOT libphonenumber-js@1.13.11 OK for: class-validator@0.14.4 want: ^1.11.1
2085 silly placeDep ROOT validator@13.15.35 OK for: class-validator@0.14.4 want: ^13.15.22
2086 silly placeDep ROOT @colors/colors@1.5.0 OK for: cli-table3@0.6.5 want: 1.5.0
2087 silly placeDep ROOT string-width@4.2.3 OK for: cli-table3@0.6.5 want: ^4.2.0
2088 silly fetch manifest strip-ansi@^6.0.1
2089 silly packumentCache full:https://registry.npmjs.org/strip-ansi cache-miss
2090 silly fetch manifest emoji-regex@^8.0.0
2091 silly packumentCache full:https://registry.npmjs.org/emoji-regex cache-miss
2092 silly fetch manifest is-fullwidth-code-point@^3.0.0
2093 silly packumentCache full:https://registry.npmjs.org/is-fullwidth-code-point cache-miss
2094 http cache https://registry.npmjs.org/strip-ansi 2ms (cache hit)
2095 silly packumentCache full:https://registry.npmjs.org/strip-ansi set size:44998 disposed:false
2096 http fetch GET 200 https://registry.npmjs.org/is-fullwidth-code-point 51ms (cache miss)
2097 silly packumentCache full:https://registry.npmjs.org/is-fullwidth-code-point set size:undefined disposed:false
2098 http fetch GET 200 https://registry.npmjs.org/emoji-regex 54ms (cache miss)
2099 silly packumentCache full:https://registry.npmjs.org/emoji-regex set size:undefined disposed:false
2100 silly placeDep ROOT array-timsort@1.0.3 OK for: comment-json@5.0.0 want: ^1.0.3
2101 silly placeDep ROOT esprima@4.0.1 OK for: comment-json@5.0.0 want: ^4.0.1
2102 silly placeDep ROOT object-assign@4.1.1 OK for: cors@2.8.6 want: ^4
2103 silly placeDep ROOT vary@1.1.2 OK for: cors@2.8.6 want: ^1
2104 silly placeDep node_modules/dotenv-expand dotenv@16.6.1 OK for: dotenv-expand@12.0.3 want: ^16.4.5
2105 silly placeDep ROOT graceful-fs@4.2.11 OK for: enhanced-resolve@5.24.5 want: ^4.2.4
2106 silly placeDep ROOT tapable@2.3.3 OK for: enhanced-resolve@5.24.5 want: ^2.3.3
2107 silly placeDep ROOT @jest/expect-utils@29.7.0 OK for: expect@29.7.0 want: ^29.7.0
2108 silly placeDep ROOT jest-get-type@29.6.3 OK for: expect@29.7.0 want: ^29.6.3
2109 silly placeDep ROOT jest-matcher-utils@29.7.0 OK for: expect@29.7.0 want: ^29.7.0
2110 silly placeDep ROOT jest-message-util@29.7.0 OK for: expect@29.7.0 want: ^29.7.0
2111 silly placeDep ROOT jest-util@29.7.0 OK for: expect@29.7.0 want: ^29.7.0
2112 silly fetch manifest chalk@^4.0.0
2113 silly packumentCache full:https://registry.npmjs.org/chalk cache-hit
2114 silly fetch manifest jest-diff@^29.7.0
2115 silly packumentCache full:https://registry.npmjs.org/jest-diff cache-miss
2116 silly fetch manifest chalk@^4.0.0
2117 silly packumentCache full:https://registry.npmjs.org/chalk cache-hit
2118 silly fetch manifest slash@^3.0.0
2119 silly packumentCache full:https://registry.npmjs.org/slash cache-miss
2120 silly fetch manifest micromatch@^4.0.4
2121 silly packumentCache full:https://registry.npmjs.org/micromatch cache-miss
2122 silly fetch manifest stack-utils@^2.0.3
2123 silly packumentCache full:https://registry.npmjs.org/stack-utils cache-miss
2124 silly fetch manifest @babel/code-frame@^7.12.13
2125 silly packumentCache full:https://registry.npmjs.org/@babel%2fcode-frame cache-miss
2126 silly fetch manifest @types/stack-utils@^2.0.0
2127 silly packumentCache full:https://registry.npmjs.org/@types%2fstack-utils cache-miss
2128 silly fetch manifest ci-info@^3.2.0
2129 silly packumentCache full:https://registry.npmjs.org/ci-info cache-miss
2130 http cache https://registry.npmjs.org/@babel%2fcode-frame 3ms (cache hit)
2131 silly packumentCache full:https://registry.npmjs.org/@babel%2fcode-frame set size:206617 disposed:false
2132 silly fetch manifest picomatch@^2.2.3
2133 silly packumentCache full:https://registry.npmjs.org/picomatch cache-hit
2134 http fetch GET 200 https://registry.npmjs.org/slash 42ms (cache miss)
2135 silly packumentCache full:https://registry.npmjs.org/slash set size:undefined disposed:false
2136 http fetch GET 200 https://registry.npmjs.org/ci-info 47ms (cache miss)
2137 silly packumentCache full:https://registry.npmjs.org/ci-info set size:undefined disposed:false
2138 http fetch GET 200 https://registry.npmjs.org/micromatch 52ms (cache miss)
2139 silly packumentCache full:https://registry.npmjs.org/micromatch set size:undefined disposed:false
2140 http fetch GET 200 https://registry.npmjs.org/stack-utils 469ms (cache miss)
2141 silly packumentCache full:https://registry.npmjs.org/stack-utils set size:undefined disposed:false
2142 http fetch GET 200 https://registry.npmjs.org/@types%2fstack-utils 470ms (cache miss)
2143 silly packumentCache full:https://registry.npmjs.org/@types%2fstack-utils set size:undefined disposed:false
2144 http fetch GET 200 https://registry.npmjs.org/jest-diff 475ms (cache miss)
2145 silly packumentCache full:https://registry.npmjs.org/jest-diff set size:undefined disposed:false
2146 silly placeDep ROOT accepts@2.0.0 OK for: express@5.2.1 want: ^2.0.0
2147 silly placeDep ROOT body-parser@2.3.0 OK for: express@5.2.1 want: ^2.2.1
2148 silly placeDep ROOT content-disposition@1.1.0 OK for: express@5.2.1 want: ^1.0.0
2149 silly placeDep ROOT content-type@1.0.5 OK for: express@5.2.1 want: ^1.0.5
2150 silly placeDep ROOT cookie@0.7.2 OK for: express@5.2.1 want: ^0.7.1
2151 silly placeDep ROOT cookie-signature@1.2.2 OK for: express@5.2.1 want: ^1.2.1
2152 silly placeDep ROOT debug@4.4.3 OK for: express@5.2.1 want: ^4.4.0
2153 silly placeDep ROOT depd@2.0.0 OK for: express@5.2.1 want: ^2.0.0
2154 silly placeDep ROOT encodeurl@2.0.0 OK for: express@5.2.1 want: ^2.0.0
2155 silly placeDep ROOT escape-html@1.0.3 OK for: express@5.2.1 want: ^1.0.3
2156 silly placeDep ROOT etag@1.8.1 OK for: express@5.2.1 want: ^1.8.1
2157 silly placeDep ROOT finalhandler@2.1.1 OK for: express@5.2.1 want: ^2.1.0
2158 silly placeDep ROOT fresh@2.0.0 OK for: express@5.2.1 want: ^2.0.0
2159 silly placeDep ROOT http-errors@2.0.1 OK for: express@5.2.1 want: ^2.0.0
2160 silly placeDep ROOT merge-descriptors@2.0.0 OK for: express@5.2.1 want: ^2.0.0
2161 silly placeDep ROOT mime-types@3.0.2 OK for: express@5.2.1 want: ^3.0.0
2162 silly placeDep ROOT on-finished@2.4.1 OK for: express@5.2.1 want: ^2.4.1
2163 silly placeDep ROOT once@1.4.0 OK for: express@5.2.1 want: ^1.4.0
2164 silly placeDep ROOT parseurl@1.3.3 OK for: express@5.2.1 want: ^1.3.3
2165 silly placeDep ROOT proxy-addr@2.0.7 OK for: express@5.2.1 want: ^2.0.7
2166 silly placeDep ROOT qs@6.15.3 OK for: express@5.2.1 want: ^6.14.0
2167 silly placeDep ROOT range-parser@1.3.0 OK for: express@5.2.1 want: ^1.2.1
2168 silly placeDep ROOT router@2.2.0 OK for: express@5.2.1 want: ^2.2.0
2169 silly placeDep ROOT send@1.2.1 OK for: express@5.2.1 want: ^1.1.0
2170 silly placeDep ROOT serve-static@2.2.1 OK for: express@5.2.1 want: ^2.2.0
2171 silly placeDep ROOT statuses@2.0.2 OK for: express@5.2.1 want: ^2.0.1
2172 silly placeDep ROOT type-is@2.1.0 OK for: express@5.2.1 want: ^2.0.1
2173 silly fetch manifest negotiator@^1.0.0
2174 silly packumentCache full:https://registry.npmjs.org/negotiator cache-miss
2175 silly fetch manifest qs@^6.15.2
2176 silly packumentCache full:https://registry.npmjs.org/qs cache-miss
2177 silly fetch manifest bytes@^3.1.2
2178 silly packumentCache full:https://registry.npmjs.org/bytes cache-miss
2179 silly fetch manifest debug@^4.4.3
2180 silly packumentCache full:https://registry.npmjs.org/debug cache-hit
2181 silly fetch manifest type-is@^2.1.0
2182 silly packumentCache full:https://registry.npmjs.org/type-is cache-hit
2183 silly fetch manifest raw-body@^3.0.2
2184 silly packumentCache full:https://registry.npmjs.org/raw-body cache-miss
2185 silly fetch manifest http-errors@^2.0.1
2186 silly packumentCache full:https://registry.npmjs.org/http-errors cache-miss
2187 silly fetch manifest content-type@^2.0.0
2188 silly packumentCache full:https://registry.npmjs.org/content-type cache-miss
2189 silly fetch manifest ms@^2.1.3
2190 silly packumentCache full:https://registry.npmjs.org/ms cache-miss
2191 http cache https://registry.npmjs.org/content-type 3ms (cache hit)
2192 silly packumentCache full:https://registry.npmjs.org/content-type set size:23936 disposed:false
2193 silly fetch manifest inherits@~2.0.4
2194 silly packumentCache full:https://registry.npmjs.org/inherits cache-miss
2195 http cache https://registry.npmjs.org/ms 4ms (cache hit)
2196 silly packumentCache full:https://registry.npmjs.org/ms set size:92208 disposed:false
2197 silly fetch manifest setprototypeof@~1.2.0
2198 silly packumentCache full:https://registry.npmjs.org/setprototypeof cache-miss
2199 http cache https://registry.npmjs.org/qs 7ms (cache hit)
2200 silly packumentCache full:https://registry.npmjs.org/qs set size:360318 disposed:false
2201 silly fetch manifest statuses@~2.0.2
2202 silly packumentCache full:https://registry.npmjs.org/statuses cache-miss
2203 http cache https://registry.npmjs.org/http-errors 9ms (cache hit)
2204 silly packumentCache full:https://registry.npmjs.org/http-errors set size:71987 disposed:false
2205 silly fetch manifest toidentifier@~1.0.1
2206 silly packumentCache full:https://registry.npmjs.org/toidentifier cache-miss
2207 http cache https://registry.npmjs.org/statuses 3ms (cache hit)
2208 silly packumentCache full:https://registry.npmjs.org/statuses set size:37117 disposed:false
2209 silly fetch manifest ee-first@1.1.1
2210 silly packumentCache full:https://registry.npmjs.org/ee-first cache-miss
2211 http fetch GET 200 https://registry.npmjs.org/bytes 60ms (cache miss)
2212 silly packumentCache full:https://registry.npmjs.org/bytes set size:undefined disposed:false
2213 silly fetch manifest wrappy@1
2214 silly packumentCache full:https://registry.npmjs.org/wrappy cache-miss
2215 http fetch GET 200 https://registry.npmjs.org/inherits 63ms (cache miss)
2216 silly packumentCache full:https://registry.npmjs.org/inherits set size:undefined disposed:false
2217 silly fetch manifest forwarded@0.2.0
2218 silly packumentCache full:https://registry.npmjs.org/forwarded cache-miss
2219 http fetch GET 200 https://registry.npmjs.org/ee-first 56ms (cache miss)
2220 silly packumentCache full:https://registry.npmjs.org/ee-first set size:undefined disposed:false
2221 silly fetch manifest ipaddr.js@1.9.1
2222 silly packumentCache full:https://registry.npmjs.org/ipaddr.js cache-miss
2223 http fetch GET 200 https://registry.npmjs.org/negotiator 70ms (cache miss)
2224 silly packumentCache full:https://registry.npmjs.org/negotiator set size:undefined disposed:false
2225 silly fetch manifest side-channel@^1.1.1
2226 silly packumentCache full:https://registry.npmjs.org/side-channel cache-miss
2227 http fetch GET 200 https://registry.npmjs.org/toidentifier 61ms (cache miss)
2228 silly packumentCache full:https://registry.npmjs.org/toidentifier set size:undefined disposed:false
2229 silly fetch manifest es-define-property@^1.0.1
2230 silly packumentCache full:https://registry.npmjs.org/es-define-property cache-miss
2231 http fetch GET 200 https://registry.npmjs.org/raw-body 72ms (cache miss)
2232 silly packumentCache full:https://registry.npmjs.org/raw-body set size:undefined disposed:false
2233 silly fetch manifest is-promise@^4.0.0
2234 silly packumentCache full:https://registry.npmjs.org/is-promise cache-miss
2235 http fetch GET 200 https://registry.npmjs.org/wrappy 42ms (cache miss)
2236 silly packumentCache full:https://registry.npmjs.org/wrappy set size:undefined disposed:false
2237 silly fetch manifest statuses@^2.0.2
2238 silly packumentCache full:https://registry.npmjs.org/statuses cache-hit
2239 silly fetch manifest media-typer@^1.1.0
2240 silly packumentCache full:https://registry.npmjs.org/media-typer cache-miss
2241 http fetch GET 200 https://registry.npmjs.org/forwarded 56ms (cache miss)
2242 silly packumentCache full:https://registry.npmjs.org/forwarded set size:undefined disposed:false
2243 http fetch GET 200 https://registry.npmjs.org/side-channel 55ms (cache miss)
2244 silly packumentCache full:https://registry.npmjs.org/side-channel set size:undefined disposed:false
2245 http fetch GET 200 https://registry.npmjs.org/es-define-property 55ms (cache miss)
2246 silly packumentCache full:https://registry.npmjs.org/es-define-property set size:undefined disposed:false
2247 http fetch GET 200 https://registry.npmjs.org/ipaddr.js 60ms (cache miss)
2248 silly packumentCache full:https://registry.npmjs.org/ipaddr.js set size:undefined disposed:false
2249 http fetch GET 200 https://registry.npmjs.org/is-promise 64ms (cache miss)
2250 silly packumentCache full:https://registry.npmjs.org/is-promise set size:undefined disposed:false
2251 http fetch GET 200 https://registry.npmjs.org/media-typer 44ms (cache miss)
2252 silly packumentCache full:https://registry.npmjs.org/media-typer set size:undefined disposed:false
2253 http fetch GET 200 https://registry.npmjs.org/setprototypeof 384ms (cache miss)
2254 silly packumentCache full:https://registry.npmjs.org/setprototypeof set size:undefined disposed:false
2255 silly placeDep ROOT negotiator@1.1.0 OK for: accepts@2.0.0 want: ^1.0.0
2256 silly fetch manifest content-type@^2.1.0
2257 silly packumentCache full:https://registry.npmjs.org/content-type cache-hit
2258 silly placeDep ROOT bytes@3.1.2 OK for: body-parser@2.3.0 want: ^3.1.2
2259 silly placeDep node_modules/body-parser content-type@2.1.0 OK for: body-parser@2.3.0 want: ^2.0.0
2260 silly placeDep ROOT raw-body@3.0.2 OK for: body-parser@2.3.0 want: ^3.0.2
2261 silly fetch manifest unpipe@~1.0.0
2262 silly packumentCache full:https://registry.npmjs.org/unpipe cache-miss
2263 http fetch GET 200 https://registry.npmjs.org/unpipe 49ms (cache miss)
2264 silly packumentCache full:https://registry.npmjs.org/unpipe set size:undefined disposed:false
2265 silly placeDep ROOT ms@2.1.3 OK for: debug@4.4.3 want: ^2.1.3
2266 silly placeDep ROOT @tokenizer/inflate@0.4.1 OK for: file-type@21.3.4 want: ^0.4.1
2267 silly placeDep ROOT strtok3@10.3.5 OK for: file-type@21.3.4 want: ^10.3.4
2268 silly placeDep ROOT token-types@6.1.2 OK for: file-type@21.3.4 want: ^6.1.1
2269 silly placeDep ROOT uint8array-extras@1.5.0 OK for: file-type@21.3.4 want: ^1.4.0
2270 silly fetch manifest @tokenizer/token@^0.3.0
2271 silly packumentCache full:https://registry.npmjs.org/@tokenizer%2ftoken cache-miss
2272 silly fetch manifest @borewit/text-codec@^0.2.1
2273 silly packumentCache full:https://registry.npmjs.org/@borewit%2ftext-codec cache-miss
2274 silly fetch manifest @tokenizer/token@^0.3.0
2275 silly packumentCache full:https://registry.npmjs.org/@tokenizer%2ftoken cache-miss
2276 silly fetch manifest ieee754@^1.2.1
2277 silly packumentCache full:https://registry.npmjs.org/ieee754 cache-miss
2278 http fetch GET 200 https://registry.npmjs.org/@tokenizer%2ftoken 68ms (cache miss)
2279 silly packumentCache full:https://registry.npmjs.org/@tokenizer%2ftoken set size:undefined disposed:false
2280 http fetch GET 200 https://registry.npmjs.org/@tokenizer%2ftoken 70ms (cache miss)
2281 silly packumentCache full:https://registry.npmjs.org/@tokenizer%2ftoken set size:undefined disposed:false
2282 http fetch GET 200 https://registry.npmjs.org/@borewit%2ftext-codec 71ms (cache miss)
2283 silly packumentCache full:https://registry.npmjs.org/@borewit%2ftext-codec set size:undefined disposed:false
2284 http fetch GET 200 https://registry.npmjs.org/ieee754 72ms (cache miss)
2285 silly packumentCache full:https://registry.npmjs.org/ieee754 set size:undefined disposed:false
2286 silly fetch manifest typescript@>3.6.0
2287 silly packumentCache full:https://registry.npmjs.org/typescript cache-miss
2288 http cache https://registry.npmjs.org/typescript 24ms (cache hit)
2289 silly packumentCache full:https://registry.npmjs.org/typescript set size:15576747 disposed:false
2290 silly placeDep ROOT @babel/code-frame@7.29.7 OK for: fork-ts-checker-webpack-plugin@9.1.0 want: ^7.16.7
2291 silly placeDep ROOT chalk@4.1.2 OK for: fork-ts-checker-webpack-plugin@9.1.0 want: ^4.1.2
2292 silly placeDep ROOT cosmiconfig@8.3.6 OK for: fork-ts-checker-webpack-plugin@9.1.0 want: ^8.2.0
2293 silly placeDep ROOT deepmerge@4.3.1 OK for: fork-ts-checker-webpack-plugin@9.1.0 want: ^4.2.2
2294 silly placeDep ROOT fs-extra@10.1.0 OK for: fork-ts-checker-webpack-plugin@9.1.0 want: ^10.0.0
2295 silly placeDep ROOT memfs@3.5.3 OK for: fork-ts-checker-webpack-plugin@9.1.0 want: ^3.4.1
2296 silly placeDep ROOT minimatch@3.1.5 OK for: fork-ts-checker-webpack-plugin@9.1.0 want: ^3.0.4
2297 silly placeDep ROOT node-abort-controller@3.1.1 OK for: fork-ts-checker-webpack-plugin@9.1.0 want: ^3.0.1
2298 silly placeDep ROOT schema-utils@3.3.0 OK for: fork-ts-checker-webpack-plugin@9.1.0 want: ^3.1.1
2299 silly fetch manifest js-tokens@^4.0.0
2300 silly packumentCache full:https://registry.npmjs.org/js-tokens cache-miss
2301 silly fetch manifest @babel/helper-validator-identifier@^7.29.7
2302 silly packumentCache full:https://registry.npmjs.org/@babel%2fhelper-validator-identifier cache-miss
2303 silly fetch manifest ansi-styles@^4.1.0
2304 silly packumentCache full:https://registry.npmjs.org/ansi-styles cache-hit
2305 silly fetch manifest supports-color@^7.1.0
2306 silly packumentCache full:https://registry.npmjs.org/supports-color cache-miss
2307 silly fetch manifest js-yaml@^4.1.0
2308 silly packumentCache full:https://registry.npmjs.org/js-yaml cache-miss
2309 silly fetch manifest path-type@^4.0.0
2310 silly packumentCache full:https://registry.npmjs.org/path-type cache-miss
2311 silly fetch manifest parse-json@^5.2.0
2312 silly packumentCache full:https://registry.npmjs.org/parse-json cache-miss
2313 silly fetch manifest import-fresh@^3.3.0
2314 silly packumentCache full:https://registry.npmjs.org/import-fresh cache-miss
2315 http fetch GET 200 https://registry.npmjs.org/js-tokens 59ms (cache miss)
2316 silly packumentCache full:https://registry.npmjs.org/js-tokens set size:undefined disposed:false
2317 silly fetch manifest jsonfile@^6.0.1
2318 silly packumentCache full:https://registry.npmjs.org/jsonfile cache-miss
2319 http fetch GET 200 https://registry.npmjs.org/import-fresh 64ms (cache miss)
2320 silly packumentCache full:https://registry.npmjs.org/import-fresh set size:undefined disposed:false
2321 silly fetch manifest universalify@^2.0.0
2322 silly packumentCache full:https://registry.npmjs.org/universalify cache-miss
2323 http fetch GET 200 https://registry.npmjs.org/supports-color 66ms (cache miss)
2324 silly packumentCache full:https://registry.npmjs.org/supports-color set size:undefined disposed:false
2325 silly fetch manifest fs-monkey@^1.0.4
2326 silly packumentCache full:https://registry.npmjs.org/fs-monkey cache-miss
2327 http fetch GET 200 https://registry.npmjs.org/js-yaml 67ms (cache miss)
2328 silly packumentCache full:https://registry.npmjs.org/js-yaml set size:undefined disposed:false
2329 silly fetch manifest brace-expansion@^1.1.7
2330 silly packumentCache full:https://registry.npmjs.org/brace-expansion cache-miss
2331 http fetch GET 200 https://registry.npmjs.org/path-type 69ms (cache miss)
2332 silly packumentCache full:https://registry.npmjs.org/path-type set size:undefined disposed:false
2333 silly fetch manifest ajv@^6.12.5
2334 silly packumentCache full:https://registry.npmjs.org/ajv cache-miss
2335 http cache https://registry.npmjs.org/ajv 3ms (cache hit)
2336 silly packumentCache full:https://registry.npmjs.org/ajv set size:1142658 disposed:false
2337 silly fetch manifest ajv-keywords@^3.5.2
2338 silly packumentCache full:https://registry.npmjs.org/ajv-keywords cache-miss
2339 http fetch GET 200 https://registry.npmjs.org/@babel%2fhelper-validator-identifier 82ms (cache miss)
2340 silly packumentCache full:https://registry.npmjs.org/@babel%2fhelper-validator-identifier set size:undefined disposed:false
2341 silly fetch manifest @types/json-schema@^7.0.8
2342 silly packumentCache full:https://registry.npmjs.org/@types%2fjson-schema cache-miss
2343 http cache https://registry.npmjs.org/@types%2fjson-schema 1ms (cache hit)
2344 silly packumentCache full:https://registry.npmjs.org/@types%2fjson-schema set size:44704 disposed:false
2345 http fetch GET 200 https://registry.npmjs.org/fs-monkey 34ms (cache miss)
2346 silly packumentCache full:https://registry.npmjs.org/fs-monkey set size:undefined disposed:false
2347 http fetch GET 200 https://registry.npmjs.org/universalify 48ms (cache miss)
2348 silly packumentCache full:https://registry.npmjs.org/universalify set size:undefined disposed:false
2349 http fetch GET 200 https://registry.npmjs.org/jsonfile 55ms (cache miss)
2350 silly packumentCache full:https://registry.npmjs.org/jsonfile set size:undefined disposed:false
2351 http fetch GET 200 https://registry.npmjs.org/brace-expansion 59ms (cache miss)
2352 silly packumentCache full:https://registry.npmjs.org/brace-expansion set size:undefined disposed:false
2353 http fetch GET 200 https://registry.npmjs.org/parse-json 286ms (cache miss)
2354 silly packumentCache full:https://registry.npmjs.org/parse-json set size:undefined disposed:false
2355 http fetch GET 200 https://registry.npmjs.org/ajv-keywords 298ms (cache miss)
2356 silly packumentCache full:https://registry.npmjs.org/ajv-keywords set size:undefined disposed:false
2357 silly placeDep ROOT @babel/helper-validator-identifier@7.29.7 OK for: @babel/code-frame@7.29.7 want: ^7.29.7
2358 silly placeDep ROOT js-tokens@4.0.0 OK for: @babel/code-frame@7.29.7 want: ^4.0.0
2359 silly placeDep ROOT picocolors@1.1.1 OK for: @babel/code-frame@7.29.7 want: ^1.1.1
2360 silly placeDep ROOT ansi-styles@4.3.0 OK for: chalk@4.1.2 want: ^4.1.0
2361 silly placeDep ROOT supports-color@7.2.0 OK for: chalk@4.1.2 want: ^7.1.0
2362 silly fetch manifest color-convert@^2.0.1
2363 silly packumentCache full:https://registry.npmjs.org/color-convert cache-miss
2364 silly fetch manifest has-flag@^4.0.0
2365 silly packumentCache full:https://registry.npmjs.org/has-flag cache-miss
2366 http fetch GET 200 https://registry.npmjs.org/has-flag 53ms (cache miss)
2367 silly packumentCache full:https://registry.npmjs.org/has-flag set size:undefined disposed:false
2368 http fetch GET 200 https://registry.npmjs.org/color-convert 56ms (cache miss)
2369 silly packumentCache full:https://registry.npmjs.org/color-convert set size:undefined disposed:false
2370 silly placeDep ROOT color-convert@2.0.1 OK for: ansi-styles@4.3.0 want: ^2.0.1
2371 silly fetch manifest color-name@~1.1.4
2372 silly packumentCache full:https://registry.npmjs.org/color-name cache-miss
2373 http fetch GET 200 https://registry.npmjs.org/color-name 62ms (cache miss)
2374 silly packumentCache full:https://registry.npmjs.org/color-name set size:undefined disposed:false
2375 silly placeDep ROOT color-name@1.1.4 OK for: color-convert@2.0.1 want: ~1.1.4
2376 silly placeDep ROOT import-fresh@3.3.1 OK for: cosmiconfig@8.3.6 want: ^3.3.0
2377 silly placeDep ROOT js-yaml@4.3.1 OK for: cosmiconfig@8.3.6 want: ^4.1.0
2378 silly placeDep ROOT parse-json@5.2.0 OK for: cosmiconfig@8.3.6 want: ^5.2.0
2379 silly placeDep ROOT path-type@4.0.0 OK for: cosmiconfig@8.3.6 want: ^4.0.0
2380 silly fetch manifest resolve-from@^4.0.0
2381 silly packumentCache full:https://registry.npmjs.org/resolve-from cache-miss
2382 silly fetch manifest parent-module@^1.0.0
2383 silly packumentCache full:https://registry.npmjs.org/parent-module cache-miss
2384 silly fetch manifest argparse@^2.0.1
2385 silly packumentCache full:https://registry.npmjs.org/argparse cache-miss
2386 silly fetch manifest error-ex@^1.3.1
2387 silly packumentCache full:https://registry.npmjs.org/error-ex cache-miss
2388 silly fetch manifest lines-and-columns@^1.1.6
2389 silly packumentCache full:https://registry.npmjs.org/lines-and-columns cache-miss
2390 silly fetch manifest json-parse-even-better-errors@^2.3.0
2391 silly packumentCache full:https://registry.npmjs.org/json-parse-even-better-errors cache-miss
2392 http fetch GET 200 https://registry.npmjs.org/resolve-from 42ms (cache miss)
2393 silly packumentCache full:https://registry.npmjs.org/resolve-from set size:undefined disposed:false
2394 http fetch GET 200 https://registry.npmjs.org/parent-module 45ms (cache miss)
2395 silly packumentCache full:https://registry.npmjs.org/parent-module set size:undefined disposed:false
2396 http fetch GET 200 https://registry.npmjs.org/lines-and-columns 47ms (cache miss)
2397 silly packumentCache full:https://registry.npmjs.org/lines-and-columns set size:undefined disposed:false
2398 http fetch GET 200 https://registry.npmjs.org/error-ex 49ms (cache miss)
2399 silly packumentCache full:https://registry.npmjs.org/error-ex set size:undefined disposed:false
2400 http fetch GET 200 https://registry.npmjs.org/argparse 50ms (cache miss)
2401 silly packumentCache full:https://registry.npmjs.org/argparse set size:undefined disposed:false
2402 http fetch GET 200 https://registry.npmjs.org/json-parse-even-better-errors 50ms (cache miss)
2403 silly packumentCache full:https://registry.npmjs.org/json-parse-even-better-errors set size:undefined disposed:false
2404 silly placeDep ROOT asynckit@0.4.0 OK for: form-data@4.0.6 want: ^0.4.0
2405 silly placeDep ROOT combined-stream@1.0.8 OK for: form-data@4.0.6 want: ^1.0.8
2406 silly placeDep ROOT es-set-tostringtag@2.1.0 OK for: form-data@4.0.6 want: ^2.1.0
2407 silly placeDep ROOT hasown@2.0.4 OK for: form-data@4.0.6 want: ^2.0.4
2408 silly placeDep node_modules/form-data mime-types@2.1.35 OK for: form-data@4.0.6 want: ^2.1.35
2409 silly fetch manifest delayed-stream@~1.0.0
2410 silly packumentCache full:https://registry.npmjs.org/delayed-stream cache-miss
2411 silly fetch manifest es-errors@^1.3.0
2412 silly packumentCache full:https://registry.npmjs.org/es-errors cache-miss
2413 silly fetch manifest get-intrinsic@^1.2.6
2414 silly packumentCache full:https://registry.npmjs.org/get-intrinsic cache-miss
2415 silly fetch manifest has-tostringtag@^1.0.2
2416 silly packumentCache full:https://registry.npmjs.org/has-tostringtag cache-miss
2417 silly fetch manifest hasown@^2.0.2
2418 silly packumentCache full:https://registry.npmjs.org/hasown cache-miss
2419 silly fetch manifest function-bind@^1.1.2
2420 silly packumentCache full:https://registry.npmjs.org/function-bind cache-miss
2421 silly fetch manifest mime-db@1.52.0
2422 silly packumentCache full:https://registry.npmjs.org/mime-db cache-miss
2423 http cache https://registry.npmjs.org/hasown 3ms (cache hit)
2424 silly packumentCache full:https://registry.npmjs.org/hasown set size:18361 disposed:false
2425 http cache https://registry.npmjs.org/mime-db 3ms (cache hit)
2426 silly packumentCache full:https://registry.npmjs.org/mime-db set size:164953 disposed:false
2427 http fetch GET 200 https://registry.npmjs.org/has-tostringtag 53ms (cache miss)
2428 silly packumentCache full:https://registry.npmjs.org/has-tostringtag set size:undefined disposed:false
2429 http fetch GET 200 https://registry.npmjs.org/es-errors 56ms (cache miss)
2430 silly packumentCache full:https://registry.npmjs.org/es-errors set size:undefined disposed:false
2431 http fetch GET 200 https://registry.npmjs.org/get-intrinsic 57ms (cache miss)
2432 silly packumentCache full:https://registry.npmjs.org/get-intrinsic set size:undefined disposed:false
2433 http fetch GET 200 https://registry.npmjs.org/delayed-stream 57ms (cache miss)
2434 silly packumentCache full:https://registry.npmjs.org/delayed-stream set size:undefined disposed:false
2435 http fetch GET 200 https://registry.npmjs.org/function-bind 61ms (cache miss)
2436 silly packumentCache full:https://registry.npmjs.org/function-bind set size:undefined disposed:false
2437 silly placeDep ROOT delayed-stream@1.0.0 OK for: combined-stream@1.0.8 want: ~1.0.0
2438 silly placeDep ROOT es-errors@1.3.0 OK for: es-set-tostringtag@2.1.0 want: ^1.3.0
2439 silly placeDep ROOT get-intrinsic@1.3.0 OK for: es-set-tostringtag@2.1.0 want: ^1.2.6
2440 silly placeDep ROOT has-tostringtag@1.0.2 OK for: es-set-tostringtag@2.1.0 want: ^1.0.2
2441 silly fetch manifest gopd@^1.2.0
2442 silly packumentCache full:https://registry.npmjs.org/gopd cache-miss
2443 silly fetch manifest get-proto@^1.0.1
2444 silly packumentCache full:https://registry.npmjs.org/get-proto cache-miss
2445 silly fetch manifest has-symbols@^1.1.0
2446 silly packumentCache full:https://registry.npmjs.org/has-symbols cache-miss
2447 silly fetch manifest es-object-atoms@^1.1.1
2448 silly packumentCache full:https://registry.npmjs.org/es-object-atoms cache-miss
2449 silly fetch manifest math-intrinsics@^1.1.0
2450 silly packumentCache full:https://registry.npmjs.org/math-intrinsics cache-miss
2451 silly fetch manifest call-bind-apply-helpers@^1.0.2
2452 silly packumentCache full:https://registry.npmjs.org/call-bind-apply-helpers cache-miss
2453 silly fetch manifest has-symbols@^1.0.3
2454 silly packumentCache full:https://registry.npmjs.org/has-symbols cache-miss
2455 http fetch GET 200 https://registry.npmjs.org/math-intrinsics 51ms (cache miss)
2456 silly packumentCache full:https://registry.npmjs.org/math-intrinsics set size:undefined disposed:false
2457 http fetch GET 200 https://registry.npmjs.org/es-object-atoms 51ms (cache miss)
2458 silly packumentCache full:https://registry.npmjs.org/es-object-atoms set size:undefined disposed:false
2459 http fetch GET 200 https://registry.npmjs.org/has-symbols 52ms (cache miss)
2460 silly packumentCache full:https://registry.npmjs.org/has-symbols set size:undefined disposed:false
2461 http fetch GET 200 https://registry.npmjs.org/get-proto 56ms (cache miss)
2462 silly packumentCache full:https://registry.npmjs.org/get-proto set size:undefined disposed:false
2463 http fetch GET 200 https://registry.npmjs.org/has-symbols 55ms (cache miss)
2464 silly packumentCache full:https://registry.npmjs.org/has-symbols set size:undefined disposed:false
2465 http fetch GET 200 https://registry.npmjs.org/gopd 56ms (cache miss)
2466 silly packumentCache full:https://registry.npmjs.org/gopd set size:undefined disposed:false
2467 http fetch GET 200 https://registry.npmjs.org/call-bind-apply-helpers 56ms (cache miss)
2468 silly packumentCache full:https://registry.npmjs.org/call-bind-apply-helpers set size:undefined disposed:false
2469 silly placeDep ROOT jsonfile@6.2.1 OK for: fs-extra@10.1.0 want: ^6.0.1
2470 silly placeDep ROOT universalify@2.0.1 OK for: fs-extra@10.1.0 want: ^2.0.0
2471 silly placeDep ROOT call-bind-apply-helpers@1.0.2 OK for: get-intrinsic@1.3.0 want: ^1.0.2
2472 silly placeDep ROOT es-define-property@1.0.1 OK for: get-intrinsic@1.3.0 want: ^1.0.1
2473 silly placeDep ROOT es-object-atoms@1.1.2 OK for: get-intrinsic@1.3.0 want: ^1.1.1
2474 silly placeDep ROOT function-bind@1.1.2 OK for: get-intrinsic@1.3.0 want: ^1.1.2
2475 silly placeDep ROOT get-proto@1.0.1 OK for: get-intrinsic@1.3.0 want: ^1.0.1
2476 silly placeDep ROOT gopd@1.2.0 OK for: get-intrinsic@1.3.0 want: ^1.2.0
2477 silly placeDep ROOT has-symbols@1.1.0 OK for: get-intrinsic@1.3.0 want: ^1.1.0
2478 silly placeDep ROOT math-intrinsics@1.1.0 OK for: get-intrinsic@1.3.0 want: ^1.1.0
2479 silly fetch manifest dunder-proto@^1.0.1
2480 silly packumentCache full:https://registry.npmjs.org/dunder-proto cache-miss
2481 http fetch GET 200 https://registry.npmjs.org/dunder-proto 59ms (cache miss)
2482 silly packumentCache full:https://registry.npmjs.org/dunder-proto set size:undefined disposed:false
2483 silly placeDep ROOT dunder-proto@1.0.1 OK for: get-proto@1.0.1 want: ^1.0.1
2484 silly placeDep node_modules/glob minimatch@10.2.6 OK for: glob@13.0.6 want: ^10.2.2
2485 silly placeDep ROOT minipass@7.1.3 OK for: glob@13.0.6 want: ^7.1.3
2486 silly placeDep ROOT path-scurry@2.0.2 OK for: glob@13.0.6 want: ^2.0.2
2487 silly fetch manifest brace-expansion@^5.0.8
2488 silly packumentCache full:https://registry.npmjs.org/brace-expansion cache-miss
2489 silly fetch manifest lru-cache@^11.0.0
2490 silly packumentCache full:https://registry.npmjs.org/lru-cache cache-miss
2491 http cache https://registry.npmjs.org/brace-expansion 2ms (cache hit)
2492 silly packumentCache full:https://registry.npmjs.org/brace-expansion set size:101024 disposed:false
2493 http fetch GET 200 https://registry.npmjs.org/lru-cache 75ms (cache miss)
2494 silly packumentCache full:https://registry.npmjs.org/lru-cache set size:undefined disposed:false
2495 silly placeDep ROOT inherits@2.0.4 OK for: http-errors@2.0.1 want: ~2.0.4
2496 silly placeDep ROOT setprototypeof@1.2.0 OK for: http-errors@2.0.1 want: ~1.2.0
2497 silly placeDep ROOT toidentifier@1.0.1 OK for: http-errors@2.0.1 want: ~1.0.1
2498 silly placeDep ROOT agent-base@6.0.2 OK for: https-proxy-agent@5.0.1 want: 6
2499 silly placeDep ROOT safer-buffer@2.1.2 OK for: iconv-lite@0.7.3 want: >= 2.1.2 < 3.0.0
2500 silly placeDep ROOT parent-module@1.0.1 OK for: import-fresh@3.3.1 want: ^1.0.0
2501 silly placeDep ROOT resolve-from@4.0.0 OK for: import-fresh@3.3.1 want: ^4.0.0
2502 silly fetch manifest callsites@^3.0.0
2503 silly packumentCache full:https://registry.npmjs.org/callsites cache-miss
2504 http fetch GET 200 https://registry.npmjs.org/callsites 69ms (cache miss)
2505 silly packumentCache full:https://registry.npmjs.org/callsites set size:undefined disposed:false
2506 silly placeDep ROOT @jest/core@29.7.0 OK for: jest@29.7.0 want: ^29.7.0
2507 silly placeDep ROOT @jest/types@29.6.3 OK for: jest@29.7.0 want: ^29.6.3
2508 silly placeDep ROOT import-local@3.2.0 OK for: jest@29.7.0 want: ^3.0.2
2509 silly placeDep ROOT jest-cli@29.7.0 OK for: jest@29.7.0 want: ^29.7.0
2510 silly fetch manifest exit@^0.1.2
2511 silly packumentCache full:https://registry.npmjs.org/exit cache-miss
2512 silly fetch manifest jest-config@^29.7.0
2513 silly packumentCache full:https://registry.npmjs.org/jest-config cache-miss
2514 silly fetch manifest jest-runner@^29.7.0
2515 silly packumentCache full:https://registry.npmjs.org/jest-runner cache-miss
2516 silly fetch manifest ansi-escapes@^4.2.1
2517 silly packumentCache full:https://registry.npmjs.org/ansi-escapes cache-miss
2518 silly fetch manifest jest-resolve@^29.7.0
2519 silly packumentCache full:https://registry.npmjs.org/jest-resolve cache-miss
2520 silly fetch manifest jest-runtime@^29.7.0
2521 silly packumentCache full:https://registry.npmjs.org/jest-runtime cache-miss
2522 silly fetch manifest jest-watcher@^29.7.0
2523 silly packumentCache full:https://registry.npmjs.org/jest-watcher cache-miss
2524 http fetch GET 200 https://registry.npmjs.org/exit 57ms (cache miss)
2525 silly packumentCache full:https://registry.npmjs.org/exit set size:undefined disposed:false
2526 silly fetch manifest @jest/console@^29.7.0
2527 silly packumentCache full:https://registry.npmjs.org/@jest%2fconsole cache-miss
2528 http fetch GET 200 https://registry.npmjs.org/ansi-escapes 64ms (cache miss)
2529 silly packumentCache full:https://registry.npmjs.org/ansi-escapes set size:undefined disposed:false
2530 silly fetch manifest jest-snapshot@^29.7.0
2531 silly packumentCache full:https://registry.npmjs.org/jest-snapshot cache-miss
2532 http fetch GET 200 https://registry.npmjs.org/jest-watcher 74ms (cache miss)
2533 silly packumentCache full:https://registry.npmjs.org/jest-watcher set size:undefined disposed:false
2534 silly fetch manifest jest-validate@^29.7.0
2535 silly packumentCache full:https://registry.npmjs.org/jest-validate cache-miss
2536 http fetch GET 200 https://registry.npmjs.org/jest-resolve 79ms (cache miss)
2537 silly packumentCache full:https://registry.npmjs.org/jest-resolve set size:undefined disposed:false
2538 silly fetch manifest jest-haste-map@^29.7.0
2539 silly packumentCache full:https://registry.npmjs.org/jest-haste-map cache-miss
2540 http fetch GET 200 https://registry.npmjs.org/jest-runner 107ms (cache miss)
2541 silly packumentCache full:https://registry.npmjs.org/jest-runner set size:undefined disposed:false
2542 silly fetch manifest @jest/reporters@^29.7.0
2543 silly packumentCache full:https://registry.npmjs.org/@jest%2freporters cache-miss
2544 http fetch GET 200 https://registry.npmjs.org/jest-runtime 113ms (cache miss)
2545 silly packumentCache full:https://registry.npmjs.org/jest-runtime set size:undefined disposed:false
2546 silly fetch manifest @jest/transform@^29.7.0
2547 silly packumentCache full:https://registry.npmjs.org/@jest%2ftransform cache-miss
2548 http fetch GET 200 https://registry.npmjs.org/jest-config 118ms (cache miss)
2549 silly packumentCache full:https://registry.npmjs.org/jest-config set size:undefined disposed:false
2550 silly fetch manifest jest-regex-util@^29.6.3
2551 silly packumentCache full:https://registry.npmjs.org/jest-regex-util cache-miss
2552 http cache https://registry.npmjs.org/@jest%2ftransform 7ms (cache hit)
2553 silly packumentCache full:https://registry.npmjs.org/@jest%2ftransform set size:468349 disposed:false
2554 silly fetch manifest @jest/test-result@^29.7.0
2555 silly packumentCache full:https://registry.npmjs.org/@jest%2ftest-result cache-miss
2556 http fetch GET 200 https://registry.npmjs.org/jest-validate 77ms (cache miss)
2557 silly packumentCache full:https://registry.npmjs.org/jest-validate set size:undefined disposed:false
2558 silly fetch manifest jest-changed-files@^29.7.0
2559 silly packumentCache full:https://registry.npmjs.org/jest-changed-files cache-miss
2560 http fetch GET 200 https://registry.npmjs.org/jest-haste-map 76ms (cache miss)
2561 silly packumentCache full:https://registry.npmjs.org/jest-haste-map set size:undefined disposed:false
2562 silly fetch manifest jest-resolve-dependencies@^29.7.0
2563 silly packumentCache full:https://registry.npmjs.org/jest-resolve-dependencies cache-miss
2564 http fetch GET 200 https://registry.npmjs.org/jest-regex-util 67ms (cache miss)
2565 silly packumentCache full:https://registry.npmjs.org/jest-regex-util set size:undefined disposed:false
2566 silly fetch manifest @types/yargs@^17.0.8
2567 silly packumentCache full:https://registry.npmjs.org/@types%2fyargs cache-miss
2568 http fetch GET 200 https://registry.npmjs.org/@jest%2ftest-result 74ms (cache miss)
2569 silly packumentCache full:https://registry.npmjs.org/@jest%2ftest-result set size:undefined disposed:false
2570 silly fetch manifest @types/istanbul-reports@^3.0.0
2571 silly packumentCache full:https://registry.npmjs.org/@types%2fistanbul-reports cache-miss
2572 http fetch GET 200 https://registry.npmjs.org/jest-changed-files 62ms (cache miss)
2573 silly packumentCache full:https://registry.npmjs.org/jest-changed-files set size:undefined disposed:false
2574 silly fetch manifest @types/istanbul-lib-coverage@^2.0.0
2575 silly packumentCache full:https://registry.npmjs.org/@types%2fistanbul-lib-coverage cache-miss
2576 http fetch GET 200 https://registry.npmjs.org/jest-resolve-dependencies 64ms (cache miss)
2577 silly packumentCache full:https://registry.npmjs.org/jest-resolve-dependencies set size:undefined disposed:false
2578 silly fetch manifest pkg-dir@^4.2.0
2579 silly packumentCache full:https://registry.npmjs.org/pkg-dir cache-miss
2580 http fetch GET 200 https://registry.npmjs.org/@types%2fistanbul-reports 52ms (cache miss)
2581 silly packumentCache full:https://registry.npmjs.org/@types%2fistanbul-reports set size:undefined disposed:false
2582 silly fetch manifest resolve-cwd@^3.0.0
2583 silly packumentCache full:https://registry.npmjs.org/resolve-cwd cache-miss
2584 http fetch GET 200 https://registry.npmjs.org/@types%2fyargs 82ms (cache miss)
2585 silly packumentCache full:https://registry.npmjs.org/@types%2fyargs set size:undefined disposed:false
2586 silly fetch manifest yargs@^17.3.1
2587 silly packumentCache full:https://registry.npmjs.org/yargs cache-miss
2588 http fetch GET 200 https://registry.npmjs.org/pkg-dir 51ms (cache miss)
2589 silly packumentCache full:https://registry.npmjs.org/pkg-dir set size:undefined disposed:false
2590 silly fetch manifest create-jest@^29.7.0
2591 silly packumentCache full:https://registry.npmjs.org/create-jest cache-miss
2592 http fetch GET 200 https://registry.npmjs.org/resolve-cwd 48ms (cache miss)
2593 silly packumentCache full:https://registry.npmjs.org/resolve-cwd set size:undefined disposed:false
2594 http fetch GET 200 https://registry.npmjs.org/create-jest 75ms (cache miss)
2595 silly packumentCache full:https://registry.npmjs.org/create-jest set size:undefined disposed:false
2596 http fetch GET 200 https://registry.npmjs.org/yargs 85ms (cache miss)
2597 silly packumentCache full:https://registry.npmjs.org/yargs set size:undefined disposed:false
2598 http fetch GET 200 https://registry.npmjs.org/jest-snapshot 335ms (cache miss)
2599 silly packumentCache full:https://registry.npmjs.org/jest-snapshot set size:undefined disposed:false
2600 http fetch GET 200 https://registry.npmjs.org/@jest%2freporters 308ms (cache miss)
2601 silly packumentCache full:https://registry.npmjs.org/@jest%2freporters set size:undefined disposed:false
2602 http fetch GET 200 https://registry.npmjs.org/@types%2fistanbul-lib-coverage 288ms (cache miss)
2603 silly packumentCache full:https://registry.npmjs.org/@types%2fistanbul-lib-coverage set size:undefined disposed:false
2604 http fetch GET 200 https://registry.npmjs.org/@jest%2fconsole 559ms (cache miss)
2605 silly packumentCache full:https://registry.npmjs.org/@jest%2fconsole set size:undefined disposed:false
2606 silly fetch manifest ts-node@>=9.0.0
2607 silly packumentCache full:https://registry.npmjs.org/ts-node cache-miss
2608 http cache https://registry.npmjs.org/ts-node 2ms (cache hit)
2609 silly packumentCache full:https://registry.npmjs.org/ts-node set size:574573 disposed:false
2610 silly fetch manifest typescript@>=2.7
2611 silly packumentCache full:https://registry.npmjs.org/typescript cache-miss
2612 http cache https://registry.npmjs.org/typescript 22ms (cache hit)
2613 silly packumentCache full:https://registry.npmjs.org/typescript set size:15576747 disposed:false
2614 silly placeDep ROOT @jest/console@29.7.0 OK for: @jest/core@29.7.0 want: ^29.7.0
2615 silly placeDep ROOT @jest/reporters@29.7.0 OK for: @jest/core@29.7.0 want: ^29.7.0
2616 silly placeDep ROOT @jest/test-result@29.7.0 OK for: @jest/core@29.7.0 want: ^29.7.0
2617 silly placeDep ROOT @jest/transform@29.7.0 OK for: @jest/core@29.7.0 want: ^29.7.0
2618 silly placeDep ROOT ansi-escapes@4.3.2 OK for: @jest/core@29.7.0 want: ^4.2.1
2619 silly placeDep ROOT ci-info@3.9.0 OK for: @jest/core@29.7.0 want: ^3.2.0
2620 silly placeDep ROOT exit@0.1.2 OK for: @jest/core@29.7.0 want: ^0.1.2
2621 silly placeDep ROOT jest-changed-files@29.7.0 OK for: @jest/core@29.7.0 want: ^29.7.0
2622 silly placeDep ROOT jest-config@29.7.0 OK for: @jest/core@29.7.0 want: ^29.7.0
2623 silly placeDep ROOT jest-haste-map@29.7.0 OK for: @jest/core@29.7.0 want: ^29.7.0
2624 silly placeDep ROOT jest-regex-util@29.6.3 OK for: @jest/core@29.7.0 want: ^29.6.3
2625 silly placeDep ROOT jest-resolve@29.7.0 OK for: @jest/core@29.7.0 want: ^29.7.0
2626 silly placeDep ROOT jest-resolve-dependencies@29.7.0 OK for: @jest/core@29.7.0 want: ^29.7.0
2627 silly placeDep ROOT jest-runner@29.7.0 OK for: @jest/core@29.7.0 want: ^29.7.0
2628 silly placeDep ROOT jest-runtime@29.7.0 OK for: @jest/core@29.7.0 want: ^29.7.0
2629 silly placeDep ROOT jest-snapshot@29.7.0 OK for: @jest/core@29.7.0 want: ^29.7.0
2630 silly placeDep ROOT jest-validate@29.7.0 OK for: @jest/core@29.7.0 want: ^29.7.0
2631 silly placeDep ROOT jest-watcher@29.7.0 OK for: @jest/core@29.7.0 want: ^29.7.0
2632 silly placeDep ROOT micromatch@4.0.8 OK for: @jest/core@29.7.0 want: ^4.0.4
2633 silly placeDep ROOT slash@3.0.0 OK for: @jest/core@29.7.0 want: ^3.0.0
2634 silly placeDep ROOT strip-ansi@6.0.1 OK for: @jest/core@29.7.0 want: ^6.0.0
2635 silly fetch manifest jest-worker@^29.7.0
2636 silly packumentCache full:https://registry.npmjs.org/jest-worker cache-miss
2637 silly fetch manifest string-length@^4.0.1
2638 silly packumentCache full:https://registry.npmjs.org/string-length cache-miss
2639 silly fetch manifest v8-to-istanbul@^9.0.1
2640 silly packumentCache full:https://registry.npmjs.org/v8-to-istanbul cache-miss
2641 silly fetch manifest istanbul-reports@^3.1.3
2642 silly packumentCache full:https://registry.npmjs.org/istanbul-reports cache-miss
2643 silly fetch manifest @bcoe/v8-coverage@^0.2.3
2644 silly packumentCache full:https://registry.npmjs.org/@bcoe%2fv8-coverage cache-miss
2645 silly fetch manifest collect-v8-coverage@^1.0.0
2646 silly packumentCache full:https://registry.npmjs.org/collect-v8-coverage cache-miss
2647 silly fetch manifest istanbul-lib-report@^3.0.0
2648 silly packumentCache full:https://registry.npmjs.org/istanbul-lib-report cache-miss
2649 http fetch GET 200 https://registry.npmjs.org/collect-v8-coverage 59ms (cache miss)
2650 silly packumentCache full:https://registry.npmjs.org/collect-v8-coverage set size:undefined disposed:false
2651 silly fetch manifest istanbul-lib-coverage@^3.0.0
2652 silly packumentCache full:https://registry.npmjs.org/istanbul-lib-coverage cache-miss
2653 http fetch GET 200 https://registry.npmjs.org/string-length 60ms (cache miss)
2654 silly packumentCache full:https://registry.npmjs.org/string-length set size:undefined disposed:false
2655 silly fetch manifest istanbul-lib-instrument@^6.0.0
2656 silly packumentCache full:https://registry.npmjs.org/istanbul-lib-instrument cache-miss
2657 http fetch GET 200 https://registry.npmjs.org/istanbul-lib-report 71ms (cache miss)
2658 silly packumentCache full:https://registry.npmjs.org/istanbul-lib-report set size:undefined disposed:false
2659 silly fetch manifest istanbul-lib-source-maps@^4.0.0
2660 silly packumentCache full:https://registry.npmjs.org/istanbul-lib-source-maps cache-miss
2661 http fetch GET 200 https://registry.npmjs.org/jest-worker 78ms (cache miss)
2662 silly packumentCache full:https://registry.npmjs.org/jest-worker set size:undefined disposed:false
2663 silly fetch manifest pirates@^4.0.4
2664 silly packumentCache full:https://registry.npmjs.org/pirates cache-miss
2665 http fetch GET 200 https://registry.npmjs.org/@bcoe%2fv8-coverage 80ms (cache miss)
2666 silly packumentCache full:https://registry.npmjs.org/@bcoe%2fv8-coverage set size:undefined disposed:false
2667 silly fetch manifest @babel/core@^7.11.6
2668 silly packumentCache full:https://registry.npmjs.org/@babel%2fcore cache-miss
2669 http fetch GET 200 https://registry.npmjs.org/istanbul-reports 81ms (cache miss)
2670 silly packumentCache full:https://registry.npmjs.org/istanbul-reports set size:undefined disposed:false
2671 silly fetch manifest write-file-atomic@^4.0.2
2672 silly packumentCache full:https://registry.npmjs.org/write-file-atomic cache-miss
2673 http fetch GET 200 https://registry.npmjs.org/v8-to-istanbul 82ms (cache miss)
2674 silly packumentCache full:https://registry.npmjs.org/v8-to-istanbul set size:undefined disposed:false
2675 silly fetch manifest convert-source-map@^2.0.0
2676 silly packumentCache full:https://registry.npmjs.org/convert-source-map cache-miss
2677 http cache https://registry.npmjs.org/@babel%2fcore 5ms (cache hit)
2678 silly packumentCache full:https://registry.npmjs.org/@babel%2fcore set size:788273 disposed:false
2679 silly fetch manifest babel-plugin-istanbul@^6.1.1
2680 silly packumentCache full:https://registry.npmjs.org/babel-plugin-istanbul cache-miss
2681 http fetch GET 200 https://registry.npmjs.org/pirates 45ms (cache miss)
2682 silly packumentCache full:https://registry.npmjs.org/pirates set size:undefined disposed:false
2683 silly fetch manifest type-fest@^0.21.3
2684 silly packumentCache full:https://registry.npmjs.org/type-fest cache-miss
2685 http fetch GET 200 https://registry.npmjs.org/istanbul-lib-coverage 65ms (cache miss)
2686 silly packumentCache full:https://registry.npmjs.org/istanbul-lib-coverage set size:undefined disposed:false
2687 silly fetch manifest execa@^5.0.0
2688 silly packumentCache full:https://registry.npmjs.org/execa cache-miss
2689 http cache https://registry.npmjs.org/type-fest 3ms (cache hit)
2690 silly packumentCache full:https://registry.npmjs.org/type-fest set size:566201 disposed:false
2691 silly fetch manifest p-limit@^3.1.0
2692 silly packumentCache full:https://registry.npmjs.org/p-limit cache-miss
2693 http fetch GET 200 https://registry.npmjs.org/istanbul-lib-instrument 71ms (cache miss)
2694 silly packumentCache full:https://registry.npmjs.org/istanbul-lib-instrument set size:undefined disposed:false
2695 silly fetch manifest babel-jest@^29.7.0
2696 silly packumentCache full:https://registry.npmjs.org/babel-jest cache-miss
2697 http fetch GET 200 https://registry.npmjs.org/convert-source-map 52ms (cache miss)
2698 silly packumentCache full:https://registry.npmjs.org/convert-source-map set size:undefined disposed:false
2699 silly fetch manifest jest-circus@^29.7.0
2700 silly packumentCache full:https://registry.npmjs.org/jest-circus cache-miss
2701 http cache https://registry.npmjs.org/babel-jest 4ms (cache hit)
2702 silly packumentCache full:https://registry.npmjs.org/babel-jest set size:690787 disposed:false
2703 silly fetch manifest strip-json-comments@^3.1.1
2704 silly packumentCache full:https://registry.npmjs.org/strip-json-comments cache-miss
2705 http fetch GET 200 https://registry.npmjs.org/babel-plugin-istanbul 53ms (cache miss)
2706 silly packumentCache full:https://registry.npmjs.org/babel-plugin-istanbul set size:undefined disposed:false
2707 silly fetch manifest @jest/test-sequencer@^29.7.0
2708 silly packumentCache full:https://registry.npmjs.org/@jest%2ftest-sequencer cache-miss
2709 http fetch GET 200 https://registry.npmjs.org/execa 44ms (cache miss)
2710 silly packumentCache full:https://registry.npmjs.org/execa set size:undefined disposed:false
2711 silly fetch manifest jest-environment-node@^29.7.0
2712 silly packumentCache full:https://registry.npmjs.org/jest-environment-node cache-miss
2713 http fetch GET 200 https://registry.npmjs.org/p-limit 44ms (cache miss)
2714 silly packumentCache full:https://registry.npmjs.org/p-limit set size:undefined disposed:false
2715 silly fetch manifest walker@^1.0.8
2716 silly packumentCache full:https://registry.npmjs.org/walker cache-miss
2717 http fetch GET 200 https://registry.npmjs.org/strip-json-comments 45ms (cache miss)
2718 silly packumentCache full:https://registry.npmjs.org/strip-json-comments set size:undefined disposed:false
2719 silly fetch manifest anymatch@^3.0.3
2720 silly packumentCache full:https://registry.npmjs.org/anymatch cache-miss
2721 http fetch GET 200 https://registry.npmjs.org/jest-circus 77ms (cache miss)
2722 silly packumentCache full:https://registry.npmjs.org/jest-circus set size:undefined disposed:false
2723 silly fetch manifest fb-watchman@^2.0.0
2724 silly packumentCache full:https://registry.npmjs.org/fb-watchman cache-miss
2725 http fetch GET 200 https://registry.npmjs.org/@jest%2ftest-sequencer 75ms (cache miss)
2726 silly packumentCache full:https://registry.npmjs.org/@jest%2ftest-sequencer set size:undefined disposed:false
2727 silly fetch manifest @types/graceful-fs@^4.1.3
2728 silly packumentCache full:https://registry.npmjs.org/@types%2fgraceful-fs cache-miss
2729 http fetch GET 200 https://registry.npmjs.org/walker 53ms (cache miss)
2730 silly packumentCache full:https://registry.npmjs.org/walker set size:undefined disposed:false
2731 silly fetch manifest fsevents@^2.3.2
2732 silly packumentCache full:https://registry.npmjs.org/fsevents cache-miss
2733 http fetch GET 200 https://registry.npmjs.org/anymatch 48ms (cache miss)
2734 silly packumentCache full:https://registry.npmjs.org/anymatch set size:undefined disposed:false
2735 silly fetch manifest resolve@^1.20.0
2736 silly packumentCache full:https://registry.npmjs.org/resolve cache-miss
2737 http fetch GET 200 https://registry.npmjs.org/fb-watchman 47ms (cache miss)
2738 silly packumentCache full:https://registry.npmjs.org/fb-watchman set size:undefined disposed:false
2739 silly fetch manifest resolve.exports@^2.0.0
2740 silly packumentCache full:https://registry.npmjs.org/resolve.exports cache-miss
2741 http fetch GET 200 https://registry.npmjs.org/fsevents 68ms (cache miss)
2742 silly packumentCache full:https://registry.npmjs.org/fsevents set size:undefined disposed:false
2743 silly fetch manifest jest-pnp-resolver@^1.2.2
2744 silly packumentCache full:https://registry.npmjs.org/jest-pnp-resolver cache-miss
2745 http fetch GET 200 https://registry.npmjs.org/resolve 77ms (cache miss)
2746 silly packumentCache full:https://registry.npmjs.org/resolve set size:undefined disposed:false
2747 silly fetch manifest emittery@^0.13.1
2748 silly packumentCache full:https://registry.npmjs.org/emittery cache-miss
2749 http fetch GET 200 https://registry.npmjs.org/resolve.exports 54ms (cache miss)
2750 silly packumentCache full:https://registry.npmjs.org/resolve.exports set size:undefined disposed:false
2751 silly fetch manifest jest-docblock@^29.7.0
2752 silly packumentCache full:https://registry.npmjs.org/jest-docblock cache-miss
2753 http fetch GET 200 https://registry.npmjs.org/istanbul-lib-source-maps 289ms (cache miss)
2754 silly packumentCache full:https://registry.npmjs.org/istanbul-lib-source-maps set size:undefined disposed:false
2755 silly fetch manifest @jest/environment@^29.7.0
2756 silly packumentCache full:https://registry.npmjs.org/@jest%2fenvironment cache-miss
2757 http fetch GET 200 https://registry.npmjs.org/emittery 56ms (cache miss)
2758 silly packumentCache full:https://registry.npmjs.org/emittery set size:undefined disposed:false
2759 silly fetch manifest jest-leak-detector@^29.7.0
2760 silly packumentCache full:https://registry.npmjs.org/jest-leak-detector cache-miss
2761 http fetch GET 200 https://registry.npmjs.org/jest-docblock 63ms (cache miss)
2762 silly packumentCache full:https://registry.npmjs.org/jest-docblock set size:undefined disposed:false
2763 silly fetch manifest source-map-support@0.5.13
2764 silly packumentCache full:https://registry.npmjs.org/source-map-support cache-miss
2765 http fetch GET 200 https://registry.npmjs.org/write-file-atomic 303ms (cache miss)
2766 silly packumentCache full:https://registry.npmjs.org/write-file-atomic set size:undefined disposed:false
2767 silly fetch manifest jest-environment-node@^29.7.0
2768 silly packumentCache full:https://registry.npmjs.org/jest-environment-node cache-miss
2769 http cache https://registry.npmjs.org/source-map-support 3ms (cache hit)
2770 silly packumentCache full:https://registry.npmjs.org/source-map-support set size:125488 disposed:false
2771 silly fetch manifest jest-mock@^29.7.0
2772 silly packumentCache full:https://registry.npmjs.org/jest-mock cache-miss
2773 http fetch GET 200 https://registry.npmjs.org/jest-leak-detector 64ms (cache miss)
2774 silly packumentCache full:https://registry.npmjs.org/jest-leak-detector set size:undefined disposed:false
2775 silly fetch manifest strip-bom@^4.0.0
2776 silly packumentCache full:https://registry.npmjs.org/strip-bom cache-miss
2777 http cache https://registry.npmjs.org/strip-bom 1ms (cache hit)
2778 silly packumentCache full:https://registry.npmjs.org/strip-bom set size:19359 disposed:false
2779 silly fetch manifest @jest/globals@^29.7.0
2780 silly packumentCache full:https://registry.npmjs.org/@jest%2fglobals cache-miss
2781 http fetch GET 200 https://registry.npmjs.org/jest-environment-node 68ms (cache miss)
2782 silly packumentCache full:https://registry.npmjs.org/jest-environment-node set size:undefined disposed:false
2783 silly fetch manifest @jest/source-map@^29.6.3
2784 silly packumentCache full:https://registry.npmjs.org/@jest%2fsource-map cache-miss
2785 http fetch GET 200 https://registry.npmjs.org/@jest%2fenvironment 95ms (cache miss)
2786 silly packumentCache full:https://registry.npmjs.org/@jest%2fenvironment set size:undefined disposed:false
2787 silly fetch manifest cjs-module-lexer@^1.0.0
2788 silly packumentCache full:https://registry.npmjs.org/cjs-module-lexer cache-miss
2789 http fetch GET 200 https://registry.npmjs.org/jest-mock 74ms (cache miss)
2790 silly packumentCache full:https://registry.npmjs.org/jest-mock set size:undefined disposed:false
2791 silly fetch manifest @jest/fake-timers@^29.7.0
2792 silly packumentCache full:https://registry.npmjs.org/@jest%2ffake-timers cache-miss
2793 http fetch GET 200 https://registry.npmjs.org/jest-environment-node 322ms (cache miss)
2794 silly packumentCache full:https://registry.npmjs.org/jest-environment-node set size:undefined disposed:false
2795 silly fetch manifest @babel/types@^7.3.3
2796 silly packumentCache full:https://registry.npmjs.org/@babel%2ftypes cache-miss
2797 http fetch GET 200 https://registry.npmjs.org/@types%2fgraceful-fs 311ms (cache miss)
2798 silly packumentCache full:https://registry.npmjs.org/@types%2fgraceful-fs set size:undefined disposed:false
2799 silly fetch manifest natural-compare@^1.4.0
2800 silly packumentCache full:https://registry.npmjs.org/natural-compare cache-miss
2801 http fetch GET 200 https://registry.npmjs.org/@jest%2fglobals 91ms (cache miss)
2802 silly packumentCache full:https://registry.npmjs.org/@jest%2fglobals set size:undefined disposed:false
2803 silly fetch manifest @babel/generator@^7.7.2
2804 silly packumentCache full:https://registry.npmjs.org/@babel%2fgenerator cache-miss
2805 http fetch GET 200 https://registry.npmjs.org/@jest%2fsource-map 78ms (cache miss)
2806 silly packumentCache full:https://registry.npmjs.org/@jest%2fsource-map set size:undefined disposed:false
2807 silly fetch manifest @babel/plugin-syntax-jsx@^7.7.2
2808 silly packumentCache full:https://registry.npmjs.org/@babel%2fplugin-syntax-jsx cache-miss
2809 http fetch GET 200 https://registry.npmjs.org/@babel%2ftypes 80ms (cache miss)
2810 silly packumentCache full:https://registry.npmjs.org/@babel%2ftypes set size:undefined disposed:false
2811 silly fetch manifest @babel/plugin-syntax-typescript@^7.7.2
2812 silly packumentCache full:https://registry.npmjs.org/@babel%2fplugin-syntax-typescript cache-miss
2813 http fetch GET 200 https://registry.npmjs.org/jest-pnp-resolver 287ms (cache miss)
2814 silly packumentCache full:https://registry.npmjs.org/jest-pnp-resolver set size:undefined disposed:false
2815 silly fetch manifest babel-preset-current-node-syntax@^1.0.0
2816 silly packumentCache full:https://registry.npmjs.org/babel-preset-current-node-syntax cache-miss
2817 http fetch GET 200 https://registry.npmjs.org/natural-compare 60ms (cache miss)
2818 silly packumentCache full:https://registry.npmjs.org/natural-compare set size:undefined disposed:false
2819 silly fetch manifest leven@^3.1.0
2820 silly packumentCache full:https://registry.npmjs.org/leven cache-miss
2821 http fetch GET 200 https://registry.npmjs.org/@babel%2fplugin-syntax-jsx 61ms (cache miss)
2822 silly packumentCache full:https://registry.npmjs.org/@babel%2fplugin-syntax-jsx set size:undefined disposed:false
2823 silly fetch manifest camelcase@^6.2.0
2824 silly packumentCache full:https://registry.npmjs.org/camelcase cache-miss
2825 http fetch GET 200 https://registry.npmjs.org/@babel%2fgenerator 91ms (cache miss)
2826 silly packumentCache full:https://registry.npmjs.org/@babel%2fgenerator set size:undefined disposed:false
2827 silly fetch manifest braces@^3.0.3
2828 silly packumentCache full:https://registry.npmjs.org/braces cache-miss
2829 http fetch GET 200 https://registry.npmjs.org/babel-preset-current-node-syntax 58ms (cache miss)
2830 silly packumentCache full:https://registry.npmjs.org/babel-preset-current-node-syntax set size:undefined disposed:false
2831 silly fetch manifest picomatch@^2.3.1
2832 silly packumentCache full:https://registry.npmjs.org/picomatch cache-hit
2833 silly fetch manifest ansi-regex@^5.0.1
2834 silly packumentCache full:https://registry.npmjs.org/ansi-regex cache-miss
2835 http fetch GET 200 https://registry.npmjs.org/camelcase 50ms (cache miss)
2836 silly packumentCache full:https://registry.npmjs.org/camelcase set size:undefined disposed:false
2837 http fetch GET 200 https://registry.npmjs.org/leven 58ms (cache miss)
2838 silly packumentCache full:https://registry.npmjs.org/leven set size:undefined disposed:false
2839 http fetch GET 200 https://registry.npmjs.org/braces 61ms (cache miss)
2840 silly packumentCache full:https://registry.npmjs.org/braces set size:undefined disposed:false
2841 http fetch GET 200 https://registry.npmjs.org/ansi-regex 48ms (cache miss)
2842 silly packumentCache full:https://registry.npmjs.org/ansi-regex set size:undefined disposed:false
2843 http fetch GET 200 https://registry.npmjs.org/cjs-module-lexer 315ms (cache miss)
2844 silly packumentCache full:https://registry.npmjs.org/cjs-module-lexer set size:undefined disposed:false
2845 http fetch GET 200 https://registry.npmjs.org/@babel%2fplugin-syntax-typescript 316ms (cache miss)
2846 silly packumentCache full:https://registry.npmjs.org/@babel%2fplugin-syntax-typescript set size:undefined disposed:false
2847 http fetch GET 200 https://registry.npmjs.org/@jest%2ffake-timers 568ms (cache miss)
2848 silly packumentCache full:https://registry.npmjs.org/@jest%2ffake-timers set size:undefined disposed:false
2849 silly placeDep ROOT @bcoe/v8-coverage@0.2.3 OK for: @jest/reporters@29.7.0 want: ^0.2.3
2850 silly placeDep ROOT collect-v8-coverage@1.0.3 OK for: @jest/reporters@29.7.0 want: ^1.0.0
2851 silly placeDep node_modules/@jest/reporters glob@7.2.3 OK for: @jest/reporters@29.7.0 want: ^7.1.3
2852 silly placeDep ROOT istanbul-lib-coverage@3.2.2 OK for: @jest/reporters@29.7.0 want: ^3.0.0
2853 silly placeDep ROOT istanbul-lib-instrument@6.0.3 OK for: @jest/reporters@29.7.0 want: ^6.0.0
2854 silly placeDep ROOT istanbul-lib-report@3.0.1 OK for: @jest/reporters@29.7.0 want: ^3.0.0
2855 silly placeDep ROOT istanbul-lib-source-maps@4.0.1 OK for: @jest/reporters@29.7.0 want: ^4.0.0
2856 silly placeDep ROOT istanbul-reports@3.2.0 OK for: @jest/reporters@29.7.0 want: ^3.1.3
2857 silly placeDep ROOT jest-worker@29.7.0 OK for: @jest/reporters@29.7.0 want: ^29.7.0
2858 silly placeDep ROOT string-length@4.0.2 OK for: @jest/reporters@29.7.0 want: ^4.0.1
2859 silly placeDep ROOT v8-to-istanbul@9.3.0 OK for: @jest/reporters@29.7.0 want: ^9.0.1
2860 silly fetch manifest inflight@^1.0.4
2861 silly packumentCache full:https://registry.npmjs.org/inflight cache-miss
2862 silly fetch manifest fs.realpath@^1.0.0
2863 silly packumentCache full:https://registry.npmjs.org/fs.realpath cache-miss
2864 silly fetch manifest path-is-absolute@^1.0.0
2865 silly packumentCache full:https://registry.npmjs.org/path-is-absolute cache-miss
2866 silly fetch manifest @babel/core@^7.23.9
2867 silly packumentCache full:https://registry.npmjs.org/@babel%2fcore cache-hit
2868 silly fetch manifest @babel/parser@^7.23.9
2869 silly packumentCache full:https://registry.npmjs.org/@babel%2fparser cache-miss
2870 silly fetch manifest @istanbuljs/schema@^0.1.3
2871 silly packumentCache full:https://registry.npmjs.org/@istanbuljs%2fschema cache-miss
2872 silly fetch manifest make-dir@^4.0.0
2873 silly packumentCache full:https://registry.npmjs.org/make-dir cache-miss
2874 silly fetch manifest source-map@^0.6.1
2875 silly packumentCache full:https://registry.npmjs.org/source-map cache-hit
2876 silly fetch manifest html-escaper@^2.0.0
2877 silly packumentCache full:https://registry.npmjs.org/html-escaper cache-miss
2878 http cache https://registry.npmjs.org/make-dir 4ms (cache hit)
2879 silly packumentCache full:https://registry.npmjs.org/make-dir set size:34889 disposed:false
2880 silly fetch manifest merge-stream@^2.0.0
2881 silly packumentCache full:https://registry.npmjs.org/merge-stream cache-miss
2882 http fetch GET 200 https://registry.npmjs.org/inflight 50ms (cache miss)
2883 silly packumentCache full:https://registry.npmjs.org/inflight set size:undefined disposed:false
2884 silly fetch manifest supports-color@^8.0.0
2885 silly packumentCache full:https://registry.npmjs.org/supports-color cache-miss
2886 http cache https://registry.npmjs.org/supports-color 3ms (cache hit)
2887 silly packumentCache full:https://registry.npmjs.org/supports-color set size:124169 disposed:false
2888 silly fetch manifest char-regex@^1.0.2
2889 silly packumentCache full:https://registry.npmjs.org/char-regex cache-miss
2890 http fetch GET 200 https://registry.npmjs.org/html-escaper 53ms (cache miss)
2891 silly packumentCache full:https://registry.npmjs.org/html-escaper set size:undefined disposed:false
2892 silly fetch manifest @types/istanbul-lib-coverage@^2.0.1
2893 silly packumentCache full:https://registry.npmjs.org/@types%2fistanbul-lib-coverage cache-miss
2894 http fetch GET 200 https://registry.npmjs.org/fs.realpath 57ms (cache miss)
2895 silly packumentCache full:https://registry.npmjs.org/fs.realpath set size:undefined disposed:false
2896 http cache https://registry.npmjs.org/@types%2fistanbul-lib-coverage 2ms (cache hit)
2897 silly packumentCache full:https://registry.npmjs.org/@types%2fistanbul-lib-coverage set size:18110 disposed:false
2898 http fetch GET 200 https://registry.npmjs.org/path-is-absolute 59ms (cache miss)
2899 silly packumentCache full:https://registry.npmjs.org/path-is-absolute set size:undefined disposed:false
2900 http fetch GET 200 https://registry.npmjs.org/merge-stream 53ms (cache miss)
2901 silly packumentCache full:https://registry.npmjs.org/merge-stream set size:undefined disposed:false
2902 http fetch GET 200 https://registry.npmjs.org/@istanbuljs%2fschema 78ms (cache miss)
2903 silly packumentCache full:https://registry.npmjs.org/@istanbuljs%2fschema set size:undefined disposed:false
2904 http fetch GET 200 https://registry.npmjs.org/@babel%2fparser 79ms (cache miss)
2905 silly packumentCache full:https://registry.npmjs.org/@babel%2fparser set size:undefined disposed:false
2906 http fetch GET 200 https://registry.npmjs.org/char-regex 47ms (cache miss)
2907 silly packumentCache full:https://registry.npmjs.org/char-regex set size:undefined disposed:false
2908 silly placeDep ROOT @types/istanbul-lib-coverage@2.0.6 OK for: @jest/test-result@29.7.0 want: ^2.0.0
2909 silly placeDep ROOT @babel/core@7.29.7 OK for: @jest/transform@29.7.0 want: ^7.11.6
2910 silly placeDep ROOT babel-plugin-istanbul@6.1.1 OK for: @jest/transform@29.7.0 want: ^6.1.1
2911 silly placeDep ROOT convert-source-map@2.0.0 OK for: @jest/transform@29.7.0 want: ^2.0.0
2912 silly placeDep ROOT fast-json-stable-stringify@2.1.0 OK for: @jest/transform@29.7.0 want: ^2.1.0
2913 silly placeDep ROOT pirates@4.0.7 OK for: @jest/transform@29.7.0 want: ^4.0.4
2914 silly placeDep ROOT write-file-atomic@4.0.2 OK for: @jest/transform@29.7.0 want: ^4.0.2
2915 silly fetch manifest semver@^6.3.1
2916 silly packumentCache full:https://registry.npmjs.org/semver cache-hit
2917 silly fetch manifest gensync@^1.0.0-beta.2
2918 silly packumentCache full:https://registry.npmjs.org/gensync cache-miss
2919 silly fetch manifest @babel/types@^7.29.7
2920 silly packumentCache full:https://registry.npmjs.org/@babel%2ftypes cache-miss
2921 silly fetch manifest @babel/parser@^7.29.7
2922 silly packumentCache full:https://registry.npmjs.org/@babel%2fparser cache-miss
2923 silly fetch manifest @babel/helpers@^7.29.7
2924 silly packumentCache full:https://registry.npmjs.org/@babel%2fhelpers cache-miss
2925 silly fetch manifest @babel/template@^7.29.7
2926 silly packumentCache full:https://registry.npmjs.org/@babel%2ftemplate cache-miss
2927 silly fetch manifest @babel/traverse@^7.29.7
2928 silly packumentCache full:https://registry.npmjs.org/@babel%2ftraverse cache-miss
2929 silly fetch manifest @babel/generator@^7.29.7
2930 silly packumentCache full:https://registry.npmjs.org/@babel%2fgenerator cache-miss
2931 http cache https://registry.npmjs.org/@babel%2fparser 4ms (cache hit)
2932 silly packumentCache full:https://registry.npmjs.org/@babel%2fparser set size:737961 disposed:false
2933 silly fetch manifest @babel/helper-module-transforms@^7.29.7
2934 silly packumentCache full:https://registry.npmjs.org/@babel%2fhelper-module-transforms cache-miss
2935 http cache https://registry.npmjs.org/@babel%2fgenerator 7ms (cache hit)
2936 silly packumentCache full:https://registry.npmjs.org/@babel%2fgenerator set size:522841 disposed:false
2937 silly fetch manifest @babel/helper-compilation-targets@^7.29.7
2938 silly packumentCache full:https://registry.npmjs.org/@babel%2fhelper-compilation-targets cache-miss
2939 http cache https://registry.npmjs.org/@babel%2ftypes 11ms (cache hit)
2940 silly packumentCache full:https://registry.npmjs.org/@babel%2ftypes set size:502938 disposed:false
2941 silly fetch manifest test-exclude@^6.0.0
2942 silly packumentCache full:https://registry.npmjs.org/test-exclude cache-miss
2943 http fetch GET 200 https://registry.npmjs.org/gensync 63ms (cache miss)
2944 silly packumentCache full:https://registry.npmjs.org/gensync set size:undefined disposed:false
2945 silly fetch manifest @istanbuljs/schema@^0.1.2
2946 silly packumentCache full:https://registry.npmjs.org/@istanbuljs%2fschema cache-miss
2947 http cache https://registry.npmjs.org/@istanbuljs%2fschema 1ms (cache hit)
2948 silly packumentCache full:https://registry.npmjs.org/@istanbuljs%2fschema set size:16895 disposed:false
2949 silly fetch manifest istanbul-lib-instrument@^5.0.4
2950 silly packumentCache full:https://registry.npmjs.org/istanbul-lib-instrument cache-miss
2951 http cache https://registry.npmjs.org/istanbul-lib-instrument 1ms (cache hit)
2952 silly packumentCache full:https://registry.npmjs.org/istanbul-lib-instrument set size:219175 disposed:false
2953 silly fetch manifest @babel/helper-plugin-utils@^7.0.0
2954 silly packumentCache full:https://registry.npmjs.org/@babel%2fhelper-plugin-utils cache-miss
2955 http fetch GET 200 https://registry.npmjs.org/@babel%2ftemplate 97ms (cache miss)
2956 silly packumentCache full:https://registry.npmjs.org/@babel%2ftemplate set size:undefined disposed:false
2957 silly fetch manifest @istanbuljs/load-nyc-config@^1.0.0
2958 silly packumentCache full:https://registry.npmjs.org/@istanbuljs%2fload-nyc-config cache-miss
2959 http fetch GET 200 https://registry.npmjs.org/@babel%2fhelpers 102ms (cache miss)
2960 silly packumentCache full:https://registry.npmjs.org/@babel%2fhelpers set size:undefined disposed:false
2961 silly fetch manifest imurmurhash@^0.1.4
2962 silly packumentCache full:https://registry.npmjs.org/imurmurhash cache-miss
2963 http fetch GET 200 https://registry.npmjs.org/@babel%2ftraverse 114ms (cache miss)
2964 silly packumentCache full:https://registry.npmjs.org/@babel%2ftraverse set size:undefined disposed:false
2965 silly fetch manifest signal-exit@^3.0.7
2966 silly packumentCache full:https://registry.npmjs.org/signal-exit cache-miss
2967 http cache https://registry.npmjs.org/signal-exit 2ms (cache hit)
2968 silly packumentCache full:https://registry.npmjs.org/signal-exit set size:53489 disposed:false
2969 http fetch GET 200 https://registry.npmjs.org/test-exclude 108ms (cache miss)
2970 silly packumentCache full:https://registry.npmjs.org/test-exclude set size:undefined disposed:false
2971 http fetch GET 200 https://registry.npmjs.org/@babel%2fhelper-module-transforms 118ms (cache miss)
2972 silly packumentCache full:https://registry.npmjs.org/@babel%2fhelper-module-transforms set size:undefined disposed:false
2973 http fetch GET 200 https://registry.npmjs.org/@babel%2fhelper-compilation-targets 118ms (cache miss)
2974 silly packumentCache full:https://registry.npmjs.org/@babel%2fhelper-compilation-targets set size:undefined disposed:false
2975 http fetch GET 200 https://registry.npmjs.org/@babel%2fhelper-plugin-utils 62ms (cache miss)
2976 silly packumentCache full:https://registry.npmjs.org/@babel%2fhelper-plugin-utils set size:undefined disposed:false
2977 http fetch GET 200 https://registry.npmjs.org/imurmurhash 47ms (cache miss)
2978 silly packumentCache full:https://registry.npmjs.org/imurmurhash set size:undefined disposed:false
2979 http fetch GET 200 https://registry.npmjs.org/@istanbuljs%2fload-nyc-config 460ms (cache miss)
2980 silly packumentCache full:https://registry.npmjs.org/@istanbuljs%2fload-nyc-config set size:undefined disposed:false
2981 silly fetch manifest @babel/core@^7.0.0
2982 silly packumentCache full:https://registry.npmjs.org/@babel%2fcore cache-hit
2983 silly placeDep ROOT @babel/generator@7.29.8 OK for: @babel/core@7.29.7 want: ^7.29.7
2984 silly placeDep ROOT @babel/helper-compilation-targets@7.29.7 OK for: @babel/core@7.29.7 want: ^7.29.7
2985 silly placeDep ROOT @babel/helper-module-transforms@7.29.7 OK for: @babel/core@7.29.7 want: ^7.29.7
2986 silly placeDep ROOT @babel/helpers@7.29.7 OK for: @babel/core@7.29.7 want: ^7.29.7
2987 silly placeDep ROOT @babel/parser@7.29.8 OK for: @babel/core@7.29.7 want: ^7.29.7
2988 silly placeDep ROOT @babel/template@7.29.7 OK for: @babel/core@7.29.7 want: ^7.29.7
2989 silly placeDep ROOT @babel/traverse@7.29.8 OK for: @babel/core@7.29.7 want: ^7.29.7
2990 silly placeDep ROOT @babel/types@7.29.8 OK for: @babel/core@7.29.7 want: ^7.29.7
2991 silly placeDep ROOT gensync@1.0.0-beta.2 OK for: @babel/core@7.29.7 want: ^1.0.0-beta.2
2992 silly placeDep ROOT json5@2.2.3 OK for: @babel/core@7.29.7 want: ^2.2.3
2993 silly placeDep node_modules/@babel/core semver@6.3.1 OK for: @babel/core@7.29.7 want: ^6.3.1
2994 silly fetch manifest jsesc@^3.0.2
2995 silly packumentCache full:https://registry.npmjs.org/jsesc cache-miss
2996 silly fetch manifest @babel/types@^7.29.8
2997 silly packumentCache full:https://registry.npmjs.org/@babel%2ftypes cache-hit
2998 silly fetch manifest @babel/parser@^7.29.8
2999 silly packumentCache full:https://registry.npmjs.org/@babel%2fparser cache-hit
3000 silly fetch manifest lru-cache@^5.1.1
3001 silly packumentCache full:https://registry.npmjs.org/lru-cache cache-miss
3002 silly fetch manifest browserslist@^4.24.0
3003 silly packumentCache full:https://registry.npmjs.org/browserslist cache-miss
3004 silly fetch manifest @babel/compat-data@^7.29.7
3005 silly packumentCache full:https://registry.npmjs.org/@babel%2fcompat-data cache-miss
3006 silly fetch manifest @babel/helper-validator-option@^7.29.7
3007 silly packumentCache full:https://registry.npmjs.org/@babel%2fhelper-validator-option cache-miss
3008 silly fetch manifest @babel/helper-module-imports@^7.29.7
3009 silly packumentCache full:https://registry.npmjs.org/@babel%2fhelper-module-imports cache-miss
3010 silly fetch manifest @babel/helper-globals@^7.29.7
3011 silly packumentCache full:https://registry.npmjs.org/@babel%2fhelper-globals cache-miss
3012 http cache https://registry.npmjs.org/lru-cache 6ms (cache hit)
3013 silly packumentCache full:https://registry.npmjs.org/lru-cache set size:460407 disposed:false
3014 silly fetch manifest @babel/helper-string-parser@^7.29.7
3015 silly packumentCache full:https://registry.npmjs.org/@babel%2fhelper-string-parser cache-miss
3016 http cache https://registry.npmjs.org/browserslist 11ms (cache hit)
3017 silly packumentCache full:https://registry.npmjs.org/browserslist set size:518659 disposed:false
3018 http fetch GET 200 https://registry.npmjs.org/@babel%2fhelper-globals 65ms (cache miss)
3019 silly packumentCache full:https://registry.npmjs.org/@babel%2fhelper-globals set size:undefined disposed:false
3020 http fetch GET 200 https://registry.npmjs.org/jsesc 69ms (cache miss)
3021 silly packumentCache full:https://registry.npmjs.org/jsesc set size:undefined disposed:false
3022 http fetch GET 200 https://registry.npmjs.org/@babel%2fhelper-validator-option 66ms (cache miss)
3023 silly packumentCache full:https://registry.npmjs.org/@babel%2fhelper-validator-option set size:undefined disposed:false
3024 http fetch GET 200 https://registry.npmjs.org/@babel%2fhelper-string-parser 77ms (cache miss)
3025 silly packumentCache full:https://registry.npmjs.org/@babel%2fhelper-string-parser set size:undefined disposed:false
3026 http fetch GET 200 https://registry.npmjs.org/@babel%2fcompat-data 89ms (cache miss)
3027 silly packumentCache full:https://registry.npmjs.org/@babel%2fcompat-data set size:undefined disposed:false
3028 http fetch GET 200 https://registry.npmjs.org/@babel%2fhelper-module-imports 499ms (cache miss)
3029 silly packumentCache full:https://registry.npmjs.org/@babel%2fhelper-module-imports set size:undefined disposed:false
3030 silly placeDep ROOT jsesc@3.1.0 OK for: @babel/generator@7.29.8 want: ^3.0.2
3031 silly placeDep ROOT @babel/compat-data@7.29.7 OK for: @babel/helper-compilation-targets@7.29.7 want: ^7.29.7
3032 silly placeDep ROOT @babel/helper-validator-option@7.29.7 OK for: @babel/helper-compilation-targets@7.29.7 want: ^7.29.7
3033 silly placeDep ROOT browserslist@4.28.8 OK for: @babel/helper-compilation-targets@7.29.7 want: ^4.24.0
3034 silly placeDep ROOT lru-cache@5.1.1 OK for: @babel/helper-compilation-targets@7.29.7 want: ^5.1.1
3035 silly placeDep node_modules/@babel/helper-compilation-targets semver@6.3.1 OK for: @babel/helper-compilation-targets@7.29.7 want: ^6.3.1
3036 silly fetch manifest caniuse-lite@^1.0.30001809
3037 silly packumentCache full:https://registry.npmjs.org/caniuse-lite cache-miss
3038 silly fetch manifest node-releases@^2.0.53
3039 silly packumentCache full:https://registry.npmjs.org/node-releases cache-miss
3040 silly fetch manifest electron-to-chromium@^1.5.402
3041 silly packumentCache full:https://registry.npmjs.org/electron-to-chromium cache-miss
3042 silly fetch manifest update-browserslist-db@^1.3.0
3043 silly packumentCache full:https://registry.npmjs.org/update-browserslist-db cache-miss
3044 silly fetch manifest baseline-browser-mapping@^2.11.12
3045 silly packumentCache full:https://registry.npmjs.org/baseline-browser-mapping cache-miss
3046 silly fetch manifest yallist@^3.0.2
3047 silly packumentCache full:https://registry.npmjs.org/yallist cache-miss
3048 http cache https://registry.npmjs.org/yallist 3ms (cache hit)
3049 silly packumentCache full:https://registry.npmjs.org/yallist set size:34610 disposed:false
3050 http cache https://registry.npmjs.org/caniuse-lite 8ms (cache hit)
3051 silly packumentCache full:https://registry.npmjs.org/caniuse-lite set size:2311190 disposed:false
3052 http fetch GET 200 https://registry.npmjs.org/update-browserslist-db 48ms (cache miss)
3053 silly packumentCache full:https://registry.npmjs.org/update-browserslist-db set size:undefined disposed:false
3054 http fetch GET 200 https://registry.npmjs.org/node-releases 73ms (cache miss)
3055 silly packumentCache full:https://registry.npmjs.org/node-releases set size:undefined disposed:false
3056 http fetch GET 200 https://registry.npmjs.org/baseline-browser-mapping 75ms (cache miss)
3057 silly packumentCache full:https://registry.npmjs.org/baseline-browser-mapping set size:undefined disposed:false
3058 http fetch GET 200 https://registry.npmjs.org/electron-to-chromium 155ms (cache miss)
3059 silly packumentCache full:https://registry.npmjs.org/electron-to-chromium set size:undefined disposed:false
3060 silly placeDep ROOT @babel/helper-module-imports@7.29.7 OK for: @babel/helper-module-transforms@7.29.7 want: ^7.29.7
3061 silly placeDep ROOT @babel/helper-globals@7.29.7 OK for: @babel/traverse@7.29.8 want: ^7.29.7
3062 silly placeDep ROOT @babel/helper-string-parser@7.29.7 OK for: @babel/types@7.29.8 want: ^7.29.7
3063 silly placeDep ROOT @jest/schemas@29.6.3 OK for: @jest/types@29.6.3 want: ^29.6.3
3064 silly placeDep ROOT @types/istanbul-reports@3.0.4 OK for: @jest/types@29.6.3 want: ^3.0.0
3065 silly placeDep ROOT @types/yargs@17.0.35 OK for: @jest/types@29.6.3 want: ^17.0.8
3066 silly fetch manifest @sinclair/typebox@^0.27.8
3067 silly packumentCache full:https://registry.npmjs.org/@sinclair%2ftypebox cache-miss
3068 silly fetch manifest @types/istanbul-lib-report@*
3069 silly packumentCache full:https://registry.npmjs.org/@types%2fistanbul-lib-report cache-miss
3070 silly fetch manifest @types/yargs-parser@*
3071 silly packumentCache full:https://registry.npmjs.org/@types%2fyargs-parser cache-miss
3072 http fetch GET 200 https://registry.npmjs.org/@types%2fistanbul-lib-report 66ms (cache miss)
3073 silly packumentCache full:https://registry.npmjs.org/@types%2fistanbul-lib-report set size:undefined disposed:false
3074 http fetch GET 200 https://registry.npmjs.org/@sinclair%2ftypebox 106ms (cache miss)
3075 silly packumentCache full:https://registry.npmjs.org/@sinclair%2ftypebox set size:undefined disposed:false
3076 http fetch GET 200 https://registry.npmjs.org/@types%2fyargs-parser 346ms (cache miss)
3077 silly packumentCache full:https://registry.npmjs.org/@types%2fyargs-parser set size:undefined disposed:false
3078 silly placeDep ROOT @sinclair/typebox@0.27.12 OK for: @jest/schemas@29.6.3 want: ^0.27.8
3079 silly placeDep ROOT @types/istanbul-lib-report@3.0.3 OK for: @types/istanbul-reports@3.0.4 want: *
3080 silly placeDep ROOT @types/yargs-parser@21.0.3 OK for: @types/yargs@17.0.35 want: *
3081 silly placeDep ROOT type-fest@0.21.3 OK for: ansi-escapes@4.3.2 want: ^0.21.3
3082 silly placeDep ROOT @babel/helper-plugin-utils@7.29.7 OK for: babel-plugin-istanbul@6.1.1 want: ^7.0.0
3083 silly placeDep ROOT @istanbuljs/load-nyc-config@1.1.0 OK for: babel-plugin-istanbul@6.1.1 want: ^1.0.0
3084 silly placeDep ROOT @istanbuljs/schema@0.1.6 OK for: babel-plugin-istanbul@6.1.1 want: ^0.1.2
3085 silly placeDep node_modules/babel-plugin-istanbul istanbul-lib-instrument@5.2.1 OK for: babel-plugin-istanbul@6.1.1 want: ^5.0.4
3086 silly placeDep ROOT test-exclude@6.0.0 OK for: babel-plugin-istanbul@6.1.1 want: ^6.0.0
3087 silly fetch manifest camelcase@^5.3.1
3088 silly packumentCache full:https://registry.npmjs.org/camelcase cache-miss
3089 silly fetch manifest find-up@^4.1.0
3090 silly packumentCache full:https://registry.npmjs.org/find-up cache-miss
3091 silly fetch manifest get-package-type@^0.1.0
3092 silly packumentCache full:https://registry.npmjs.org/get-package-type cache-miss
3093 silly fetch manifest js-yaml@^3.13.1
3094 silly packumentCache full:https://registry.npmjs.org/js-yaml cache-miss
3095 silly fetch manifest resolve-from@^5.0.0
3096 silly packumentCache full:https://registry.npmjs.org/resolve-from cache-miss
3097 silly fetch manifest semver@^6.3.0
3098 silly packumentCache full:https://registry.npmjs.org/semver cache-hit
3099 silly fetch manifest glob@^7.1.4
3100 silly packumentCache full:https://registry.npmjs.org/glob cache-hit
3101 http cache https://registry.npmjs.org/resolve-from 5ms (cache hit)
3102 silly packumentCache full:https://registry.npmjs.org/resolve-from set size:12911 disposed:false
3103 http cache https://registry.npmjs.org/camelcase 7ms (cache hit)
3104 silly packumentCache full:https://registry.npmjs.org/camelcase set size:60255 disposed:false
3105 http cache https://registry.npmjs.org/js-yaml 7ms (cache hit)
3106 silly packumentCache full:https://registry.npmjs.org/js-yaml set size:182023 disposed:false
3107 http fetch GET 200 https://registry.npmjs.org/find-up 62ms (cache miss)
3108 silly packumentCache full:https://registry.npmjs.org/find-up set size:undefined disposed:false
3109 http fetch GET 200 https://registry.npmjs.org/get-package-type 63ms (cache miss)
3110 silly packumentCache full:https://registry.npmjs.org/get-package-type set size:undefined disposed:false
3111 silly placeDep ROOT camelcase@5.3.1 OK for: @istanbuljs/load-nyc-config@1.1.0 want: ^5.3.1
3112 silly placeDep ROOT find-up@4.1.0 OK for: @istanbuljs/load-nyc-config@1.1.0 want: ^4.1.0
3113 silly placeDep ROOT get-package-type@0.1.0 OK for: @istanbuljs/load-nyc-config@1.1.0 want: ^0.1.0
3114 silly placeDep node_modules/@istanbuljs/load-nyc-config js-yaml@3.15.1 OK for: @istanbuljs/load-nyc-config@1.1.0 want: ^3.13.1
3115 silly placeDep node_modules/@istanbuljs/load-nyc-config resolve-from@5.0.0 OK for: @istanbuljs/load-nyc-config@1.1.0 want: ^5.0.0
3116 silly fetch manifest locate-path@^5.0.0
3117 silly packumentCache full:https://registry.npmjs.org/locate-path cache-miss
3118 silly fetch manifest path-exists@^4.0.0
3119 silly packumentCache full:https://registry.npmjs.org/path-exists cache-miss
3120 silly fetch manifest argparse@^1.0.7
3121 silly packumentCache full:https://registry.npmjs.org/argparse cache-miss
3122 http cache https://registry.npmjs.org/argparse 2ms (cache hit)
3123 silly packumentCache full:https://registry.npmjs.org/argparse set size:51348 disposed:false
3124 http fetch GET 200 https://registry.npmjs.org/path-exists 58ms (cache miss)
3125 silly packumentCache full:https://registry.npmjs.org/path-exists set size:undefined disposed:false
3126 http fetch GET 200 https://registry.npmjs.org/locate-path 72ms (cache miss)
3127 silly packumentCache full:https://registry.npmjs.org/locate-path set size:undefined disposed:false
3128 silly fetch manifest browserslist@>= 4.21.0
3129 silly packumentCache full:https://registry.npmjs.org/browserslist cache-hit
3130 silly placeDep ROOT baseline-browser-mapping@2.11.17 OK for: browserslist@4.28.8 want: ^2.11.12
3131 silly placeDep ROOT caniuse-lite@1.0.30001809 OK for: browserslist@4.28.8 want: ^1.0.30001809
3132 silly placeDep ROOT electron-to-chromium@1.5.412 OK for: browserslist@4.28.8 want: ^1.5.402
3133 silly placeDep ROOT node-releases@2.0.53 OK for: browserslist@4.28.8 want: ^2.0.53
3134 silly placeDep ROOT update-browserslist-db@1.3.1 OK for: browserslist@4.28.8 want: ^1.3.0
3135 silly fetch manifest escalade@^3.2.0
3136 silly packumentCache full:https://registry.npmjs.org/escalade cache-miss
3137 http fetch GET 200 https://registry.npmjs.org/escalade 62ms (cache miss)
3138 silly packumentCache full:https://registry.npmjs.org/escalade set size:undefined disposed:false
3139 silly placeDep ROOT locate-path@5.0.0 OK for: find-up@4.1.0 want: ^5.0.0
3140 silly placeDep ROOT path-exists@4.0.0 OK for: find-up@4.1.0 want: ^4.0.0
3141 silly fetch manifest p-locate@^4.1.0
3142 silly packumentCache full:https://registry.npmjs.org/p-locate cache-miss
3143 http fetch GET 200 https://registry.npmjs.org/p-locate 62ms (cache miss)
3144 silly packumentCache full:https://registry.npmjs.org/p-locate set size:undefined disposed:false
3145 silly placeDep ROOT pkg-dir@4.2.0 OK for: import-local@3.2.0 want: ^4.2.0
3146 silly placeDep ROOT resolve-cwd@3.0.0 OK for: import-local@3.2.0 want: ^3.0.0
3147 silly placeDep node_modules/istanbul-lib-report make-dir@4.0.0 OK for: istanbul-lib-report@3.0.1 want: ^4.0.0
3148 silly placeDep node_modules/istanbul-lib-source-maps source-map@0.6.1 OK for: istanbul-lib-source-maps@4.0.1 want: ^0.6.1
3149 silly placeDep ROOT html-escaper@2.0.2 OK for: istanbul-reports@3.2.0 want: ^2.0.0
3150 silly placeDep ROOT execa@5.1.1 OK for: jest-changed-files@29.7.0 want: ^5.0.0
3151 silly placeDep ROOT p-limit@3.1.0 OK for: jest-changed-files@29.7.0 want: ^3.1.0
3152 silly fetch manifest onetime@^5.1.2
3153 silly packumentCache full:https://registry.npmjs.org/onetime cache-miss
3154 silly fetch manifest is-stream@^2.0.0
3155 silly packumentCache full:https://registry.npmjs.org/is-stream cache-miss
3156 silly fetch manifest get-stream@^6.0.0
3157 silly packumentCache full:https://registry.npmjs.org/get-stream cache-miss
3158 silly fetch manifest cross-spawn@^7.0.3
3159 silly packumentCache full:https://registry.npmjs.org/cross-spawn cache-miss
3160 silly fetch manifest signal-exit@^3.0.3
3161 silly packumentCache full:https://registry.npmjs.org/signal-exit cache-hit
3162 silly fetch manifest npm-run-path@^4.0.1
3163 silly packumentCache full:https://registry.npmjs.org/npm-run-path cache-miss
3164 silly fetch manifest human-signals@^2.1.0
3165 silly packumentCache full:https://registry.npmjs.org/human-signals cache-miss
3166 silly fetch manifest strip-final-newline@^2.0.0
3167 silly packumentCache full:https://registry.npmjs.org/strip-final-newline cache-miss
3168 http fetch GET 200 https://registry.npmjs.org/is-stream 65ms (cache miss)
3169 silly packumentCache full:https://registry.npmjs.org/is-stream set size:undefined disposed:false
3170 silly fetch manifest yocto-queue@^0.1.0
3171 silly packumentCache full:https://registry.npmjs.org/yocto-queue cache-miss
3172 http fetch GET 200 https://registry.npmjs.org/cross-spawn 66ms (cache miss)
3173 silly packumentCache full:https://registry.npmjs.org/cross-spawn set size:undefined disposed:false
3174 http fetch GET 200 https://registry.npmjs.org/strip-final-newline 66ms (cache miss)
3175 silly packumentCache full:https://registry.npmjs.org/strip-final-newline set size:undefined disposed:false
3176 http fetch GET 200 https://registry.npmjs.org/onetime 69ms (cache miss)
3177 silly packumentCache full:https://registry.npmjs.org/onetime set size:undefined disposed:false
3178 http fetch GET 200 https://registry.npmjs.org/human-signals 67ms (cache miss)
3179 silly packumentCache full:https://registry.npmjs.org/human-signals set size:undefined disposed:false
3180 http fetch GET 200 https://registry.npmjs.org/npm-run-path 69ms (cache miss)
3181 silly packumentCache full:https://registry.npmjs.org/npm-run-path set size:undefined disposed:false
3182 http fetch GET 200 https://registry.npmjs.org/get-stream 71ms (cache miss)
3183 silly packumentCache full:https://registry.npmjs.org/get-stream set size:undefined disposed:false
3184 http fetch GET 200 https://registry.npmjs.org/yocto-queue 49ms (cache miss)
3185 silly packumentCache full:https://registry.npmjs.org/yocto-queue set size:undefined disposed:false
3186 silly placeDep ROOT cross-spawn@7.0.6 OK for: execa@5.1.1 want: ^7.0.3
3187 silly placeDep ROOT get-stream@6.0.1 OK for: execa@5.1.1 want: ^6.0.0
3188 silly placeDep ROOT human-signals@2.1.0 OK for: execa@5.1.1 want: ^2.1.0
3189 silly placeDep ROOT is-stream@2.0.1 OK for: execa@5.1.1 want: ^2.0.0
3190 silly placeDep ROOT merge-stream@2.0.0 OK for: execa@5.1.1 want: ^2.0.0
3191 silly placeDep ROOT npm-run-path@4.0.1 OK for: execa@5.1.1 want: ^4.0.1
3192 silly placeDep ROOT onetime@5.1.2 OK for: execa@5.1.1 want: ^5.1.2
3193 silly placeDep node_modules/execa signal-exit@3.0.7 OK for: execa@5.1.1 want: ^3.0.3
3194 silly placeDep ROOT strip-final-newline@2.0.0 OK for: execa@5.1.1 want: ^2.0.0
3195 silly fetch manifest which@^2.0.1
3196 silly packumentCache full:https://registry.npmjs.org/which cache-miss
3197 silly fetch manifest path-key@^3.1.0
3198 silly packumentCache full:https://registry.npmjs.org/path-key cache-miss
3199 silly fetch manifest shebang-command@^2.0.0
3200 silly packumentCache full:https://registry.npmjs.org/shebang-command cache-miss
3201 silly fetch manifest path-key@^3.0.0
3202 silly packumentCache full:https://registry.npmjs.org/path-key cache-miss
3203 silly fetch manifest mimic-fn@^2.1.0
3204 silly packumentCache full:https://registry.npmjs.org/mimic-fn cache-miss
3205 http fetch GET 200 https://registry.npmjs.org/shebang-command 54ms (cache miss)
3206 silly packumentCache full:https://registry.npmjs.org/shebang-command set size:undefined disposed:false
3207 http fetch GET 200 https://registry.npmjs.org/path-key 68ms (cache miss)
3208 silly packumentCache full:https://registry.npmjs.org/path-key set size:undefined disposed:false
3209 http fetch GET 200 https://registry.npmjs.org/path-key 68ms (cache miss)
3210 silly packumentCache full:https://registry.npmjs.org/path-key set size:undefined disposed:false
3211 http fetch GET 200 https://registry.npmjs.org/mimic-fn 69ms (cache miss)
3212 silly packumentCache full:https://registry.npmjs.org/mimic-fn set size:undefined disposed:false
3213 http fetch GET 200 https://registry.npmjs.org/which 69ms (cache miss)
3214 silly packumentCache full:https://registry.npmjs.org/which set size:undefined disposed:false
3215 silly placeDep ROOT path-key@3.1.1 OK for: cross-spawn@7.0.6 want: ^3.1.0
3216 silly placeDep ROOT shebang-command@2.0.0 OK for: cross-spawn@7.0.6 want: ^2.0.0
3217 silly placeDep ROOT which@2.0.2 OK for: cross-spawn@7.0.6 want: ^2.0.1
3218 silly fetch manifest shebang-regex@^3.0.0
3219 silly packumentCache full:https://registry.npmjs.org/shebang-regex cache-miss
3220 silly fetch manifest isexe@^2.0.0
3221 silly packumentCache full:https://registry.npmjs.org/isexe cache-miss
3222 http fetch GET 200 https://registry.npmjs.org/isexe 51ms (cache miss)
3223 silly packumentCache full:https://registry.npmjs.org/isexe set size:undefined disposed:false
3224 http fetch GET 200 https://registry.npmjs.org/shebang-regex 53ms (cache miss)
3225 silly packumentCache full:https://registry.npmjs.org/shebang-regex set size:undefined disposed:false
3226 silly placeDep ROOT create-jest@29.7.0 OK for: jest-cli@29.7.0 want: ^29.7.0
3227 silly placeDep ROOT yargs@17.7.3 OK for: jest-cli@29.7.0 want: ^17.3.1
3228 silly fetch manifest prompts@^2.0.1
3229 silly packumentCache full:https://registry.npmjs.org/prompts cache-miss
3230 silly fetch manifest y18n@^5.0.5
3231 silly packumentCache full:https://registry.npmjs.org/y18n cache-miss
3232 silly fetch manifest cliui@^8.0.1
3233 silly packumentCache full:https://registry.npmjs.org/cliui cache-miss
3234 silly fetch manifest escalade@^3.1.1
3235 silly packumentCache full:https://registry.npmjs.org/escalade cache-miss
3236 silly fetch manifest get-caller-file@^2.0.5
3237 silly packumentCache full:https://registry.npmjs.org/get-caller-file cache-miss
3238 silly fetch manifest require-directory@^2.1.1
3239 silly packumentCache full:https://registry.npmjs.org/require-directory cache-miss
3240 http cache https://registry.npmjs.org/escalade 3ms (cache hit)
3241 silly packumentCache full:https://registry.npmjs.org/escalade set size:33724 disposed:false
3242 http fetch GET 200 https://registry.npmjs.org/prompts 52ms (cache miss)
3243 silly packumentCache full:https://registry.npmjs.org/prompts set size:undefined disposed:false
3244 http fetch GET 200 https://registry.npmjs.org/y18n 54ms (cache miss)
3245 silly packumentCache full:https://registry.npmjs.org/y18n set size:undefined disposed:false
3246 http fetch GET 200 https://registry.npmjs.org/require-directory 55ms (cache miss)
3247 silly packumentCache full:https://registry.npmjs.org/require-directory set size:undefined disposed:false
3248 http fetch GET 200 https://registry.npmjs.org/get-caller-file 470ms (cache miss)
3249 silly packumentCache full:https://registry.npmjs.org/get-caller-file set size:undefined disposed:false
3250 http fetch GET 200 https://registry.npmjs.org/cliui 473ms (cache miss)
3251 silly packumentCache full:https://registry.npmjs.org/cliui set size:undefined disposed:false
3252 silly placeDep ROOT prompts@2.4.2 OK for: create-jest@29.7.0 want: ^2.0.1
3253 silly fetch manifest kleur@^3.0.3
3254 silly packumentCache full:https://registry.npmjs.org/kleur cache-miss
3255 silly fetch manifest sisteransi@^1.0.5
3256 silly packumentCache full:https://registry.npmjs.org/sisteransi cache-miss
3257 http fetch GET 200 https://registry.npmjs.org/sisteransi 80ms (cache miss)
3258 silly packumentCache full:https://registry.npmjs.org/sisteransi set size:undefined disposed:false
3259 http fetch GET 200 https://registry.npmjs.org/kleur 82ms (cache miss)
3260 silly packumentCache full:https://registry.npmjs.org/kleur set size:undefined disposed:false
3261 silly placeDep ROOT @jest/test-sequencer@29.7.0 OK for: jest-config@29.7.0 want: ^29.7.0
3262 silly placeDep ROOT babel-jest@29.7.0 OK for: jest-config@29.7.0 want: ^29.7.0
3263 silly placeDep node_modules/jest-config glob@7.2.3 OK for: jest-config@29.7.0 want: ^7.1.3
3264 silly placeDep ROOT jest-circus@29.7.0 OK for: jest-config@29.7.0 want: ^29.7.0
3265 silly placeDep ROOT jest-environment-node@29.7.0 OK for: jest-config@29.7.0 want: ^29.7.0
3266 silly placeDep ROOT strip-json-comments@3.1.1 OK for: jest-config@29.7.0 want: ^3.1.1
3267 silly fetch manifest babel-preset-jest@^29.6.3
3268 silly packumentCache full:https://registry.npmjs.org/babel-preset-jest cache-miss
3269 silly fetch manifest @types/babel__core@^7.1.14
3270 silly packumentCache full:https://registry.npmjs.org/@types%2fbabel__core cache-miss
3271 silly fetch manifest co@^4.6.0
3272 silly packumentCache full:https://registry.npmjs.org/co cache-miss
3273 silly fetch manifest dedent@^1.0.0
3274 silly packumentCache full:https://registry.npmjs.org/dedent cache-miss
3275 silly fetch manifest jest-each@^29.7.0
3276 silly packumentCache full:https://registry.npmjs.org/jest-each cache-miss
3277 silly fetch manifest pure-rand@^6.0.0
3278 silly packumentCache full:https://registry.npmjs.org/pure-rand cache-miss
3279 silly fetch manifest @jest/expect@^29.7.0
3280 silly packumentCache full:https://registry.npmjs.org/@jest%2fexpect cache-miss
3281 http fetch GET 200 https://registry.npmjs.org/dedent 72ms (cache miss)
3282 silly packumentCache full:https://registry.npmjs.org/dedent set size:undefined disposed:false
3283 silly fetch manifest is-generator-fn@^2.0.0
3284 silly packumentCache full:https://registry.npmjs.org/is-generator-fn cache-miss
3285 http fetch GET 200 https://registry.npmjs.org/co 75ms (cache miss)
3286 silly packumentCache full:https://registry.npmjs.org/co set size:undefined disposed:false
3287 http fetch GET 200 https://registry.npmjs.org/@types%2fbabel__core 77ms (cache miss)
3288 silly packumentCache full:https://registry.npmjs.org/@types%2fbabel__core set size:undefined disposed:false
3289 http fetch GET 200 https://registry.npmjs.org/pure-rand 77ms (cache miss)
3290 silly packumentCache full:https://registry.npmjs.org/pure-rand set size:undefined disposed:false
3291 http fetch GET 200 https://registry.npmjs.org/@jest%2fexpect 89ms (cache miss)
3292 silly packumentCache full:https://registry.npmjs.org/@jest%2fexpect set size:undefined disposed:false
3293 http fetch GET 200 https://registry.npmjs.org/is-generator-fn 44ms (cache miss)
3294 silly packumentCache full:https://registry.npmjs.org/is-generator-fn set size:undefined disposed:false
3295 http fetch GET 200 https://registry.npmjs.org/jest-each 324ms (cache miss)
3296 silly packumentCache full:https://registry.npmjs.org/jest-each set size:undefined disposed:false
3297 http fetch GET 200 https://registry.npmjs.org/babel-preset-jest 329ms (cache miss)
3298 silly packumentCache full:https://registry.npmjs.org/babel-preset-jest set size:undefined disposed:false
3299 silly fetch manifest @babel/core@^7.8.0
3300 silly packumentCache full:https://registry.npmjs.org/@babel%2fcore cache-hit
3301 silly placeDep ROOT @types/babel__core@7.20.5 OK for: babel-jest@29.7.0 want: ^7.1.14
3302 silly placeDep ROOT babel-preset-jest@29.6.3 OK for: babel-jest@29.7.0 want: ^29.6.3
3303 silly fetch manifest @types/babel__template@*
3304 silly packumentCache full:https://registry.npmjs.org/@types%2fbabel__template cache-miss
3305 silly fetch manifest @types/babel__traverse@*
3306 silly packumentCache full:https://registry.npmjs.org/@types%2fbabel__traverse cache-miss
3307 silly fetch manifest @types/babel__generator@*
3308 silly packumentCache full:https://registry.npmjs.org/@types%2fbabel__generator cache-miss
3309 silly fetch manifest babel-plugin-jest-hoist@^29.6.3
3310 silly packumentCache full:https://registry.npmjs.org/babel-plugin-jest-hoist cache-miss
3311 http fetch GET 200 https://registry.npmjs.org/@types%2fbabel__traverse 65ms (cache miss)
3312 silly packumentCache full:https://registry.npmjs.org/@types%2fbabel__traverse set size:undefined disposed:false
3313 http fetch GET 200 https://registry.npmjs.org/@types%2fbabel__template 69ms (cache miss)
3314 silly packumentCache full:https://registry.npmjs.org/@types%2fbabel__template set size:undefined disposed:false
3315 http fetch GET 200 https://registry.npmjs.org/@types%2fbabel__generator 69ms (cache miss)
3316 silly packumentCache full:https://registry.npmjs.org/@types%2fbabel__generator set size:undefined disposed:false
3317 http fetch GET 200 https://registry.npmjs.org/babel-plugin-jest-hoist 77ms (cache miss)
3318 silly packumentCache full:https://registry.npmjs.org/babel-plugin-jest-hoist set size:undefined disposed:false
3319 silly placeDep ROOT @types/babel__generator@7.27.0 OK for: @types/babel__core@7.20.5 want: *
3320 silly placeDep ROOT @types/babel__template@7.4.4 OK for: @types/babel__core@7.20.5 want: *
3321 silly placeDep ROOT @types/babel__traverse@7.28.0 OK for: @types/babel__core@7.20.5 want: *
3322 silly placeDep ROOT babel-plugin-jest-hoist@29.6.3 OK for: babel-preset-jest@29.6.3 want: ^29.6.3
3323 silly placeDep ROOT babel-preset-current-node-syntax@1.2.0 OK for: babel-preset-jest@29.6.3 want: ^1.0.0
3324 silly fetch manifest @babel/plugin-syntax-async-generators@^7.8.4
3325 silly packumentCache full:https://registry.npmjs.org/@babel%2fplugin-syntax-async-generators cache-miss
3326 silly fetch manifest @babel/plugin-syntax-bigint@^7.8.3
3327 silly packumentCache full:https://registry.npmjs.org/@babel%2fplugin-syntax-bigint cache-miss
3328 silly fetch manifest @babel/plugin-syntax-class-properties@^7.12.13
3329 silly packumentCache full:https://registry.npmjs.org/@babel%2fplugin-syntax-class-properties cache-miss
3330 silly fetch manifest @babel/plugin-syntax-class-static-block@^7.14.5
3331 silly packumentCache full:https://registry.npmjs.org/@babel%2fplugin-syntax-class-static-block cache-miss
3332 silly fetch manifest @babel/plugin-syntax-import-attributes@^7.24.7
3333 silly packumentCache full:https://registry.npmjs.org/@babel%2fplugin-syntax-import-attributes cache-miss
3334 silly fetch manifest @babel/plugin-syntax-import-meta@^7.10.4
3335 silly packumentCache full:https://registry.npmjs.org/@babel%2fplugin-syntax-import-meta cache-miss
3336 silly fetch manifest @babel/plugin-syntax-json-strings@^7.8.3
3337 silly packumentCache full:https://registry.npmjs.org/@babel%2fplugin-syntax-json-strings cache-miss
3338 http fetch GET 200 https://registry.npmjs.org/@babel%2fplugin-syntax-class-static-block 56ms (cache miss)
3339 silly packumentCache full:https://registry.npmjs.org/@babel%2fplugin-syntax-class-static-block set size:undefined disposed:false
3340 silly fetch manifest @babel/plugin-syntax-logical-assignment-operators@^7.10.4
3341 silly packumentCache full:https://registry.npmjs.org/@babel%2fplugin-syntax-logical-assignment-operators cache-miss
3342 http fetch GET 200 https://registry.npmjs.org/@babel%2fplugin-syntax-async-generators 60ms (cache miss)
3343 silly packumentCache full:https://registry.npmjs.org/@babel%2fplugin-syntax-async-generators set size:undefined disposed:false
3344 silly fetch manifest @babel/plugin-syntax-nullish-coalescing-operator@^7.8.3
3345 silly packumentCache full:https://registry.npmjs.org/@babel%2fplugin-syntax-nullish-coalescing-operator cache-miss
3346 http fetch GET 200 https://registry.npmjs.org/@babel%2fplugin-syntax-class-properties 61ms (cache miss)
3347 silly packumentCache full:https://registry.npmjs.org/@babel%2fplugin-syntax-class-properties set size:undefined disposed:false
3348 silly fetch manifest @babel/plugin-syntax-numeric-separator@^7.10.4
3349 silly packumentCache full:https://registry.npmjs.org/@babel%2fplugin-syntax-numeric-separator cache-miss
3350 http fetch GET 200 https://registry.npmjs.org/@babel%2fplugin-syntax-json-strings 67ms (cache miss)
3351 silly packumentCache full:https://registry.npmjs.org/@babel%2fplugin-syntax-json-strings set size:undefined disposed:false
3352 silly fetch manifest @babel/plugin-syntax-object-rest-spread@^7.8.3
3353 silly packumentCache full:https://registry.npmjs.org/@babel%2fplugin-syntax-object-rest-spread cache-miss
3354 http fetch GET 200 https://registry.npmjs.org/@babel%2fplugin-syntax-import-meta 67ms (cache miss)
3355 silly packumentCache full:https://registry.npmjs.org/@babel%2fplugin-syntax-import-meta set size:undefined disposed:false
3356 silly fetch manifest @babel/plugin-syntax-optional-catch-binding@^7.8.3
3357 silly packumentCache full:https://registry.npmjs.org/@babel%2fplugin-syntax-optional-catch-binding cache-miss
3358 http fetch GET 200 https://registry.npmjs.org/@babel%2fplugin-syntax-logical-assignment-operators 63ms (cache miss)
3359 silly packumentCache full:https://registry.npmjs.org/@babel%2fplugin-syntax-logical-assignment-operators set size:undefined disposed:false
3360 silly fetch manifest @babel/plugin-syntax-optional-chaining@^7.8.3
3361 silly packumentCache full:https://registry.npmjs.org/@babel%2fplugin-syntax-optional-chaining cache-miss
3362 http fetch GET 200 https://registry.npmjs.org/@babel%2fplugin-syntax-numeric-separator 62ms (cache miss)
3363 silly packumentCache full:https://registry.npmjs.org/@babel%2fplugin-syntax-numeric-separator set size:undefined disposed:false
3364 silly fetch manifest @babel/plugin-syntax-private-property-in-object@^7.14.5
3365 silly packumentCache full:https://registry.npmjs.org/@babel%2fplugin-syntax-private-property-in-object cache-miss
3366 http fetch GET 200 https://registry.npmjs.org/@babel%2fplugin-syntax-nullish-coalescing-operator 64ms (cache miss)
3367 silly packumentCache full:https://registry.npmjs.org/@babel%2fplugin-syntax-nullish-coalescing-operator set size:undefined disposed:false
3368 silly fetch manifest @babel/plugin-syntax-top-level-await@^7.14.5
3369 silly packumentCache full:https://registry.npmjs.org/@babel%2fplugin-syntax-top-level-await cache-miss
3370 http fetch GET 200 https://registry.npmjs.org/@babel%2fplugin-syntax-object-rest-spread 67ms (cache miss)
3371 silly packumentCache full:https://registry.npmjs.org/@babel%2fplugin-syntax-object-rest-spread set size:undefined disposed:false
3372 http fetch GET 200 https://registry.npmjs.org/@babel%2fplugin-syntax-optional-catch-binding 67ms (cache miss)
3373 silly packumentCache full:https://registry.npmjs.org/@babel%2fplugin-syntax-optional-catch-binding set size:undefined disposed:false
3374 http fetch GET 200 https://registry.npmjs.org/@babel%2fplugin-syntax-optional-chaining 51ms (cache miss)
3375 silly packumentCache full:https://registry.npmjs.org/@babel%2fplugin-syntax-optional-chaining set size:undefined disposed:false
3376 http fetch GET 200 https://registry.npmjs.org/@babel%2fplugin-syntax-private-property-in-object 49ms (cache miss)
3377 silly packumentCache full:https://registry.npmjs.org/@babel%2fplugin-syntax-private-property-in-object set size:undefined disposed:false
3378 http fetch GET 200 https://registry.npmjs.org/@babel%2fplugin-syntax-top-level-await 57ms (cache miss)
3379 silly packumentCache full:https://registry.npmjs.org/@babel%2fplugin-syntax-top-level-await set size:undefined disposed:false
3380 http fetch GET 200 https://registry.npmjs.org/@babel%2fplugin-syntax-import-attributes 311ms (cache miss)
3381 silly packumentCache full:https://registry.npmjs.org/@babel%2fplugin-syntax-import-attributes set size:undefined disposed:false
3382 http fetch GET 200 https://registry.npmjs.org/@babel%2fplugin-syntax-bigint 320ms (cache miss)
3383 silly packumentCache full:https://registry.npmjs.org/@babel%2fplugin-syntax-bigint set size:undefined disposed:false
3384 silly fetch manifest @babel/core@^7.0.0 || ^8.0.0-0
3385 silly packumentCache full:https://registry.npmjs.org/@babel%2fcore cache-hit
3386 silly fetch manifest @babel/core@^7.0.0-0
3387 silly packumentCache full:https://registry.npmjs.org/@babel%2fcore cache-hit
3388 silly placeDep ROOT @babel/plugin-syntax-async-generators@7.8.4 OK for: babel-preset-current-node-syntax@1.2.0 want: ^7.8.4
3389 silly placeDep ROOT @babel/plugin-syntax-bigint@7.8.3 OK for: babel-preset-current-node-syntax@1.2.0 want: ^7.8.3
3390 silly placeDep ROOT @babel/plugin-syntax-class-properties@7.12.13 OK for: babel-preset-current-node-syntax@1.2.0 want: ^7.12.13
3391 silly placeDep ROOT @babel/plugin-syntax-class-static-block@7.14.5 OK for: babel-preset-current-node-syntax@1.2.0 want: ^7.14.5
3392 silly placeDep ROOT @babel/plugin-syntax-import-attributes@7.29.7 OK for: babel-preset-current-node-syntax@1.2.0 want: ^7.24.7
3393 silly placeDep ROOT @babel/plugin-syntax-import-meta@7.10.4 OK for: babel-preset-current-node-syntax@1.2.0 want: ^7.10.4
3394 silly placeDep ROOT @babel/plugin-syntax-json-strings@7.8.3 OK for: babel-preset-current-node-syntax@1.2.0 want: ^7.8.3
3395 silly placeDep ROOT @babel/plugin-syntax-logical-assignment-operators@7.10.4 OK for: babel-preset-current-node-syntax@1.2.0 want: ^7.10.4
3396 silly placeDep ROOT @babel/plugin-syntax-nullish-coalescing-operator@7.8.3 OK for: babel-preset-current-node-syntax@1.2.0 want: ^7.8.3
3397 silly placeDep ROOT @babel/plugin-syntax-numeric-separator@7.10.4 OK for: babel-preset-current-node-syntax@1.2.0 want: ^7.10.4
3398 silly placeDep ROOT @babel/plugin-syntax-object-rest-spread@7.8.3 OK for: babel-preset-current-node-syntax@1.2.0 want: ^7.8.3
3399 silly placeDep ROOT @babel/plugin-syntax-optional-catch-binding@7.8.3 OK for: babel-preset-current-node-syntax@1.2.0 want: ^7.8.3
3400 silly placeDep ROOT @babel/plugin-syntax-optional-chaining@7.8.3 OK for: babel-preset-current-node-syntax@1.2.0 want: ^7.8.3
3401 silly placeDep ROOT @babel/plugin-syntax-private-property-in-object@7.14.5 OK for: babel-preset-current-node-syntax@1.2.0 want: ^7.14.5
3402 silly placeDep ROOT @babel/plugin-syntax-top-level-await@7.14.5 OK for: babel-preset-current-node-syntax@1.2.0 want: ^7.14.5
3403 silly fetch manifest babel-plugin-macros@^3.1.0
3404 silly packumentCache full:https://registry.npmjs.org/babel-plugin-macros cache-miss
3405 http fetch GET 200 https://registry.npmjs.org/babel-plugin-macros 67ms (cache miss)
3406 silly packumentCache full:https://registry.npmjs.org/babel-plugin-macros set size:undefined disposed:false
3407 silly placeDep ROOT @jest/environment@29.7.0 OK for: jest-circus@29.7.0 want: ^29.7.0
3408 silly placeDep ROOT @jest/expect@29.7.0 OK for: jest-circus@29.7.0 want: ^29.7.0
3409 silly placeDep ROOT co@4.6.0 OK for: jest-circus@29.7.0 want: ^4.6.0
3410 silly placeDep ROOT dedent@1.7.2 OK for: jest-circus@29.7.0 want: ^1.0.0
3411 silly placeDep ROOT is-generator-fn@2.1.0 OK for: jest-circus@29.7.0 want: ^2.0.0
3412 silly placeDep ROOT jest-each@29.7.0 OK for: jest-circus@29.7.0 want: ^29.7.0
3413 silly placeDep ROOT pure-rand@6.1.0 OK for: jest-circus@29.7.0 want: ^6.0.0
3414 silly placeDep ROOT stack-utils@2.0.6 OK for: jest-circus@29.7.0 want: ^2.0.3
3415 silly fetch manifest escape-string-regexp@^2.0.0
3416 silly packumentCache full:https://registry.npmjs.org/escape-string-regexp cache-miss
3417 http fetch GET 200 https://registry.npmjs.org/escape-string-regexp 70ms (cache miss)
3418 silly packumentCache full:https://registry.npmjs.org/escape-string-regexp set size:undefined disposed:false
3419 silly placeDep ROOT @jest/fake-timers@29.7.0 OK for: @jest/environment@29.7.0 want: ^29.7.0
3420 silly placeDep ROOT jest-mock@29.7.0 OK for: @jest/environment@29.7.0 want: ^29.7.0
3421 silly fetch manifest @sinonjs/fake-timers@^10.0.2
3422 silly packumentCache full:https://registry.npmjs.org/@sinonjs%2ffake-timers cache-miss
3423 http fetch GET 200 https://registry.npmjs.org/@sinonjs%2ffake-timers 69ms (cache miss)
3424 silly packumentCache full:https://registry.npmjs.org/@sinonjs%2ffake-timers set size:undefined disposed:false
3425 silly placeDep ROOT @sinonjs/fake-timers@10.3.0 OK for: @jest/fake-timers@29.7.0 want: ^10.0.2
3426 silly fetch manifest @sinonjs/commons@^3.0.0
3427 silly packumentCache full:https://registry.npmjs.org/@sinonjs%2fcommons cache-miss
3428 http fetch GET 200 https://registry.npmjs.org/@sinonjs%2fcommons 86ms (cache miss)
3429 silly packumentCache full:https://registry.npmjs.org/@sinonjs%2fcommons set size:undefined disposed:false
3430 silly placeDep ROOT @sinonjs/commons@3.0.1 OK for: @sinonjs/fake-timers@10.3.0 want: ^3.0.0
3431 silly fetch manifest type-detect@4.0.8
3432 silly packumentCache full:https://registry.npmjs.org/type-detect cache-miss
3433 http fetch GET 200 https://registry.npmjs.org/type-detect 57ms (cache miss)
3434 silly packumentCache full:https://registry.npmjs.org/type-detect set size:undefined disposed:false
3435 silly placeDep ROOT type-detect@4.0.8 OK for: @sinonjs/commons@3.0.1 want: 4.0.8
3436 silly placeDep ROOT @types/graceful-fs@4.1.9 OK for: jest-haste-map@29.7.0 want: ^4.1.3
3437 silly placeDep ROOT anymatch@3.1.3 OK for: jest-haste-map@29.7.0 want: ^3.0.3
3438 silly placeDep ROOT fb-watchman@2.0.2 OK for: jest-haste-map@29.7.0 want: ^2.0.0
3439 silly placeDep ROOT fsevents@2.3.3 OK for: jest-haste-map@29.7.0 want: ^2.3.2
3440 silly placeDep ROOT walker@1.0.8 OK for: jest-haste-map@29.7.0 want: ^1.0.8
3441 silly fetch manifest picomatch@^2.0.4
3442 silly packumentCache full:https://registry.npmjs.org/picomatch cache-hit
3443 silly fetch manifest normalize-path@^3.0.0
3444 silly packumentCache full:https://registry.npmjs.org/normalize-path cache-miss
3445 silly fetch manifest bser@2.1.1
3446 silly packumentCache full:https://registry.npmjs.org/bser cache-miss
3447 silly fetch manifest makeerror@1.0.12
3448 silly packumentCache full:https://registry.npmjs.org/makeerror cache-miss
3449 http fetch GET 200 https://registry.npmjs.org/bser 52ms (cache miss)
3450 silly packumentCache full:https://registry.npmjs.org/bser set size:undefined disposed:false
3451 http fetch GET 200 https://registry.npmjs.org/normalize-path 58ms (cache miss)
3452 silly packumentCache full:https://registry.npmjs.org/normalize-path set size:undefined disposed:false
3453 http fetch GET 200 https://registry.npmjs.org/makeerror 59ms (cache miss)
3454 silly packumentCache full:https://registry.npmjs.org/makeerror set size:undefined disposed:false
3455 silly placeDep ROOT normalize-path@3.0.0 OK for: anymatch@3.1.3 want: ^3.0.0
3456 silly placeDep node_modules/anymatch picomatch@2.3.2 OK for: anymatch@3.1.3 want: ^2.0.4
3457 silly placeDep ROOT bser@2.1.1 OK for: fb-watchman@2.0.2 want: 2.1.1
3458 silly fetch manifest node-int64@^0.4.0
3459 silly packumentCache full:https://registry.npmjs.org/node-int64 cache-miss
3460 http fetch GET 200 https://registry.npmjs.org/node-int64 46ms (cache miss)
3461 silly packumentCache full:https://registry.npmjs.org/node-int64 set size:undefined disposed:false
3462 silly placeDep ROOT node-int64@0.4.0 OK for: bser@2.1.1 want: ^0.4.0
3463 silly placeDep ROOT jest-diff@29.7.0 OK for: jest-matcher-utils@29.7.0 want: ^29.7.0
3464 silly fetch manifest diff-sequences@^29.6.3
3465 silly packumentCache full:https://registry.npmjs.org/diff-sequences cache-miss
3466 http fetch GET 200 https://registry.npmjs.org/diff-sequences 60ms (cache miss)
3467 silly packumentCache full:https://registry.npmjs.org/diff-sequences set size:undefined disposed:false
3468 silly placeDep ROOT diff-sequences@29.6.3 OK for: jest-diff@29.7.0 want: ^29.6.3
3469 silly placeDep ROOT @types/stack-utils@2.0.3 OK for: jest-message-util@29.7.0 want: ^2.0.0
3470 silly fetch manifest jest-resolve@*
3471 silly packumentCache full:https://registry.npmjs.org/jest-resolve cache-miss
3472 http cache https://registry.npmjs.org/jest-resolve 2ms (cache hit)
3473 silly packumentCache full:https://registry.npmjs.org/jest-resolve set size:660045 disposed:false
3474 silly placeDep ROOT jest-pnp-resolver@1.2.3 OK for: jest-resolve@29.7.0 want: ^1.2.2
3475 silly placeDep ROOT resolve@1.22.12 OK for: jest-resolve@29.7.0 want: ^1.20.0
3476 silly placeDep ROOT resolve.exports@2.0.3 OK for: jest-resolve@29.7.0 want: ^2.0.0
3477 silly fetch manifest path-parse@^1.0.7
3478 silly packumentCache full:https://registry.npmjs.org/path-parse cache-miss
3479 silly fetch manifest is-core-module@^2.16.1
3480 silly packumentCache full:https://registry.npmjs.org/is-core-module cache-miss
3481 silly fetch manifest supports-preserve-symlinks-flag@^1.0.0
3482 silly packumentCache full:https://registry.npmjs.org/supports-preserve-symlinks-flag cache-miss
3483 http fetch GET 200 https://registry.npmjs.org/path-parse 56ms (cache miss)
3484 silly packumentCache full:https://registry.npmjs.org/path-parse set size:undefined disposed:false
3485 http fetch GET 200 https://registry.npmjs.org/supports-preserve-symlinks-flag 68ms (cache miss)
3486 silly packumentCache full:https://registry.npmjs.org/supports-preserve-symlinks-flag set size:undefined disposed:false
3487 http fetch GET 200 https://registry.npmjs.org/is-core-module 69ms (cache miss)
3488 silly packumentCache full:https://registry.npmjs.org/is-core-module set size:undefined disposed:false
3489 silly placeDep ROOT emittery@0.13.1 OK for: jest-runner@29.7.0 want: ^0.13.1
3490 silly placeDep ROOT jest-docblock@29.7.0 OK for: jest-runner@29.7.0 want: ^29.7.0
3491 silly placeDep ROOT jest-leak-detector@29.7.0 OK for: jest-runner@29.7.0 want: ^29.7.0
3492 silly placeDep node_modules/jest-runner source-map-support@0.5.13 OK for: jest-runner@29.7.0 want: 0.5.13
3493 silly fetch manifest detect-newline@^3.0.0
3494 silly packumentCache full:https://registry.npmjs.org/detect-newline cache-miss
3495 http fetch GET 200 https://registry.npmjs.org/detect-newline 65ms (cache miss)
3496 silly packumentCache full:https://registry.npmjs.org/detect-newline set size:undefined disposed:false
3497 silly placeDep ROOT detect-newline@3.1.0 OK for: jest-docblock@29.7.0 want: ^3.0.0
3498 silly placeDep ROOT @jest/globals@29.7.0 OK for: jest-runtime@29.7.0 want: ^29.7.0
3499 silly placeDep ROOT @jest/source-map@29.6.3 OK for: jest-runtime@29.7.0 want: ^29.6.3
3500 silly placeDep ROOT cjs-module-lexer@1.4.3 OK for: jest-runtime@29.7.0 want: ^1.0.0
3501 silly placeDep node_modules/jest-runtime glob@7.2.3 OK for: jest-runtime@29.7.0 want: ^7.1.3
3502 silly placeDep ROOT strip-bom@4.0.0 OK for: jest-runtime@29.7.0 want: ^4.0.0
3503 silly placeDep ROOT callsites@3.1.0 OK for: @jest/source-map@29.6.3 want: ^3.0.0
3504 silly placeDep ROOT @babel/plugin-syntax-jsx@7.29.7 OK for: jest-snapshot@29.7.0 want: ^7.7.2
3505 silly placeDep ROOT @babel/plugin-syntax-typescript@7.29.7 OK for: jest-snapshot@29.7.0 want: ^7.7.2
3506 silly placeDep ROOT natural-compare@1.4.0 OK for: jest-snapshot@29.7.0 want: ^1.4.0
3507 silly placeDep node_modules/jest-util picomatch@2.3.2 OK for: jest-util@29.7.0 want: ^2.2.3
3508 silly placeDep node_modules/jest-validate camelcase@6.3.0 OK for: jest-validate@29.7.0 want: ^6.2.0
3509 silly placeDep ROOT leven@3.1.0 OK for: jest-validate@29.7.0 want: ^3.1.0
3510 silly placeDep node_modules/jest-worker supports-color@8.1.1 OK for: jest-worker@29.7.0 want: ^8.0.0
3511 silly placeDep ROOT argparse@2.0.1 OK for: js-yaml@4.3.1 want: ^2.0.1
3512 silly placeDep ROOT jws@4.0.1 OK for: jsonwebtoken@9.0.3 want: ^4.0.1
3513 silly placeDep ROOT lodash.includes@4.3.0 OK for: jsonwebtoken@9.0.3 want: ^4.3.0
3514 silly placeDep ROOT lodash.isboolean@3.0.3 OK for: jsonwebtoken@9.0.3 want: ^3.0.3
3515 silly placeDep ROOT lodash.isinteger@4.0.4 OK for: jsonwebtoken@9.0.3 want: ^4.0.4
3516 silly placeDep ROOT lodash.isnumber@3.0.3 OK for: jsonwebtoken@9.0.3 want: ^3.0.3
3517 silly placeDep ROOT lodash.isplainobject@4.0.6 OK for: jsonwebtoken@9.0.3 want: ^4.0.6
3518 silly placeDep ROOT lodash.isstring@4.0.1 OK for: jsonwebtoken@9.0.3 want: ^4.0.1
3519 silly placeDep ROOT lodash.once@4.1.1 OK for: jsonwebtoken@9.0.3 want: ^4.0.0
3520 silly fetch manifest jwa@^2.0.1
3521 silly packumentCache full:https://registry.npmjs.org/jwa cache-miss
3522 silly fetch manifest safe-buffer@^5.0.1
3523 silly packumentCache full:https://registry.npmjs.org/safe-buffer cache-miss
3524 http fetch GET 200 https://registry.npmjs.org/safe-buffer 60ms (cache miss)
3525 silly packumentCache full:https://registry.npmjs.org/safe-buffer set size:undefined disposed:false
3526 http fetch GET 200 https://registry.npmjs.org/jwa 61ms (cache miss)
3527 silly packumentCache full:https://registry.npmjs.org/jwa set size:undefined disposed:false
3528 silly placeDep ROOT jwa@2.0.1 OK for: jws@4.0.1 want: ^2.0.1
3529 silly placeDep ROOT safe-buffer@5.2.1 OK for: jws@4.0.1 want: ^5.0.1
3530 silly fetch manifest ecdsa-sig-formatter@1.0.11
3531 silly packumentCache full:https://registry.npmjs.org/ecdsa-sig-formatter cache-miss
3532 silly fetch manifest buffer-equal-constant-time@^1.0.1
3533 silly packumentCache full:https://registry.npmjs.org/buffer-equal-constant-time cache-miss
3534 http fetch GET 200 https://registry.npmjs.org/buffer-equal-constant-time 47ms (cache miss)
3535 silly packumentCache full:https://registry.npmjs.org/buffer-equal-constant-time set size:undefined disposed:false
3536 http fetch GET 200 https://registry.npmjs.org/ecdsa-sig-formatter 47ms (cache miss)
3537 silly packumentCache full:https://registry.npmjs.org/ecdsa-sig-formatter set size:undefined disposed:false
3538 silly placeDep ROOT buffer-equal-constant-time@1.0.1 OK for: jwa@2.0.1 want: ^1.0.1
3539 silly placeDep ROOT ecdsa-sig-formatter@1.0.11 OK for: jwa@2.0.1 want: 1.0.11
3540 silly placeDep ROOT lightningcss-android-arm64@1.32.0 OK for: lightningcss@1.32.0 want: 1.32.0
3541 silly placeDep ROOT lightningcss-darwin-arm64@1.32.0 OK for: lightningcss@1.32.0 want: 1.32.0
3542 silly placeDep ROOT lightningcss-darwin-x64@1.32.0 OK for: lightningcss@1.32.0 want: 1.32.0
3543 silly placeDep ROOT lightningcss-freebsd-x64@1.32.0 OK for: lightningcss@1.32.0 want: 1.32.0
3544 silly placeDep ROOT lightningcss-linux-arm-gnueabihf@1.32.0 OK for: lightningcss@1.32.0 want: 1.32.0
3545 silly placeDep ROOT lightningcss-linux-arm64-gnu@1.32.0 OK for: lightningcss@1.32.0 want: 1.32.0
3546 silly placeDep ROOT lightningcss-linux-arm64-musl@1.32.0 OK for: lightningcss@1.32.0 want: 1.32.0
3547 silly placeDep ROOT lightningcss-linux-x64-gnu@1.32.0 OK for: lightningcss@1.32.0 want: 1.32.0
3548 silly placeDep ROOT lightningcss-linux-x64-musl@1.32.0 OK for: lightningcss@1.32.0 want: 1.32.0
3549 silly placeDep ROOT lightningcss-win32-arm64-msvc@1.32.0 OK for: lightningcss@1.32.0 want: 1.32.0
3550 silly placeDep ROOT lightningcss-win32-x64-msvc@1.32.0 OK for: lightningcss@1.32.0 want: 1.32.0
3551 silly placeDep ROOT p-locate@4.1.0 OK for: locate-path@5.0.0 want: ^4.1.0
3552 silly fetch manifest p-limit@^2.2.0
3553 silly packumentCache full:https://registry.npmjs.org/p-limit cache-miss
3554 http cache https://registry.npmjs.org/p-limit 2ms (cache hit)
3555 silly packumentCache full:https://registry.npmjs.org/p-limit set size:63850 disposed:false
3556 silly placeDep ROOT yallist@3.1.1 OK for: lru-cache@5.1.1 want: ^3.0.2
3557 silly placeDep node_modules/make-dir semver@6.3.1 OK for: make-dir@3.1.0 want: ^6.0.0
3558 silly placeDep ROOT fs-monkey@1.1.0 OK for: memfs@3.5.3 want: ^1.0.4
3559 silly placeDep ROOT braces@3.0.3 OK for: micromatch@4.0.8 want: ^3.0.3
3560 silly placeDep node_modules/micromatch picomatch@2.3.2 OK for: micromatch@4.0.8 want: ^2.3.1
3561 silly fetch manifest fill-range@^7.1.1
3562 silly packumentCache full:https://registry.npmjs.org/fill-range cache-miss
3563 http fetch GET 200 https://registry.npmjs.org/fill-range 69ms (cache miss)
3564 silly packumentCache full:https://registry.npmjs.org/fill-range set size:undefined disposed:false
3565 silly placeDep ROOT fill-range@7.1.1 OK for: braces@3.0.3 want: ^7.1.1
3566 silly fetch manifest to-regex-range@^5.0.1
3567 silly packumentCache full:https://registry.npmjs.org/to-regex-range cache-miss
3568 http fetch GET 200 https://registry.npmjs.org/to-regex-range 59ms (cache miss)
3569 silly packumentCache full:https://registry.npmjs.org/to-regex-range set size:undefined disposed:false
3570 silly placeDep ROOT to-regex-range@5.0.1 OK for: fill-range@7.1.1 want: ^5.0.1
3571 silly fetch manifest is-number@^7.0.0
3572 silly packumentCache full:https://registry.npmjs.org/is-number cache-miss
3573 http fetch GET 200 https://registry.npmjs.org/is-number 69ms (cache miss)
3574 silly packumentCache full:https://registry.npmjs.org/is-number set size:undefined disposed:false
3575 silly placeDep ROOT mime-db@1.54.0 OK for: mime-types@3.0.2 want: ^1.54.0
3576 silly placeDep ROOT brace-expansion@1.1.18 OK for: minimatch@3.1.5 want: ^1.1.7
3577 silly fetch manifest concat-map@0.0.1
3578 silly packumentCache full:https://registry.npmjs.org/concat-map cache-miss
3579 silly fetch manifest balanced-match@^1.0.0
3580 silly packumentCache full:https://registry.npmjs.org/balanced-match cache-miss
3581 http fetch GET 200 https://registry.npmjs.org/concat-map 60ms (cache miss)
3582 silly packumentCache full:https://registry.npmjs.org/concat-map set size:undefined disposed:false
3583 http fetch GET 200 https://registry.npmjs.org/balanced-match 63ms (cache miss)
3584 silly packumentCache full:https://registry.npmjs.org/balanced-match set size:undefined disposed:false
3585 silly placeDep ROOT balanced-match@1.0.2 OK for: brace-expansion@1.1.18 want: ^1.0.0
3586 silly placeDep ROOT concat-map@0.0.1 OK for: brace-expansion@1.1.18 want: 0.0.1
3587 silly fetch manifest react@^18.0.0 || ^19.0.0
3588 silly packumentCache full:https://registry.npmjs.org/react cache-miss
3589 http cache https://registry.npmjs.org/react 15ms (cache hit)
3590 silly packumentCache full:https://registry.npmjs.org/react set size:6902730 disposed:false
3591 silly fetch manifest react-dom@^18.0.0 || ^19.0.0
3592 silly packumentCache full:https://registry.npmjs.org/react-dom cache-miss
3593 http cache https://registry.npmjs.org/react-dom 19ms (cache hit)
3594 silly packumentCache full:https://registry.npmjs.org/react-dom set size:9275431 disposed:false
3595 silly placeDep ROOT framer-motion@12.43.0 OK for: motion@12.43.0 want: ^12.43.0
3596 silly fetch manifest motion-dom@^12.43.0
3597 silly packumentCache full:https://registry.npmjs.org/motion-dom cache-miss
3598 silly fetch manifest motion-utils@^12.39.0
3599 silly packumentCache full:https://registry.npmjs.org/motion-utils cache-miss
3600 http fetch GET 200 https://registry.npmjs.org/motion-utils 69ms (cache miss)
3601 silly packumentCache full:https://registry.npmjs.org/motion-utils set size:undefined disposed:false
3602 http fetch GET 200 https://registry.npmjs.org/motion-dom 80ms (cache miss)
3603 silly packumentCache full:https://registry.npmjs.org/motion-dom set size:undefined disposed:false
3604 silly placeDep ROOT motion-dom@12.43.0 OK for: framer-motion@12.43.0 want: ^12.43.0
3605 silly placeDep ROOT motion-utils@12.39.0 OK for: framer-motion@12.43.0 want: ^12.39.0
3606 silly placeDep ROOT append-field@1.0.0 OK for: multer@1.4.5-lts.2 want: ^1.0.0
3607 silly placeDep ROOT busboy@1.6.0 OK for: multer@1.4.5-lts.2 want: ^1.0.0
3608 silly placeDep ROOT concat-stream@1.6.2 OK for: multer@1.4.5-lts.2 want: ^1.5.2
3609 silly placeDep ROOT mkdirp@0.5.6 OK for: multer@1.4.5-lts.2 want: ^0.5.4
3610 silly placeDep node_modules/multer type-is@1.6.18 OK for: multer@1.4.5-lts.2 want: ^1.6.4
3611 silly placeDep ROOT xtend@4.0.2 OK for: multer@1.4.5-lts.2 want: ^4.0.0
3612 silly fetch manifest streamsearch@^1.1.0
3613 silly packumentCache full:https://registry.npmjs.org/streamsearch cache-miss
3614 silly fetch manifest readable-stream@^2.2.2
3615 silly packumentCache full:https://registry.npmjs.org/readable-stream cache-miss
3616 silly fetch manifest typedarray@^0.0.6
3617 silly packumentCache full:https://registry.npmjs.org/typedarray cache-miss
3618 silly fetch manifest mime-types@~2.1.24
3619 silly packumentCache full:https://registry.npmjs.org/mime-types cache-hit
3620 silly fetch manifest media-typer@0.3.0
3621 silly packumentCache full:https://registry.npmjs.org/media-typer cache-miss
3622 http cache https://registry.npmjs.org/media-typer 2ms (cache hit)
3623 silly packumentCache full:https://registry.npmjs.org/media-typer set size:22074 disposed:false
3624 http fetch GET 200 https://registry.npmjs.org/streamsearch 57ms (cache miss)
3625 silly packumentCache full:https://registry.npmjs.org/streamsearch set size:undefined disposed:false
3626 http fetch GET 200 https://registry.npmjs.org/readable-stream 68ms (cache miss)
3627 silly packumentCache full:https://registry.npmjs.org/readable-stream set size:undefined disposed:false
3628 http fetch GET 200 https://registry.npmjs.org/typedarray 350ms (cache miss)
3629 silly packumentCache full:https://registry.npmjs.org/typedarray set size:undefined disposed:false
3630 silly placeDep ROOT streamsearch@1.1.0 OK for: busboy@1.6.0 want: ^1.1.0
3631 silly placeDep ROOT buffer-from@1.1.2 OK for: concat-stream@1.6.2 want: ^1.0.0
3632 silly placeDep ROOT readable-stream@2.3.8 OK for: concat-stream@1.6.2 want: ^2.2.2
3633 silly placeDep ROOT typedarray@0.0.6 OK for: concat-stream@1.6.2 want: ^0.0.6
3634 silly fetch manifest isarray@~1.0.0
3635 silly packumentCache full:https://registry.npmjs.org/isarray cache-miss
3636 silly fetch manifest safe-buffer@~5.1.1
3637 silly packumentCache full:https://registry.npmjs.org/safe-buffer cache-miss
3638 silly fetch manifest core-util-is@~1.0.0
3639 silly packumentCache full:https://registry.npmjs.org/core-util-is cache-miss
3640 silly fetch manifest string_decoder@~1.1.1
3641 silly packumentCache full:https://registry.npmjs.org/string_decoder cache-miss
3642 silly fetch manifest util-deprecate@~1.0.1
3643 silly packumentCache full:https://registry.npmjs.org/util-deprecate cache-miss
3644 silly fetch manifest process-nextick-args@~2.0.0
3645 silly packumentCache full:https://registry.npmjs.org/process-nextick-args cache-miss
3646 http cache https://registry.npmjs.org/safe-buffer 6ms (cache hit)
3647 silly packumentCache full:https://registry.npmjs.org/safe-buffer set size:41183 disposed:false
3648 http fetch GET 200 https://registry.npmjs.org/util-deprecate 46ms (cache miss)
3649 silly packumentCache full:https://registry.npmjs.org/util-deprecate set size:undefined disposed:false
3650 http fetch GET 200 https://registry.npmjs.org/string_decoder 55ms (cache miss)
3651 silly packumentCache full:https://registry.npmjs.org/string_decoder set size:undefined disposed:false
3652 http fetch GET 200 https://registry.npmjs.org/core-util-is 56ms (cache miss)
3653 silly packumentCache full:https://registry.npmjs.org/core-util-is set size:undefined disposed:false
3654 http fetch GET 200 https://registry.npmjs.org/process-nextick-args 56ms (cache miss)
3655 silly packumentCache full:https://registry.npmjs.org/process-nextick-args set size:undefined disposed:false
3656 http fetch GET 200 https://registry.npmjs.org/isarray 58ms (cache miss)
3657 silly packumentCache full:https://registry.npmjs.org/isarray set size:undefined disposed:false
3658 silly placeDep ROOT minimist@1.2.8 OK for: mkdirp@0.5.6 want: ^1.2.6
3659 silly placeDep node_modules/negotiator content-type@2.1.0 OK for: negotiator@1.1.0 want: ^2.1.0
3660 silly fetch manifest react@^18.2.0 || 19.0.0-rc-de68d2f4-20241204 || ^19.0.0
3661 silly packumentCache full:https://registry.npmjs.org/react cache-miss
3662 http cache https://registry.npmjs.org/react 9ms (cache hit)
3663 silly packumentCache full:https://registry.npmjs.org/react set size:6902730 disposed:false
3664 silly placeDep ROOT @next/env@15.5.23 OK for: next@15.5.23 want: 15.5.23
3665 silly placeDep ROOT @next/swc-darwin-arm64@15.5.23 OK for: next@15.5.23 want: 15.5.23
3666 silly placeDep ROOT @next/swc-darwin-x64@15.5.23 OK for: next@15.5.23 want: 15.5.23
3667 silly placeDep ROOT @next/swc-linux-arm64-gnu@15.5.23 OK for: next@15.5.23 want: 15.5.23
3668 silly placeDep ROOT @next/swc-linux-arm64-musl@15.5.23 OK for: next@15.5.23 want: 15.5.23
3669 silly placeDep ROOT @next/swc-linux-x64-gnu@15.5.23 OK for: next@15.5.23 want: 15.5.23
3670 silly placeDep ROOT @next/swc-linux-x64-musl@15.5.23 OK for: next@15.5.23 want: 15.5.23
3671 silly placeDep ROOT @next/swc-win32-arm64-msvc@15.5.23 OK for: next@15.5.23 want: 15.5.23
3672 silly placeDep ROOT @next/swc-win32-x64-msvc@15.5.23 OK for: next@15.5.23 want: 15.5.23
3673 silly placeDep ROOT @swc/helpers@0.5.15 OK for: next@15.5.23 want: 0.5.15
3674 silly placeDep node_modules/next postcss@8.4.31 OK for: next@15.5.23 want: 8.4.31
3675 silly placeDep ROOT sharp@0.34.5 OK for: next@15.5.23 want: ^0.34.3
3676 silly placeDep ROOT styled-jsx@5.1.6 OK for: next@15.5.23 want: 5.1.6
3677 silly fetch manifest nanoid@^3.3.6
3678 silly packumentCache full:https://registry.npmjs.org/nanoid cache-miss
3679 silly fetch manifest @img/colour@^1.0.0
3680 silly packumentCache full:https://registry.npmjs.org/@img%2fcolour cache-miss
3681 silly fetch manifest @img/sharp-wasm32@0.34.5
3682 silly packumentCache full:https://registry.npmjs.org/@img%2fsharp-wasm32 cache-miss
3683 silly fetch manifest @img/sharp-linux-arm@0.34.5
3684 silly packumentCache full:https://registry.npmjs.org/@img%2fsharp-linux-arm cache-miss
3685 silly fetch manifest @img/sharp-linux-x64@0.34.5
3686 silly packumentCache full:https://registry.npmjs.org/@img%2fsharp-linux-x64 cache-miss
3687 silly fetch manifest @img/sharp-win32-x64@0.34.5
3688 silly packumentCache full:https://registry.npmjs.org/@img%2fsharp-win32-x64 cache-miss
3689 silly fetch manifest @img/sharp-darwin-x64@0.34.5
3690 silly packumentCache full:https://registry.npmjs.org/@img%2fsharp-darwin-x64 cache-miss
3691 http cache https://registry.npmjs.org/nanoid 4ms (cache hit)
3692 silly packumentCache full:https://registry.npmjs.org/nanoid set size:342705 disposed:false
3693 silly fetch manifest @img/sharp-win32-ia32@0.34.5
3694 silly packumentCache full:https://registry.npmjs.org/@img%2fsharp-win32-ia32 cache-miss
3695 http fetch GET 200 https://registry.npmjs.org/@img%2fcolour 70ms (cache miss)
3696 silly packumentCache full:https://registry.npmjs.org/@img%2fcolour set size:undefined disposed:false
3697 silly fetch manifest @img/sharp-linux-arm64@0.34.5
3698 silly packumentCache full:https://registry.npmjs.org/@img%2fsharp-linux-arm64 cache-miss
3699 http fetch GET 200 https://registry.npmjs.org/@img%2fsharp-wasm32 71ms (cache miss)
3700 silly packumentCache full:https://registry.npmjs.org/@img%2fsharp-wasm32 set size:undefined disposed:false
3701 silly fetch manifest @img/sharp-linux-ppc64@0.34.5
3702 silly packumentCache full:https://registry.npmjs.org/@img%2fsharp-linux-ppc64 cache-miss
3703 http fetch GET 200 https://registry.npmjs.org/@img%2fsharp-linux-x64 72ms (cache miss)
3704 silly packumentCache full:https://registry.npmjs.org/@img%2fsharp-linux-x64 set size:undefined disposed:false
3705 silly fetch manifest @img/sharp-linux-s390x@0.34.5
3706 silly packumentCache full:https://registry.npmjs.org/@img%2fsharp-linux-s390x cache-miss
3707 http fetch GET 200 https://registry.npmjs.org/@img%2fsharp-darwin-x64 73ms (cache miss)
3708 silly packumentCache full:https://registry.npmjs.org/@img%2fsharp-darwin-x64 set size:undefined disposed:false
3709 silly fetch manifest @img/sharp-win32-arm64@0.34.5
3710 silly packumentCache full:https://registry.npmjs.org/@img%2fsharp-win32-arm64 cache-miss
3711 http fetch GET 200 https://registry.npmjs.org/@img%2fsharp-win32-ia32 77ms (cache miss)
3712 silly packumentCache full:https://registry.npmjs.org/@img%2fsharp-win32-ia32 set size:undefined disposed:false
3713 silly fetch manifest @img/sharp-darwin-arm64@0.34.5
3714 silly packumentCache full:https://registry.npmjs.org/@img%2fsharp-darwin-arm64 cache-miss
3715 http fetch GET 200 https://registry.npmjs.org/@img%2fsharp-linux-arm 84ms (cache miss)
3716 silly packumentCache full:https://registry.npmjs.org/@img%2fsharp-linux-arm set size:undefined disposed:false
3717 silly fetch manifest @img/sharp-linux-riscv64@0.34.5
3718 silly packumentCache full:https://registry.npmjs.org/@img%2fsharp-linux-riscv64 cache-miss
3719 http fetch GET 200 https://registry.npmjs.org/@img%2fsharp-linux-arm64 57ms (cache miss)
3720 silly packumentCache full:https://registry.npmjs.org/@img%2fsharp-linux-arm64 set size:undefined disposed:false
3721 silly fetch manifest @img/sharp-linuxmusl-x64@0.34.5
3722 silly packumentCache full:https://registry.npmjs.org/@img%2fsharp-linuxmusl-x64 cache-miss
3723 http fetch GET 200 https://registry.npmjs.org/@img%2fsharp-linux-ppc64 60ms (cache miss)
3724 silly packumentCache full:https://registry.npmjs.org/@img%2fsharp-linux-ppc64 set size:undefined disposed:false
3725 silly fetch manifest @img/sharp-linuxmusl-arm64@0.34.5
3726 silly packumentCache full:https://registry.npmjs.org/@img%2fsharp-linuxmusl-arm64 cache-miss
3727 http fetch GET 200 https://registry.npmjs.org/@img%2fsharp-linux-s390x 63ms (cache miss)
3728 silly packumentCache full:https://registry.npmjs.org/@img%2fsharp-linux-s390x set size:undefined disposed:false
3729 silly fetch manifest @img/sharp-libvips-linux-arm@1.2.4
3730 silly packumentCache full:https://registry.npmjs.org/@img%2fsharp-libvips-linux-arm cache-miss
3731 http fetch GET 200 https://registry.npmjs.org/@img%2fsharp-win32-arm64 59ms (cache miss)
3732 silly packumentCache full:https://registry.npmjs.org/@img%2fsharp-win32-arm64 set size:undefined disposed:false
3733 silly fetch manifest @img/sharp-libvips-linux-x64@1.2.4
3734 silly packumentCache full:https://registry.npmjs.org/@img%2fsharp-libvips-linux-x64 cache-miss
3735 http fetch GET 200 https://registry.npmjs.org/@img%2fsharp-darwin-arm64 65ms (cache miss)
3736 silly packumentCache full:https://registry.npmjs.org/@img%2fsharp-darwin-arm64 set size:undefined disposed:false
3737 silly fetch manifest @img/sharp-libvips-darwin-x64@1.2.4
3738 silly packumentCache full:https://registry.npmjs.org/@img%2fsharp-libvips-darwin-x64 cache-miss
3739 http fetch GET 200 https://registry.npmjs.org/@img%2fsharp-linux-riscv64 72ms (cache miss)
3740 silly packumentCache full:https://registry.npmjs.org/@img%2fsharp-linux-riscv64 set size:undefined disposed:false
3741 silly fetch manifest @img/sharp-libvips-linux-arm64@1.2.4
3742 silly packumentCache full:https://registry.npmjs.org/@img%2fsharp-libvips-linux-arm64 cache-miss
3743 http fetch GET 200 https://registry.npmjs.org/@img%2fsharp-linuxmusl-x64 50ms (cache miss)
3744 silly packumentCache full:https://registry.npmjs.org/@img%2fsharp-linuxmusl-x64 set size:undefined disposed:false
3745 silly fetch manifest @img/sharp-libvips-linux-ppc64@1.2.4
3746 silly packumentCache full:https://registry.npmjs.org/@img%2fsharp-libvips-linux-ppc64 cache-miss
3747 http fetch GET 200 https://registry.npmjs.org/@img%2fsharp-libvips-linux-arm 72ms (cache miss)
3748 silly packumentCache full:https://registry.npmjs.org/@img%2fsharp-libvips-linux-arm set size:undefined disposed:false
3749 silly fetch manifest @img/sharp-libvips-linux-s390x@1.2.4
3750 silly packumentCache full:https://registry.npmjs.org/@img%2fsharp-libvips-linux-s390x cache-miss
3751 http fetch GET 200 https://registry.npmjs.org/@img%2fsharp-libvips-linux-x64 67ms (cache miss)
3752 silly packumentCache full:https://registry.npmjs.org/@img%2fsharp-libvips-linux-x64 set size:undefined disposed:false
3753 silly fetch manifest @img/sharp-libvips-darwin-arm64@1.2.4
3754 silly packumentCache full:https://registry.npmjs.org/@img%2fsharp-libvips-darwin-arm64 cache-miss
3755 http fetch GET 200 https://registry.npmjs.org/@img%2fsharp-libvips-darwin-x64 64ms (cache miss)
3756 silly packumentCache full:https://registry.npmjs.org/@img%2fsharp-libvips-darwin-x64 set size:undefined disposed:false
3757 silly fetch manifest @img/sharp-libvips-linux-riscv64@1.2.4
3758 silly packumentCache full:https://registry.npmjs.org/@img%2fsharp-libvips-linux-riscv64 cache-miss
3759 http fetch GET 200 https://registry.npmjs.org/@img%2fsharp-libvips-linux-arm64 64ms (cache miss)
3760 silly packumentCache full:https://registry.npmjs.org/@img%2fsharp-libvips-linux-arm64 set size:undefined disposed:false
3761 silly fetch manifest @img/sharp-libvips-linuxmusl-x64@1.2.4
3762 silly packumentCache full:https://registry.npmjs.org/@img%2fsharp-libvips-linuxmusl-x64 cache-miss
3763 http fetch GET 200 https://registry.npmjs.org/@img%2fsharp-libvips-linux-ppc64 55ms (cache miss)
3764 silly packumentCache full:https://registry.npmjs.org/@img%2fsharp-libvips-linux-ppc64 set size:undefined disposed:false
3765 silly fetch manifest @img/sharp-libvips-linuxmusl-arm64@1.2.4
3766 silly packumentCache full:https://registry.npmjs.org/@img%2fsharp-libvips-linuxmusl-arm64 cache-miss
3767 http fetch GET 200 https://registry.npmjs.org/@img%2fsharp-libvips-linux-riscv64 52ms (cache miss)
3768 silly packumentCache full:https://registry.npmjs.org/@img%2fsharp-libvips-linux-riscv64 set size:undefined disposed:false
3769 silly fetch manifest client-only@0.0.1
3770 silly packumentCache full:https://registry.npmjs.org/client-only cache-miss
3771 http fetch GET 200 https://registry.npmjs.org/@img%2fsharp-libvips-linux-s390x 61ms (cache miss)
3772 silly packumentCache full:https://registry.npmjs.org/@img%2fsharp-libvips-linux-s390x set size:undefined disposed:false
3773 http fetch GET 200 https://registry.npmjs.org/@img%2fsharp-libvips-darwin-arm64 60ms (cache miss)
3774 silly packumentCache full:https://registry.npmjs.org/@img%2fsharp-libvips-darwin-arm64 set size:undefined disposed:false
3775 http fetch GET 200 https://registry.npmjs.org/@img%2fsharp-libvips-linuxmusl-x64 63ms (cache miss)
3776 silly packumentCache full:https://registry.npmjs.org/@img%2fsharp-libvips-linuxmusl-x64 set size:undefined disposed:false
3777 http fetch GET 200 https://registry.npmjs.org/@img%2fsharp-win32-x64 298ms (cache miss)
3778 silly packumentCache full:https://registry.npmjs.org/@img%2fsharp-win32-x64 set size:undefined disposed:false
3779 http fetch GET 200 https://registry.npmjs.org/client-only 53ms (cache miss)
3780 silly packumentCache full:https://registry.npmjs.org/client-only set size:undefined disposed:false
3781 http fetch GET 200 https://registry.npmjs.org/@img%2fsharp-libvips-linuxmusl-arm64 581ms (cache miss)
3782 silly packumentCache full:https://registry.npmjs.org/@img%2fsharp-libvips-linuxmusl-arm64 set size:undefined disposed:false
3783 http fetch GET 200 https://registry.npmjs.org/@img%2fsharp-linuxmusl-arm64 684ms (cache miss)
3784 silly packumentCache full:https://registry.npmjs.org/@img%2fsharp-linuxmusl-arm64 set size:undefined disposed:false
3785 silly placeDep ROOT whatwg-url@5.0.0 OK for: node-fetch@2.7.0 want: ^5.0.0
3786 silly fetch manifest tr46@~0.0.3
3787 silly packumentCache full:https://registry.npmjs.org/tr46 cache-miss
3788 silly fetch manifest webidl-conversions@^3.0.0
3789 silly packumentCache full:https://registry.npmjs.org/webidl-conversions cache-miss
3790 http fetch GET 200 https://registry.npmjs.org/webidl-conversions 46ms (cache miss)
3791 silly packumentCache full:https://registry.npmjs.org/webidl-conversions set size:undefined disposed:false
3792 http fetch GET 200 https://registry.npmjs.org/tr46 53ms (cache miss)
3793 silly packumentCache full:https://registry.npmjs.org/tr46 set size:undefined disposed:false
3794 silly placeDep ROOT abbrev@1.1.1 OK for: nopt@5.0.0 want: 1
3795 silly placeDep ROOT are-we-there-yet@2.0.0 OK for: npmlog@5.0.1 want: ^2.0.0
3796 silly placeDep ROOT console-control-strings@1.1.0 OK for: npmlog@5.0.1 want: ^1.1.0
3797 silly placeDep ROOT gauge@3.0.2 OK for: npmlog@5.0.1 want: ^3.0.0
3798 silly placeDep ROOT set-blocking@2.0.0 OK for: npmlog@5.0.1 want: ^2.0.0
3799 silly fetch manifest delegates@^1.0.0
3800 silly packumentCache full:https://registry.npmjs.org/delegates cache-miss
3801 silly fetch manifest readable-stream@^3.6.0
3802 silly packumentCache full:https://registry.npmjs.org/readable-stream cache-miss
3803 silly fetch manifest aproba@^1.0.3 || ^2.0.0
3804 silly packumentCache full:https://registry.npmjs.org/aproba cache-miss
3805 silly fetch manifest wide-align@^1.1.2
3806 silly packumentCache full:https://registry.npmjs.org/wide-align cache-miss
3807 silly fetch manifest has-unicode@^2.0.1
3808 silly packumentCache full:https://registry.npmjs.org/has-unicode cache-miss
3809 silly fetch manifest signal-exit@^3.0.0
3810 silly packumentCache full:https://registry.npmjs.org/signal-exit cache-hit
3811 silly fetch manifest color-support@^1.1.2
3812 silly packumentCache full:https://registry.npmjs.org/color-support cache-miss
3813 http cache https://registry.npmjs.org/readable-stream 4ms (cache hit)
3814 silly packumentCache full:https://registry.npmjs.org/readable-stream set size:261096 disposed:false
3815 http fetch GET 200 https://registry.npmjs.org/aproba 51ms (cache miss)
3816 silly packumentCache full:https://registry.npmjs.org/aproba set size:undefined disposed:false
3817 http fetch GET 200 https://registry.npmjs.org/delegates 54ms (cache miss)
3818 silly packumentCache full:https://registry.npmjs.org/delegates set size:undefined disposed:false
3819 http fetch GET 200 https://registry.npmjs.org/color-support 63ms (cache miss)
3820 silly packumentCache full:https://registry.npmjs.org/color-support set size:undefined disposed:false
3821 http fetch GET 200 https://registry.npmjs.org/wide-align 64ms (cache miss)
3822 silly packumentCache full:https://registry.npmjs.org/wide-align set size:undefined disposed:false
3823 http fetch GET 200 https://registry.npmjs.org/has-unicode 291ms (cache miss)
3824 silly packumentCache full:https://registry.npmjs.org/has-unicode set size:undefined disposed:false
3825 silly placeDep ROOT delegates@1.0.0 OK for: are-we-there-yet@2.0.0 want: ^1.0.0
3826 silly placeDep node_modules/are-we-there-yet readable-stream@3.6.2 OK for: are-we-there-yet@2.0.0 want: ^3.6.0
3827 silly fetch manifest string_decoder@^1.1.1
3828 silly packumentCache full:https://registry.npmjs.org/string_decoder cache-miss
3829 silly fetch manifest util-deprecate@^1.0.1
3830 silly packumentCache full:https://registry.npmjs.org/util-deprecate cache-miss
3831 http cache https://registry.npmjs.org/string_decoder 4ms (cache hit)
3832 silly packumentCache full:https://registry.npmjs.org/string_decoder set size:28441 disposed:false
3833 http cache https://registry.npmjs.org/util-deprecate 8ms (cache hit)
3834 silly packumentCache full:https://registry.npmjs.org/util-deprecate set size:6674 disposed:false
3835 silly placeDep ROOT aproba@2.1.0 OK for: gauge@3.0.2 want: ^1.0.3 || ^2.0.0
3836 silly placeDep ROOT color-support@1.1.3 OK for: gauge@3.0.2 want: ^1.1.2
3837 silly placeDep ROOT has-unicode@2.0.1 OK for: gauge@3.0.2 want: ^2.0.1
3838 silly placeDep node_modules/gauge signal-exit@3.0.7 OK for: gauge@3.0.2 want: ^3.0.0
3839 silly placeDep ROOT wide-align@1.1.5 OK for: gauge@3.0.2 want: ^1.1.2
3840 silly placeDep ROOT ee-first@1.1.1 OK for: on-finished@2.4.1 want: 1.1.1
3841 silly placeDep ROOT wrappy@1.0.2 OK for: once@1.4.0 want: 1
3842 silly placeDep ROOT mimic-fn@2.1.0 OK for: onetime@5.1.2 want: ^2.1.0
3843 silly placeDep ROOT bl@4.1.0 OK for: ora@5.4.1 want: ^4.1.0
3844 silly placeDep ROOT cli-cursor@3.1.0 OK for: ora@5.4.1 want: ^3.1.0
3845 silly placeDep ROOT cli-spinners@2.9.2 OK for: ora@5.4.1 want: ^2.5.0
3846 silly placeDep ROOT is-interactive@1.0.0 OK for: ora@5.4.1 want: ^1.0.0
3847 silly placeDep ROOT is-unicode-supported@0.1.0 OK for: ora@5.4.1 want: ^0.1.0
3848 silly placeDep ROOT log-symbols@4.1.0 OK for: ora@5.4.1 want: ^4.1.0
3849 silly placeDep ROOT wcwidth@1.0.1 OK for: ora@5.4.1 want: ^1.0.1
3850 silly fetch manifest buffer@^5.5.0
3851 silly packumentCache full:https://registry.npmjs.org/buffer cache-miss
3852 silly fetch manifest readable-stream@^3.4.0
3853 silly packumentCache full:https://registry.npmjs.org/readable-stream cache-hit
3854 silly fetch manifest restore-cursor@^3.1.0
3855 silly packumentCache full:https://registry.npmjs.org/restore-cursor cache-miss
3856 silly fetch manifest defaults@^1.0.3
3857 silly packumentCache full:https://registry.npmjs.org/defaults cache-miss
3858 http fetch GET 200 https://registry.npmjs.org/defaults 66ms (cache miss)
3859 silly packumentCache full:https://registry.npmjs.org/defaults set size:undefined disposed:false
3860 http fetch GET 200 https://registry.npmjs.org/restore-cursor 66ms (cache miss)
3861 silly packumentCache full:https://registry.npmjs.org/restore-cursor set size:undefined disposed:false
3862 http fetch GET 200 https://registry.npmjs.org/buffer 68ms (cache miss)
3863 silly packumentCache full:https://registry.npmjs.org/buffer set size:undefined disposed:false
3864 silly placeDep ROOT buffer@5.7.1 OK for: bl@4.1.0 want: ^5.5.0
3865 silly placeDep node_modules/bl readable-stream@3.6.2 OK for: bl@4.1.0 want: ^3.4.0
3866 silly fetch manifest base64-js@^1.3.1
3867 silly packumentCache full:https://registry.npmjs.org/base64-js cache-miss
3868 silly fetch manifest ieee754@^1.1.13
3869 silly packumentCache full:https://registry.npmjs.org/ieee754 cache-miss
3870 http cache https://registry.npmjs.org/ieee754 2ms (cache hit)
3871 silly packumentCache full:https://registry.npmjs.org/ieee754 set size:34910 disposed:false
3872 http fetch GET 200 https://registry.npmjs.org/base64-js 51ms (cache miss)
3873 silly packumentCache full:https://registry.npmjs.org/base64-js set size:undefined disposed:false
3874 silly placeDep ROOT base64-js@1.5.1 OK for: buffer@5.7.1 want: ^1.3.1
3875 silly placeDep ROOT ieee754@1.2.1 OK for: buffer@5.7.1 want: ^1.1.13
3876 silly placeDep ROOT restore-cursor@3.1.0 OK for: cli-cursor@3.1.0 want: ^3.1.0
3877 silly fetch manifest signal-exit@^3.0.2
3878 silly packumentCache full:https://registry.npmjs.org/signal-exit cache-hit
3879 silly placeDep ROOT yocto-queue@0.1.0 OK for: p-limit@3.1.0 want: ^0.1.0
3880 silly placeDep node_modules/p-locate p-limit@2.3.0 OK for: p-locate@4.1.0 want: ^2.2.0
3881 silly fetch manifest p-try@^2.0.0
3882 silly packumentCache full:https://registry.npmjs.org/p-try cache-miss
3883 http fetch GET 200 https://registry.npmjs.org/p-try 71ms (cache miss)
3884 silly packumentCache full:https://registry.npmjs.org/p-try set size:undefined disposed:false
3885 silly placeDep ROOT error-ex@1.3.4 OK for: parse-json@5.2.0 want: ^1.3.1
3886 silly placeDep ROOT json-parse-even-better-errors@2.3.1 OK for: parse-json@5.2.0 want: ^2.3.0
3887 silly placeDep ROOT lines-and-columns@1.2.4 OK for: parse-json@5.2.0 want: ^1.1.6
3888 silly fetch manifest is-arrayish@^0.2.1
3889 silly packumentCache full:https://registry.npmjs.org/is-arrayish cache-miss
3890 http fetch GET 200 https://registry.npmjs.org/is-arrayish 65ms (cache miss)
3891 silly packumentCache full:https://registry.npmjs.org/is-arrayish set size:undefined disposed:false
3892 silly placeDep ROOT is-arrayish@0.2.1 OK for: error-ex@1.3.4 want: ^0.2.1
3893 silly placeDep ROOT passport-strategy@1.0.0 OK for: passport@0.7.0 want: 1.x.x
3894 silly placeDep ROOT pause@0.0.1 OK for: passport@0.7.0 want: 0.0.1
3895 silly placeDep ROOT utils-merge@1.0.1 OK for: passport@0.7.0 want: ^1.0.1
3896 silly placeDep node_modules/path-scurry lru-cache@11.5.2 OK for: path-scurry@2.0.2 want: ^11.0.0
3897 silly placeDep ROOT nanoid@3.3.18 OK for: postcss@8.5.26 want: ^3.3.17
3898 silly placeDep node_modules/pretty-format ansi-styles@5.2.0 OK for: pretty-format@29.7.0 want: ^5.0.0
3899 silly placeDep ROOT react-is@18.3.1 OK for: pretty-format@29.7.0 want: ^18.0.0
3900 silly placeDep ROOT @prisma/config@6.19.3 OK for: prisma@6.19.3 want: 6.19.3
3901 silly placeDep ROOT @prisma/engines@6.19.3 OK for: prisma@6.19.3 want: 6.19.3
3902 silly fetch manifest c12@3.1.0
3903 silly packumentCache full:https://registry.npmjs.org/c12 cache-miss
3904 silly fetch manifest effect@3.21.0
3905 silly packumentCache full:https://registry.npmjs.org/effect cache-miss
3906 silly fetch manifest empathic@2.0.0
3907 silly packumentCache full:https://registry.npmjs.org/empathic cache-miss
3908 silly fetch manifest deepmerge-ts@7.1.5
3909 silly packumentCache full:https://registry.npmjs.org/deepmerge-ts cache-miss
3910 silly fetch manifest @prisma/debug@6.19.3
3911 silly packumentCache full:https://registry.npmjs.org/@prisma%2fdebug cache-miss
3912 silly fetch manifest @prisma/fetch-engine@6.19.3
3913 silly packumentCache full:https://registry.npmjs.org/@prisma%2ffetch-engine cache-miss
3914 silly fetch manifest @prisma/get-platform@6.19.3
3915 silly packumentCache full:https://registry.npmjs.org/@prisma%2fget-platform cache-miss
3916 http fetch GET 200 https://registry.npmjs.org/c12 68ms (cache miss)
3917 silly packumentCache full:https://registry.npmjs.org/c12 set size:undefined disposed:false
3918 silly fetch manifest @prisma/engines-version@7.1.1-3.c2990dca591cba766e3b7ef5d9e8a84796e47ab7
3919 silly packumentCache full:https://registry.npmjs.org/@prisma%2fengines-version cache-miss
3920 http fetch GET 200 https://registry.npmjs.org/deepmerge-ts 74ms (cache miss)
3921 silly packumentCache full:https://registry.npmjs.org/deepmerge-ts set size:undefined disposed:false
3922 http fetch GET 200 https://registry.npmjs.org/effect 261ms (cache miss)
3923 silly packumentCache full:https://registry.npmjs.org/effect set size:undefined disposed:false
3924 http fetch GET 200 https://registry.npmjs.org/empathic 312ms (cache miss)
3925 silly packumentCache full:https://registry.npmjs.org/empathic set size:undefined disposed:false
3926 http fetch GET 200 https://registry.npmjs.org/@prisma%2fengines-version 668ms (cache miss)
3927 silly packumentCache full:https://registry.npmjs.org/@prisma%2fengines-version set size:undefined disposed:false
3928 http fetch GET 200 https://registry.npmjs.org/@prisma%2fdebug 797ms (cache miss)
3929 silly packumentCache full:https://registry.npmjs.org/@prisma%2fdebug set size:undefined disposed:false
3930 http fetch GET 200 https://registry.npmjs.org/@prisma%2fget-platform 972ms (cache miss)
3931 silly packumentCache full:https://registry.npmjs.org/@prisma%2fget-platform set size:undefined disposed:false
3932 http fetch GET 200 https://registry.npmjs.org/@prisma%2ffetch-engine 1145ms (cache miss)
3933 silly packumentCache full:https://registry.npmjs.org/@prisma%2ffetch-engine set size:undefined disposed:false
3934 silly fetch manifest magicast@^0.3.5
3935 silly packumentCache full:https://registry.npmjs.org/magicast cache-miss
3936 http fetch GET 200 https://registry.npmjs.org/magicast 508ms (cache miss)
3937 silly packumentCache full:https://registry.npmjs.org/magicast set size:undefined disposed:false
3938 silly placeDep ROOT c12@3.1.0 OK for: @prisma/config@6.19.3 want: 3.1.0
3939 silly placeDep ROOT deepmerge-ts@7.1.5 OK for: @prisma/config@6.19.3 want: 7.1.5
3940 silly placeDep ROOT effect@3.21.0 OK for: @prisma/config@6.19.3 want: 3.21.0
3941 silly placeDep ROOT empathic@2.0.0 OK for: @prisma/config@6.19.3 want: 2.0.0
3942 silly fetch manifest rc9@^2.1.2
3943 silly packumentCache full:https://registry.npmjs.org/rc9 cache-miss
3944 silly fetch manifest defu@^6.1.4
3945 silly packumentCache full:https://registry.npmjs.org/defu cache-miss
3946 silly fetch manifest giget@^2.0.0
3947 silly packumentCache full:https://registry.npmjs.org/giget cache-miss
3948 silly fetch manifest ohash@^2.0.11
3949 silly packumentCache full:https://registry.npmjs.org/ohash cache-miss
3950 silly fetch manifest pathe@^2.0.3
3951 silly packumentCache full:https://registry.npmjs.org/pathe cache-miss
3952 silly fetch manifest dotenv@^16.6.1
3953 silly packumentCache full:https://registry.npmjs.org/dotenv cache-hit
3954 silly fetch manifest confbox@^0.2.2
3955 silly packumentCache full:https://registry.npmjs.org/confbox cache-miss
3956 silly fetch manifest exsolve@^1.0.7
3957 silly packumentCache full:https://registry.npmjs.org/exsolve cache-miss
3958 http fetch GET 200 https://registry.npmjs.org/rc9 55ms (cache miss)
3959 silly packumentCache full:https://registry.npmjs.org/rc9 set size:undefined disposed:false
3960 silly fetch manifest pkg-types@^2.2.0
3961 silly packumentCache full:https://registry.npmjs.org/pkg-types cache-miss
3962 http fetch GET 200 https://registry.npmjs.org/confbox 59ms (cache miss)
3963 silly packumentCache full:https://registry.npmjs.org/confbox set size:undefined disposed:false
3964 silly fetch manifest perfect-debounce@^1.0.0
3965 silly packumentCache full:https://registry.npmjs.org/perfect-debounce cache-miss
3966 http fetch GET 200 https://registry.npmjs.org/giget 60ms (cache miss)
3967 silly packumentCache full:https://registry.npmjs.org/giget set size:undefined disposed:false
3968 silly fetch manifest fast-check@^3.23.1
3969 silly packumentCache full:https://registry.npmjs.org/fast-check cache-miss
3970 http fetch GET 200 https://registry.npmjs.org/pathe 63ms (cache miss)
3971 silly packumentCache full:https://registry.npmjs.org/pathe set size:undefined disposed:false
3972 silly fetch manifest @standard-schema/spec@^1.0.0
3973 silly packumentCache full:https://registry.npmjs.org/@standard-schema%2fspec cache-miss
3974 http fetch GET 200 https://registry.npmjs.org/pkg-types 60ms (cache miss)
3975 silly packumentCache full:https://registry.npmjs.org/pkg-types set size:undefined disposed:false
3976 http fetch GET 200 https://registry.npmjs.org/@standard-schema%2fspec 77ms (cache miss)
3977 silly packumentCache full:https://registry.npmjs.org/@standard-schema%2fspec set size:undefined disposed:false
3978 http fetch GET 200 https://registry.npmjs.org/fast-check 84ms (cache miss)
3979 silly packumentCache full:https://registry.npmjs.org/fast-check set size:undefined disposed:false
3980 http fetch GET 200 https://registry.npmjs.org/exsolve 292ms (cache miss)
3981 silly packumentCache full:https://registry.npmjs.org/exsolve set size:undefined disposed:false
3982 http fetch GET 200 https://registry.npmjs.org/defu 295ms (cache miss)
3983 silly packumentCache full:https://registry.npmjs.org/defu set size:undefined disposed:false
3984 http fetch GET 200 https://registry.npmjs.org/ohash 300ms (cache miss)
3985 silly packumentCache full:https://registry.npmjs.org/ohash set size:undefined disposed:false
3986 http fetch GET 200 https://registry.npmjs.org/perfect-debounce 284ms (cache miss)
3987 silly packumentCache full:https://registry.npmjs.org/perfect-debounce set size:undefined disposed:false
3988 silly placeDep ROOT @prisma/debug@6.19.3 OK for: @prisma/engines@6.19.3 want: 6.19.3
3989 silly placeDep ROOT @prisma/engines-version@7.1.1-3.c2990dca591cba766e3b7ef5d9e8a84796e47ab7 OK for: @prisma/engines@6.19.3 want: 7.1.1-3.c2990dca591cba766e3b7ef5d9e8a84796e47ab7
3990 silly placeDep ROOT @prisma/fetch-engine@6.19.3 OK for: @prisma/engines@6.19.3 want: 6.19.3
3991 silly placeDep ROOT @prisma/get-platform@6.19.3 OK for: @prisma/engines@6.19.3 want: 6.19.3
3992 silly placeDep ROOT confbox@0.2.4 OK for: c12@3.1.0 want: ^0.2.2
3993 silly placeDep ROOT defu@6.1.7 OK for: c12@3.1.0 want: ^6.1.4
3994 silly placeDep node_modules/c12 dotenv@16.6.1 OK for: c12@3.1.0 want: ^16.6.1
3995 silly placeDep ROOT exsolve@1.1.1 OK for: c12@3.1.0 want: ^1.0.7
3996 silly placeDep ROOT giget@2.0.0 OK for: c12@3.1.0 want: ^2.0.0
3997 silly placeDep ROOT ohash@2.0.12 OK for: c12@3.1.0 want: ^2.0.11
3998 silly placeDep ROOT pathe@2.0.3 OK for: c12@3.1.0 want: ^2.0.3
3999 silly placeDep ROOT perfect-debounce@1.0.0 OK for: c12@3.1.0 want: ^1.0.0
4000 silly placeDep ROOT pkg-types@2.3.1 OK for: c12@3.1.0 want: ^2.2.0
4001 silly placeDep ROOT rc9@2.1.2 OK for: c12@3.1.0 want: ^2.1.2
4002 silly fetch manifest nypm@^0.6.0
4003 silly packumentCache full:https://registry.npmjs.org/nypm cache-miss
4004 silly fetch manifest citty@^0.1.6
4005 silly packumentCache full:https://registry.npmjs.org/citty cache-miss
4006 silly fetch manifest consola@^3.4.0
4007 silly packumentCache full:https://registry.npmjs.org/consola cache-miss
4008 silly fetch manifest node-fetch-native@^1.6.6
4009 silly packumentCache full:https://registry.npmjs.org/node-fetch-native cache-miss
4010 silly fetch manifest destr@^2.0.3
4011 silly packumentCache full:https://registry.npmjs.org/destr cache-miss
4012 http fetch GET 200 https://registry.npmjs.org/nypm 54ms (cache miss)
4013 silly packumentCache full:https://registry.npmjs.org/nypm set size:undefined disposed:false
4014 http fetch GET 200 https://registry.npmjs.org/citty 66ms (cache miss)
4015 silly packumentCache full:https://registry.npmjs.org/citty set size:undefined disposed:false
4016 http fetch GET 200 https://registry.npmjs.org/node-fetch-native 68ms (cache miss)
4017 silly packumentCache full:https://registry.npmjs.org/node-fetch-native set size:undefined disposed:false
4018 http fetch GET 200 https://registry.npmjs.org/destr 459ms (cache miss)
4019 silly packumentCache full:https://registry.npmjs.org/destr set size:undefined disposed:false
4020 http fetch GET 200 https://registry.npmjs.org/consola 463ms (cache miss)
4021 silly packumentCache full:https://registry.npmjs.org/consola set size:undefined disposed:false
4022 silly placeDep ROOT @standard-schema/spec@1.1.0 OK for: effect@3.21.0 want: ^1.0.0
4023 silly placeDep ROOT fast-check@3.23.2 OK for: effect@3.21.0 want: ^3.23.1
4024 silly placeDep ROOT citty@0.1.6 OK for: giget@2.0.0 want: ^0.1.6
4025 silly placeDep ROOT consola@3.4.2 OK for: giget@2.0.0 want: ^3.4.0
4026 silly placeDep ROOT node-fetch-native@1.6.7 OK for: giget@2.0.0 want: ^1.6.6
4027 silly placeDep ROOT nypm@0.6.9 OK for: giget@2.0.0 want: ^0.6.0
4028 silly fetch manifest consola@^3.2.3
4029 silly packumentCache full:https://registry.npmjs.org/consola cache-miss
4030 silly fetch manifest citty@^0.2.2
4031 silly packumentCache full:https://registry.npmjs.org/citty cache-miss
4032 silly fetch manifest tinyexec@^1.2.4
4033 silly packumentCache full:https://registry.npmjs.org/tinyexec cache-miss
4034 http cache https://registry.npmjs.org/citty 3ms (cache hit)
4035 silly packumentCache full:https://registry.npmjs.org/citty set size:38628 disposed:false
4036 http cache https://registry.npmjs.org/consola 4ms (cache hit)
4037 silly packumentCache full:https://registry.npmjs.org/consola set size:324648 disposed:false
4038 http fetch GET 200 https://registry.npmjs.org/tinyexec 58ms (cache miss)
4039 silly packumentCache full:https://registry.npmjs.org/tinyexec set size:undefined disposed:false
4040 silly placeDep node_modules/nypm citty@0.2.2 OK for: nypm@0.6.9 want: ^0.2.2
4041 silly placeDep ROOT tinyexec@1.3.0 OK for: nypm@0.6.9 want: ^1.2.4
4042 silly placeDep ROOT kleur@3.0.3 OK for: prompts@2.4.2 want: ^3.0.3
4043 silly placeDep ROOT sisteransi@1.0.5 OK for: prompts@2.4.2 want: ^1.0.5
4044 silly placeDep ROOT forwarded@0.2.0 OK for: proxy-addr@2.0.7 want: 0.2.0
4045 silly placeDep ROOT ipaddr.js@1.9.1 OK for: proxy-addr@2.0.7 want: 1.9.1
4046 silly placeDep ROOT side-channel@1.1.1 OK for: qs@6.15.3 want: ^1.1.1
4047 silly fetch manifest object-inspect@^1.13.4
4048 silly packumentCache full:https://registry.npmjs.org/object-inspect cache-miss
4049 silly fetch manifest side-channel-list@^1.0.1
4050 silly packumentCache full:https://registry.npmjs.org/side-channel-list cache-miss
4051 silly fetch manifest side-channel-map@^1.0.1
4052 silly packumentCache full:https://registry.npmjs.org/side-channel-map cache-miss
4053 silly fetch manifest side-channel-weakmap@^1.0.2
4054 silly packumentCache full:https://registry.npmjs.org/side-channel-weakmap cache-miss
4055 http fetch GET 200 https://registry.npmjs.org/side-channel-map 55ms (cache miss)
4056 silly packumentCache full:https://registry.npmjs.org/side-channel-map set size:undefined disposed:false
4057 http fetch GET 200 https://registry.npmjs.org/side-channel-weakmap 56ms (cache miss)
4058 silly packumentCache full:https://registry.npmjs.org/side-channel-weakmap set size:undefined disposed:false
4059 http fetch GET 200 https://registry.npmjs.org/side-channel-list 57ms (cache miss)
4060 silly packumentCache full:https://registry.npmjs.org/side-channel-list set size:undefined disposed:false
4061 http fetch GET 200 https://registry.npmjs.org/object-inspect 57ms (cache miss)
4062 silly packumentCache full:https://registry.npmjs.org/object-inspect set size:undefined disposed:false
4063 silly placeDep ROOT unpipe@1.0.0 OK for: raw-body@3.0.2 want: ~1.0.0
4064 silly placeDep ROOT destr@2.0.5 OK for: rc9@2.1.2 want: ^2.0.3
4065 silly placeDep ROOT scheduler@0.27.0 OK for: react-dom@19.2.8 want: ^0.27.0
4066 silly placeDep ROOT core-util-is@1.0.3 OK for: readable-stream@2.3.8 want: ~1.0.0
4067 silly placeDep ROOT isarray@1.0.0 OK for: readable-stream@2.3.8 want: ~1.0.0
4068 silly placeDep ROOT process-nextick-args@2.0.1 OK for: readable-stream@2.3.8 want: ~2.0.0
4069 silly placeDep node_modules/readable-stream safe-buffer@5.1.2 OK for: readable-stream@2.3.8 want: ~5.1.1
4070 silly placeDep ROOT string_decoder@1.1.1 OK for: readable-stream@2.3.8 want: ~1.1.1
4071 silly placeDep ROOT util-deprecate@1.0.2 OK for: readable-stream@2.3.8 want: ~1.0.1
4072 silly fetch manifest safe-buffer@~5.1.0
4073 silly packumentCache full:https://registry.npmjs.org/safe-buffer cache-hit
4074 silly placeDep ROOT is-core-module@2.16.2 OK for: resolve@1.22.12 want: ^2.16.1
4075 silly placeDep ROOT path-parse@1.0.7 OK for: resolve@1.22.12 want: ^1.0.7
4076 silly placeDep ROOT supports-preserve-symlinks-flag@1.0.0 OK for: resolve@1.22.12 want: ^1.0.0
4077 silly placeDep node_modules/resolve-cwd resolve-from@5.0.0 OK for: resolve-cwd@3.0.0 want: ^5.0.0
4078 silly placeDep node_modules/restore-cursor signal-exit@3.0.7 OK for: restore-cursor@3.1.0 want: ^3.0.2
4079 silly placeDep node_modules/rimraf glob@7.2.3 OK for: rimraf@3.0.2 want: ^7.1.3
4080 silly placeDep ROOT is-promise@4.0.0 OK for: router@2.2.0 want: ^4.0.0
4081 silly placeDep ROOT @types/json-schema@7.0.15 OK for: schema-utils@3.3.0 want: ^7.0.8
4082 silly placeDep node_modules/schema-utils ajv@6.15.0 OK for: schema-utils@3.3.0 want: ^6.12.5
4083 silly placeDep node_modules/schema-utils ajv-keywords@3.5.2 OK for: schema-utils@3.3.0 want: ^3.5.2
4084 silly fetch manifest uri-js@^4.2.2
4085 silly packumentCache full:https://registry.npmjs.org/uri-js cache-miss
4086 silly fetch manifest json-schema-traverse@^0.4.1
4087 silly packumentCache full:https://registry.npmjs.org/json-schema-traverse cache-miss
4088 http cache https://registry.npmjs.org/json-schema-traverse 3ms (cache hit)
4089 silly packumentCache full:https://registry.npmjs.org/json-schema-traverse set size:23537 disposed:false
4090 http fetch GET 200 https://registry.npmjs.org/uri-js 60ms (cache miss)
4091 silly packumentCache full:https://registry.npmjs.org/uri-js set size:undefined disposed:false
4092 silly placeDep ROOT @img/colour@1.1.0 OK for: sharp@0.34.5 want: ^1.0.0
4093 silly placeDep ROOT @img/sharp-darwin-arm64@0.34.5 OK for: sharp@0.34.5 want: 0.34.5
4094 silly placeDep ROOT @img/sharp-darwin-x64@0.34.5 OK for: sharp@0.34.5 want: 0.34.5
4095 silly placeDep ROOT @img/sharp-libvips-darwin-arm64@1.2.4 OK for: sharp@0.34.5 want: 1.2.4
4096 silly placeDep ROOT @img/sharp-libvips-darwin-x64@1.2.4 OK for: sharp@0.34.5 want: 1.2.4
4097 silly placeDep ROOT @img/sharp-libvips-linux-arm@1.2.4 OK for: sharp@0.34.5 want: 1.2.4
4098 silly placeDep ROOT @img/sharp-libvips-linux-arm64@1.2.4 OK for: sharp@0.34.5 want: 1.2.4
4099 silly placeDep ROOT @img/sharp-libvips-linux-ppc64@1.2.4 OK for: sharp@0.34.5 want: 1.2.4
4100 silly placeDep ROOT @img/sharp-libvips-linux-riscv64@1.2.4 OK for: sharp@0.34.5 want: 1.2.4
4101 silly placeDep ROOT @img/sharp-libvips-linux-s390x@1.2.4 OK for: sharp@0.34.5 want: 1.2.4
4102 silly placeDep ROOT @img/sharp-libvips-linux-x64@1.2.4 OK for: sharp@0.34.5 want: 1.2.4
4103 silly placeDep ROOT @img/sharp-libvips-linuxmusl-arm64@1.2.4 OK for: sharp@0.34.5 want: 1.2.4
4104 silly placeDep ROOT @img/sharp-libvips-linuxmusl-x64@1.2.4 OK for: sharp@0.34.5 want: 1.2.4
4105 silly placeDep ROOT @img/sharp-linux-arm@0.34.5 OK for: sharp@0.34.5 want: 0.34.5
4106 silly placeDep ROOT @img/sharp-linux-arm64@0.34.5 OK for: sharp@0.34.5 want: 0.34.5
4107 silly placeDep ROOT @img/sharp-linux-ppc64@0.34.5 OK for: sharp@0.34.5 want: 0.34.5
4108 silly placeDep ROOT @img/sharp-linux-riscv64@0.34.5 OK for: sharp@0.34.5 want: 0.34.5
4109 silly placeDep ROOT @img/sharp-linux-s390x@0.34.5 OK for: sharp@0.34.5 want: 0.34.5
4110 silly placeDep ROOT @img/sharp-linux-x64@0.34.5 OK for: sharp@0.34.5 want: 0.34.5
4111 silly placeDep ROOT @img/sharp-linuxmusl-arm64@0.34.5 OK for: sharp@0.34.5 want: 0.34.5
4112 silly placeDep ROOT @img/sharp-linuxmusl-x64@0.34.5 OK for: sharp@0.34.5 want: 0.34.5
4113 silly placeDep ROOT @img/sharp-wasm32@0.34.5 OK for: sharp@0.34.5 want: 0.34.5
4114 silly placeDep ROOT @img/sharp-win32-arm64@0.34.5 OK for: sharp@0.34.5 want: 0.34.5
4115 silly placeDep ROOT @img/sharp-win32-ia32@0.34.5 OK for: sharp@0.34.5 want: 0.34.5
4116 silly placeDep ROOT @img/sharp-win32-x64@0.34.5 OK for: sharp@0.34.5 want: 0.34.5
4117 silly fetch manifest @emnapi/runtime@^1.7.0
4118 silly packumentCache full:https://registry.npmjs.org/@emnapi%2fruntime cache-miss
4119 http fetch GET 200 https://registry.npmjs.org/@emnapi%2fruntime 81ms (cache miss)
4120 silly packumentCache full:https://registry.npmjs.org/@emnapi%2fruntime set size:undefined disposed:false
4121 silly placeDep ROOT @emnapi/runtime@1.11.3 OK for: @img/sharp-wasm32@0.34.5 want: ^1.7.0
4122 silly placeDep ROOT shebang-regex@3.0.0 OK for: shebang-command@2.0.0 want: ^3.0.0
4123 silly placeDep ROOT object-inspect@1.13.4 OK for: side-channel@1.1.1 want: ^1.13.4
4124 silly placeDep ROOT side-channel-list@1.0.1 OK for: side-channel@1.1.1 want: ^1.0.1
4125 silly placeDep ROOT side-channel-map@1.0.1 OK for: side-channel@1.1.1 want: ^1.0.1
4126 silly placeDep ROOT side-channel-weakmap@1.0.2 OK for: side-channel@1.1.1 want: ^1.0.2
4127 silly fetch manifest call-bound@^1.0.2
4128 silly packumentCache full:https://registry.npmjs.org/call-bound cache-miss
4129 silly fetch manifest call-bound@^1.0.2
4130 silly packumentCache full:https://registry.npmjs.org/call-bound cache-miss
4131 http fetch GET 200 https://registry.npmjs.org/call-bound 51ms (cache miss)
4132 silly packumentCache full:https://registry.npmjs.org/call-bound set size:undefined disposed:false
4133 http fetch GET 200 https://registry.npmjs.org/call-bound 58ms (cache miss)
4134 silly packumentCache full:https://registry.npmjs.org/call-bound set size:undefined disposed:false
4135 silly placeDep ROOT call-bound@1.0.4 OK for: side-channel-map@1.0.1 want: ^1.0.2
4136 silly placeDep node_modules/source-map-support source-map@0.6.1 OK for: source-map-support@0.5.21 want: ^0.6.0
4137 silly placeDep ROOT escape-string-regexp@2.0.0 OK for: stack-utils@2.0.6 want: ^2.0.0
4138 silly placeDep node_modules/string_decoder safe-buffer@5.1.2 OK for: string_decoder@1.1.1 want: ~5.1.0
4139 silly placeDep ROOT char-regex@1.0.2 OK for: string-length@4.0.2 want: ^1.0.2
4140 silly placeDep ROOT emoji-regex@8.0.0 OK for: string-width@4.2.3 want: ^8.0.0
4141 silly placeDep ROOT is-fullwidth-code-point@3.0.0 OK for: string-width@4.2.3 want: ^3.0.0
4142 silly placeDep ROOT ansi-regex@5.0.1 OK for: strip-ansi@6.0.1 want: ^5.0.1
4143 silly placeDep ROOT @tokenizer/token@0.3.0 OK for: strtok3@10.3.5 want: ^0.3.0
4144 silly placeDep ROOT client-only@0.0.1 OK for: styled-jsx@5.1.6 want: 0.0.1
4145 silly placeDep ROOT methods@1.1.2 OK for: supertest@7.2.2 want: ^1.1.2
4146 silly placeDep ROOT superagent@10.3.0 OK for: supertest@7.2.2 want: ^10.3.0
4147 silly fetch manifest component-emitter@^1.3.1
4148 silly packumentCache full:https://registry.npmjs.org/component-emitter cache-miss
4149 silly fetch manifest cookiejar@^2.1.4
4150 silly packumentCache full:https://registry.npmjs.org/cookiejar cache-miss
4151 silly fetch manifest formidable@^3.5.4
4152 silly packumentCache full:https://registry.npmjs.org/formidable cache-miss
4153 silly fetch manifest mime@2.6.0
4154 silly packumentCache full:https://registry.npmjs.org/mime cache-miss
4155 http fetch GET 200 https://registry.npmjs.org/component-emitter 50ms (cache miss)
4156 silly packumentCache full:https://registry.npmjs.org/component-emitter set size:undefined disposed:false
4157 http fetch GET 200 https://registry.npmjs.org/cookiejar 54ms (cache miss)
4158 silly packumentCache full:https://registry.npmjs.org/cookiejar set size:undefined disposed:false
4159 http fetch GET 200 https://registry.npmjs.org/mime 55ms (cache miss)
4160 silly packumentCache full:https://registry.npmjs.org/mime set size:undefined disposed:false
4161 http fetch GET 200 https://registry.npmjs.org/formidable 426ms (cache miss)
4162 silly packumentCache full:https://registry.npmjs.org/formidable set size:undefined disposed:false
4163 silly placeDep ROOT component-emitter@1.3.1 OK for: superagent@10.3.0 want: ^1.3.1
4164 silly placeDep ROOT cookiejar@2.1.4 OK for: superagent@10.3.0 want: ^2.1.4
4165 silly placeDep ROOT formidable@3.5.4 OK for: superagent@10.3.0 want: ^3.5.4
4166 silly placeDep ROOT mime@2.6.0 OK for: superagent@10.3.0 want: 2.6.0
4167 silly fetch manifest dezalgo@^1.0.4
4168 silly packumentCache full:https://registry.npmjs.org/dezalgo cache-miss
4169 silly fetch manifest @paralleldrive/cuid2@^2.2.2
4170 silly packumentCache full:https://registry.npmjs.org/@paralleldrive%2fcuid2 cache-miss
4171 http fetch GET 200 https://registry.npmjs.org/dezalgo 360ms (cache miss)
4172 silly packumentCache full:https://registry.npmjs.org/dezalgo set size:undefined disposed:false
4173 http fetch GET 200 https://registry.npmjs.org/@paralleldrive%2fcuid2 672ms (cache miss)
4174 silly packumentCache full:https://registry.npmjs.org/@paralleldrive%2fcuid2 set size:undefined disposed:false
4175 silly placeDep ROOT @paralleldrive/cuid2@2.3.1 OK for: formidable@3.5.4 want: ^2.2.2
4176 silly placeDep ROOT dezalgo@1.0.4 OK for: formidable@3.5.4 want: ^1.0.4
4177 silly fetch manifest @noble/hashes@^1.1.5
4178 silly packumentCache full:https://registry.npmjs.org/@noble%2fhashes cache-miss
4179 silly fetch manifest asap@^2.0.0
4180 silly packumentCache full:https://registry.npmjs.org/asap cache-miss
4181 http fetch GET 200 https://registry.npmjs.org/asap 55ms (cache miss)
4182 silly packumentCache full:https://registry.npmjs.org/asap set size:undefined disposed:false
4183 http fetch GET 200 https://registry.npmjs.org/@noble%2fhashes 65ms (cache miss)
4184 silly packumentCache full:https://registry.npmjs.org/@noble%2fhashes set size:undefined disposed:false
4185 silly placeDep ROOT @noble/hashes@1.8.0 OK for: @paralleldrive/cuid2@2.3.1 want: ^1.1.5
4186 silly placeDep ROOT asap@2.0.6 OK for: dezalgo@1.0.4 want: ^2.0.0
4187 silly placeDep ROOT has-flag@4.0.0 OK for: supports-color@7.2.0 want: ^4.0.0
4188 silly placeDep ROOT chownr@2.0.0 OK for: tar@6.2.1 want: ^2.0.0
4189 silly placeDep ROOT fs-minipass@2.1.0 OK for: tar@6.2.1 want: ^2.0.0
4190 silly placeDep node_modules/tar minipass@5.0.0 OK for: tar@6.2.1 want: ^5.0.0
4191 silly placeDep ROOT minizlib@2.1.2 OK for: tar@6.2.1 want: ^2.1.1
4192 silly placeDep node_modules/tar mkdirp@1.0.4 OK for: tar@6.2.1 want: ^1.0.3
4193 silly placeDep node_modules/tar yallist@4.0.0 OK for: tar@6.2.1 want: ^4.0.0
4194 silly fetch manifest minipass@^3.0.0
4195 silly packumentCache full:https://registry.npmjs.org/minipass cache-hit
4196 silly fetch manifest minipass@^3.0.0
4197 silly packumentCache full:https://registry.npmjs.org/minipass cache-hit
4198 silly placeDep node_modules/fs-minipass minipass@3.3.6 OK for: fs-minipass@2.1.0 want: ^3.0.0
4199 silly placeDep node_modules/minizlib minipass@3.3.6 OK for: minizlib@2.1.2 want: ^3.0.0
4200 silly placeDep node_modules/minizlib yallist@4.0.0 OK for: minizlib@2.1.2 want: ^4.0.0
4201 silly placeDep node_modules/test-exclude glob@7.2.3 OK for: test-exclude@6.0.0 want: ^7.1.4
4202 silly placeDep ROOT is-number@7.0.0 OK for: to-regex-range@5.0.1 want: ^7.0.0
4203 silly placeDep ROOT @borewit/text-codec@0.2.2 OK for: token-types@6.1.2 want: ^0.2.1
4204 silly placeDep ROOT bs-logger@0.2.6 OK for: ts-jest@29.4.12 want: ^0.2.6
4205 silly placeDep ROOT handlebars@4.7.9 OK for: ts-jest@29.4.12 want: ^4.7.9
4206 silly placeDep ROOT lodash.memoize@4.1.2 OK for: ts-jest@29.4.12 want: ^4.1.2
4207 silly placeDep ROOT make-error@1.3.6 OK for: ts-jest@29.4.12 want: ^1.3.6
4208 silly placeDep node_modules/ts-jest type-fest@4.41.0 OK for: ts-jest@29.4.12 want: ^4.41.0
4209 silly fetch manifest wordwrap@^1.0.0
4210 silly packumentCache full:https://registry.npmjs.org/wordwrap cache-miss
4211 silly fetch manifest uglify-js@^3.1.4
4212 silly packumentCache full:https://registry.npmjs.org/uglify-js cache-miss
4213 http fetch GET 200 https://registry.npmjs.org/wordwrap 57ms (cache miss)
4214 silly packumentCache full:https://registry.npmjs.org/wordwrap set size:undefined disposed:false
4215 http fetch GET 200 https://registry.npmjs.org/uglify-js 82ms (cache miss)
4216 silly packumentCache full:https://registry.npmjs.org/uglify-js set size:undefined disposed:false
4217 silly placeDep ROOT neo-async@2.6.2 OK for: handlebars@4.7.9 want: ^2.6.2
4218 silly placeDep node_modules/handlebars source-map@0.6.1 OK for: handlebars@4.7.9 want: ^0.6.1
4219 silly placeDep ROOT uglify-js@3.19.3 OK for: handlebars@4.7.9 want: ^3.1.4
4220 silly placeDep ROOT wordwrap@1.0.0 OK for: handlebars@4.7.9 want: ^1.0.0
4221 silly placeDep ROOT @cspotcode/source-map-support@0.8.1 OK for: ts-node@10.9.2 want: ^0.8.0
4222 silly placeDep ROOT @tsconfig/node10@1.0.13 OK for: ts-node@10.9.2 want: ^1.0.7
4223 silly placeDep ROOT @tsconfig/node12@1.0.11 OK for: ts-node@10.9.2 want: ^1.0.7
4224 silly placeDep ROOT @tsconfig/node14@1.0.3 OK for: ts-node@10.9.2 want: ^1.0.0
4225 silly placeDep ROOT @tsconfig/node16@1.0.4 OK for: ts-node@10.9.2 want: ^1.0.2
4226 silly placeDep ROOT acorn@8.18.0 OK for: ts-node@10.9.2 want: ^8.4.1
4227 silly placeDep ROOT acorn-walk@8.3.5 OK for: ts-node@10.9.2 want: ^8.1.1
4228 silly placeDep ROOT arg@4.1.3 OK for: ts-node@10.9.2 want: ^4.1.0
4229 silly placeDep ROOT create-require@1.1.1 OK for: ts-node@10.9.2 want: ^1.1.0
4230 silly placeDep ROOT diff@4.0.4 OK for: ts-node@10.9.2 want: ^4.0.1
4231 silly placeDep ROOT v8-compile-cache-lib@3.0.1 OK for: ts-node@10.9.2 want: ^3.0.1
4232 silly placeDep ROOT yn@3.1.1 OK for: ts-node@10.9.2 want: 3.1.1
4233 silly fetch manifest @jridgewell/trace-mapping@0.3.9
4234 silly packumentCache full:https://registry.npmjs.org/@jridgewell%2ftrace-mapping cache-miss
4235 http cache https://registry.npmjs.org/@jridgewell%2ftrace-mapping 4ms (cache hit)
4236 silly packumentCache full:https://registry.npmjs.org/@jridgewell%2ftrace-mapping set size:170909 disposed:false
4237 silly placeDep node_modules/@cspotcode/source-map-support @jridgewell/trace-mapping@0.3.9 OK for: @cspotcode/source-map-support@0.8.1 want: 0.3.9
4238 silly placeDep node_modules/tsconfig-paths strip-bom@3.0.0 OK for: tsconfig-paths@4.2.0 want: ^3.0.0
4239 silly placeDep node_modules/type-is content-type@2.1.0 OK for: type-is@2.1.0 want: ^2.0.0
4240 silly placeDep ROOT media-typer@1.1.1 OK for: type-is@2.1.0 want: ^1.1.0
4241 silly placeDep ROOT @lukeed/csprng@1.1.0 OK for: uid@2.0.2 want: ^1.0.0
4242 silly placeDep ROOT escalade@3.2.0 OK for: update-browserslist-db@1.3.1 want: ^3.2.0
4243 silly placeDep ROOT makeerror@1.0.12 OK for: walker@1.0.8 want: 1.0.12
4244 silly fetch manifest tmpl@1.0.5
4245 silly packumentCache full:https://registry.npmjs.org/tmpl cache-miss
4246 http fetch GET 200 https://registry.npmjs.org/tmpl 61ms (cache miss)
4247 silly packumentCache full:https://registry.npmjs.org/tmpl set size:undefined disposed:false
4248 silly placeDep ROOT tmpl@1.0.5 OK for: makeerror@1.0.12 want: 1.0.5
4249 silly placeDep ROOT defaults@1.0.4 OK for: wcwidth@1.0.1 want: ^1.0.3
4250 silly fetch manifest clone@^1.0.2
4251 silly packumentCache full:https://registry.npmjs.org/clone cache-miss
4252 http fetch GET 200 https://registry.npmjs.org/clone 49ms (cache miss)
4253 silly packumentCache full:https://registry.npmjs.org/clone set size:undefined disposed:false
4254 silly placeDep ROOT clone@1.0.4 OK for: defaults@1.0.4 want: ^1.0.2
4255 silly fetch manifest webpack@^5.1.0
4256 silly packumentCache full:https://registry.npmjs.org/webpack cache-miss
4257 http cache https://registry.npmjs.org/webpack 8ms (cache hit)
4258 silly packumentCache full:https://registry.npmjs.org/webpack set size:5125589 disposed:false
4259 silly placeDep ROOT @types/estree@1.0.9 OK for: webpack@5.109.2 want: ^1.0.8
4260 silly placeDep ROOT @webassemblyjs/ast@1.14.1 OK for: webpack@5.109.2 want: ^1.14.1
4261 silly placeDep ROOT @webassemblyjs/wasm-edit@1.14.1 OK for: webpack@5.109.2 want: ^1.14.1
4262 silly placeDep ROOT @webassemblyjs/wasm-parser@1.14.1 OK for: webpack@5.109.2 want: ^1.14.1
4263 silly placeDep ROOT chrome-trace-event@1.0.4 OK for: webpack@5.109.2 want: ^1.0.2
4264 silly placeDep ROOT es-module-lexer@2.3.2 OK for: webpack@5.109.2 want: ^2.1.0
4265 silly placeDep ROOT eslint-scope@5.1.1 OK for: webpack@5.109.2 want: 5.1.1
4266 silly placeDep ROOT events@3.3.0 OK for: webpack@5.109.2 want: ^3.2.0
4267 silly placeDep ROOT minimizer-webpack-plugin@5.6.1 OK for: webpack@5.109.2 want: ^5.6.1
4268 silly placeDep node_modules/webpack schema-utils@4.3.3 OK for: webpack@5.109.2 want: ^4.3.3
4269 silly placeDep ROOT watchpack@2.5.2 OK for: webpack@5.109.2 want: ^2.5.2
4270 silly placeDep ROOT webpack-sources@3.5.1 OK for: webpack@5.109.2 want: ^3.5.1
4271 silly fetch manifest @webassemblyjs/helper-numbers@1.13.2
4272 silly packumentCache full:https://registry.npmjs.org/@webassemblyjs%2fhelper-numbers cache-miss
4273 silly fetch manifest @webassemblyjs/helper-wasm-bytecode@1.13.2
4274 silly packumentCache full:https://registry.npmjs.org/@webassemblyjs%2fhelper-wasm-bytecode cache-miss
4275 silly fetch manifest @webassemblyjs/helper-buffer@1.14.1
4276 silly packumentCache full:https://registry.npmjs.org/@webassemblyjs%2fhelper-buffer cache-miss
4277 silly fetch manifest @webassemblyjs/helper-wasm-bytecode@1.13.2
4278 silly packumentCache full:https://registry.npmjs.org/@webassemblyjs%2fhelper-wasm-bytecode cache-miss
4279 silly fetch manifest @webassemblyjs/helper-wasm-section@1.14.1
4280 silly packumentCache full:https://registry.npmjs.org/@webassemblyjs%2fhelper-wasm-section cache-miss
4281 silly fetch manifest @webassemblyjs/wasm-gen@1.14.1
4282 silly packumentCache full:https://registry.npmjs.org/@webassemblyjs%2fwasm-gen cache-miss
4283 silly fetch manifest @webassemblyjs/wasm-opt@1.14.1
4284 silly packumentCache full:https://registry.npmjs.org/@webassemblyjs%2fwasm-opt cache-miss
4285 http fetch GET 200 https://registry.npmjs.org/@webassemblyjs%2fhelper-numbers 56ms (cache miss)
4286 silly packumentCache full:https://registry.npmjs.org/@webassemblyjs%2fhelper-numbers set size:undefined disposed:false
4287 silly fetch manifest @webassemblyjs/wasm-parser@1.14.1
4288 silly packumentCache full:https://registry.npmjs.org/@webassemblyjs%2fwasm-parser cache-miss
4289 http cache https://registry.npmjs.org/@webassemblyjs%2fwasm-parser 1ms (cache hit)
4290 silly packumentCache full:https://registry.npmjs.org/@webassemblyjs%2fwasm-parser set size:214115 disposed:false
4291 silly fetch manifest @webassemblyjs/wast-printer@1.14.1
4292 silly packumentCache full:https://registry.npmjs.org/@webassemblyjs%2fwast-printer cache-miss
4293 http fetch GET 200 https://registry.npmjs.org/@webassemblyjs%2fwasm-opt 73ms (cache miss)
4294 silly packumentCache full:https://registry.npmjs.org/@webassemblyjs%2fwasm-opt set size:undefined disposed:false
4295 silly fetch manifest @webassemblyjs/helper-api-error@1.13.2
4296 silly packumentCache full:https://registry.npmjs.org/@webassemblyjs%2fhelper-api-error cache-miss
4297 http fetch GET 200 https://registry.npmjs.org/@webassemblyjs%2fwast-printer 70ms (cache miss)
4298 silly packumentCache full:https://registry.npmjs.org/@webassemblyjs%2fwast-printer set size:undefined disposed:false
4299 silly fetch manifest @webassemblyjs/helper-wasm-bytecode@1.13.2
4300 silly packumentCache full:https://registry.npmjs.org/@webassemblyjs%2fhelper-wasm-bytecode cache-miss
4301 http fetch GET 200 https://registry.npmjs.org/@webassemblyjs%2fhelper-buffer 296ms (cache miss)
4302 silly packumentCache full:https://registry.npmjs.org/@webassemblyjs%2fhelper-buffer set size:undefined disposed:false
4303 silly fetch manifest @webassemblyjs/ieee754@1.13.2
4304 silly packumentCache full:https://registry.npmjs.org/@webassemblyjs%2fieee754 cache-miss
4305 http fetch GET 200 https://registry.npmjs.org/@webassemblyjs%2fhelper-wasm-section 304ms (cache miss)
4306 silly packumentCache full:https://registry.npmjs.org/@webassemblyjs%2fhelper-wasm-section set size:undefined disposed:false
4307 silly fetch manifest @webassemblyjs/leb128@1.13.2
4308 silly packumentCache full:https://registry.npmjs.org/@webassemblyjs%2fleb128 cache-miss
4309 http fetch GET 200 https://registry.npmjs.org/@webassemblyjs%2fhelper-wasm-bytecode 306ms (cache miss)
4310 silly packumentCache full:https://registry.npmjs.org/@webassemblyjs%2fhelper-wasm-bytecode set size:undefined disposed:false
4311 silly fetch manifest @webassemblyjs/utf8@1.13.2
4312 silly packumentCache full:https://registry.npmjs.org/@webassemblyjs%2futf8 cache-miss
4313 http fetch GET 200 https://registry.npmjs.org/@webassemblyjs%2fhelper-wasm-bytecode 310ms (cache miss)
4314 silly packumentCache full:https://registry.npmjs.org/@webassemblyjs%2fhelper-wasm-bytecode set size:undefined disposed:false
4315 silly fetch manifest esrecurse@^4.3.0
4316 silly packumentCache full:https://registry.npmjs.org/esrecurse cache-miss
4317 http fetch GET 200 https://registry.npmjs.org/@webassemblyjs%2fhelper-wasm-bytecode 188ms (cache miss)
4318 silly packumentCache full:https://registry.npmjs.org/@webassemblyjs%2fhelper-wasm-bytecode set size:undefined disposed:false
4319 silly fetch manifest estraverse@^4.1.1
4320 silly packumentCache full:https://registry.npmjs.org/estraverse cache-miss
4321 http fetch GET 200 https://registry.npmjs.org/esrecurse 47ms (cache miss)
4322 silly packumentCache full:https://registry.npmjs.org/esrecurse set size:undefined disposed:false
4323 silly fetch manifest jest-worker@^27.4.5
4324 silly packumentCache full:https://registry.npmjs.org/jest-worker cache-miss
4325 http cache https://registry.npmjs.org/jest-worker 2ms (cache hit)
4326 silly packumentCache full:https://registry.npmjs.org/jest-worker set size:466737 disposed:false
4327 silly fetch manifest schema-utils@^4.3.0
4328 silly packumentCache full:https://registry.npmjs.org/schema-utils cache-hit
4329 silly fetch manifest terser@^5.31.1
4330 silly packumentCache full:https://registry.npmjs.org/terser cache-miss
4331 http fetch GET 200 https://registry.npmjs.org/estraverse 53ms (cache miss)
4332 silly packumentCache full:https://registry.npmjs.org/estraverse set size:undefined disposed:false
4333 silly fetch manifest ajv-formats@^2.1.1
4334 silly packumentCache full:https://registry.npmjs.org/ajv-formats cache-miss
4335 http cache https://registry.npmjs.org/ajv-formats 3ms (cache hit)
4336 silly packumentCache full:https://registry.npmjs.org/ajv-formats set size:141264 disposed:false
4337 silly fetch manifest ajv-keywords@^5.1.0
4338 silly packumentCache full:https://registry.npmjs.org/ajv-keywords cache-miss
4339 http cache https://registry.npmjs.org/ajv-keywords 1ms (cache hit)
4340 silly packumentCache full:https://registry.npmjs.org/ajv-keywords set size:310004 disposed:false
4341 http fetch GET 200 https://registry.npmjs.org/terser 67ms (cache miss)
4342 silly packumentCache full:https://registry.npmjs.org/terser set size:undefined disposed:false
4343 http fetch GET 200 https://registry.npmjs.org/@webassemblyjs%2fwasm-gen 556ms (cache miss)
4344 silly packumentCache full:https://registry.npmjs.org/@webassemblyjs%2fwasm-gen set size:undefined disposed:false
4345 http fetch GET 200 https://registry.npmjs.org/@webassemblyjs%2fhelper-api-error 531ms (cache miss)
4346 silly packumentCache full:https://registry.npmjs.org/@webassemblyjs%2fhelper-api-error set size:undefined disposed:false
4347 http fetch GET 200 https://registry.npmjs.org/@webassemblyjs%2fieee754 309ms (cache miss)
4348 silly packumentCache full:https://registry.npmjs.org/@webassemblyjs%2fieee754 set size:undefined disposed:false
4349 http fetch GET 200 https://registry.npmjs.org/@webassemblyjs%2futf8 300ms (cache miss)
4350 silly packumentCache full:https://registry.npmjs.org/@webassemblyjs%2futf8 set size:undefined disposed:false
4351 http fetch GET 200 https://registry.npmjs.org/@webassemblyjs%2fleb128 304ms (cache miss)
4352 silly packumentCache full:https://registry.npmjs.org/@webassemblyjs%2fleb128 set size:undefined disposed:false
4353 silly placeDep ROOT @webassemblyjs/helper-numbers@1.13.2 OK for: @webassemblyjs/ast@1.14.1 want: 1.13.2
4354 silly placeDep ROOT @webassemblyjs/helper-wasm-bytecode@1.13.2 OK for: @webassemblyjs/ast@1.14.1 want: 1.13.2
4355 silly fetch manifest @xtuc/long@4.2.2
4356 silly packumentCache full:https://registry.npmjs.org/@xtuc%2flong cache-miss
4357 silly fetch manifest @webassemblyjs/floating-point-hex-parser@1.13.2
4358 silly packumentCache full:https://registry.npmjs.org/@webassemblyjs%2ffloating-point-hex-parser cache-miss
4359 http fetch GET 200 https://registry.npmjs.org/@webassemblyjs%2ffloating-point-hex-parser 66ms (cache miss)
4360 silly packumentCache full:https://registry.npmjs.org/@webassemblyjs%2ffloating-point-hex-parser set size:undefined disposed:false
4361 http fetch GET 200 https://registry.npmjs.org/@xtuc%2flong 400ms (cache miss)
4362 silly packumentCache full:https://registry.npmjs.org/@xtuc%2flong set size:undefined disposed:false
4363 silly placeDep ROOT @webassemblyjs/floating-point-hex-parser@1.13.2 OK for: @webassemblyjs/helper-numbers@1.13.2 want: 1.13.2
4364 silly placeDep ROOT @webassemblyjs/helper-api-error@1.13.2 OK for: @webassemblyjs/helper-numbers@1.13.2 want: 1.13.2
4365 silly placeDep ROOT @xtuc/long@4.2.2 OK for: @webassemblyjs/helper-numbers@1.13.2 want: 4.2.2
4366 silly placeDep ROOT @webassemblyjs/helper-buffer@1.14.1 OK for: @webassemblyjs/wasm-edit@1.14.1 want: 1.14.1
4367 silly placeDep ROOT @webassemblyjs/helper-wasm-section@1.14.1 OK for: @webassemblyjs/wasm-edit@1.14.1 want: 1.14.1
4368 silly placeDep ROOT @webassemblyjs/wasm-gen@1.14.1 OK for: @webassemblyjs/wasm-edit@1.14.1 want: 1.14.1
4369 silly placeDep ROOT @webassemblyjs/wasm-opt@1.14.1 OK for: @webassemblyjs/wasm-edit@1.14.1 want: 1.14.1
4370 silly placeDep ROOT @webassemblyjs/wast-printer@1.14.1 OK for: @webassemblyjs/wasm-edit@1.14.1 want: 1.14.1
4371 silly placeDep ROOT @webassemblyjs/ieee754@1.13.2 OK for: @webassemblyjs/wasm-gen@1.14.1 want: 1.13.2
4372 silly placeDep ROOT @webassemblyjs/leb128@1.13.2 OK for: @webassemblyjs/wasm-gen@1.14.1 want: 1.13.2
4373 silly placeDep ROOT @webassemblyjs/utf8@1.13.2 OK for: @webassemblyjs/wasm-gen@1.14.1 want: 1.13.2
4374 silly fetch manifest @xtuc/ieee754@^1.2.0
4375 silly packumentCache full:https://registry.npmjs.org/@xtuc%2fieee754 cache-miss
4376 http fetch GET 200 https://registry.npmjs.org/@xtuc%2fieee754 77ms (cache miss)
4377 silly packumentCache full:https://registry.npmjs.org/@xtuc%2fieee754 set size:undefined disposed:false
4378 silly placeDep ROOT @xtuc/ieee754@1.2.0 OK for: @webassemblyjs/ieee754@1.13.2 want: ^1.2.0
4379 silly placeDep ROOT esrecurse@4.3.0 OK for: eslint-scope@5.1.1 want: ^4.3.0
4380 silly placeDep ROOT estraverse@4.3.0 OK for: eslint-scope@5.1.1 want: ^4.1.1
4381 silly fetch manifest estraverse@^5.2.0
4382 silly packumentCache full:https://registry.npmjs.org/estraverse cache-miss
4383 http cache https://registry.npmjs.org/estraverse 3ms (cache hit)
4384 silly packumentCache full:https://registry.npmjs.org/estraverse set size:62412 disposed:false
4385 silly placeDep node_modules/esrecurse estraverse@5.3.0 OK for: esrecurse@4.3.0 want: ^5.2.0
4386 silly placeDep node_modules/minimizer-webpack-plugin jest-worker@27.5.1 OK for: minimizer-webpack-plugin@5.6.1 want: ^27.4.5
4387 silly placeDep node_modules/minimizer-webpack-plugin schema-utils@4.3.3 OK for: minimizer-webpack-plugin@5.6.1 want: ^4.3.0
4388 silly placeDep ROOT terser@5.50.0 OK for: minimizer-webpack-plugin@5.6.1 want: ^5.31.1
4389 silly fetch manifest commander@^2.20.0
4390 silly packumentCache full:https://registry.npmjs.org/commander cache-miss
4391 silly fetch manifest @jridgewell/source-map@^0.3.3
4392 silly packumentCache full:https://registry.npmjs.org/@jridgewell%2fsource-map cache-miss
4393 http cache https://registry.npmjs.org/commander 3ms (cache hit)
4394 silly packumentCache full:https://registry.npmjs.org/commander set size:353115 disposed:false
4395 http fetch GET 200 https://registry.npmjs.org/@jridgewell%2fsource-map 504ms (cache miss)
4396 silly packumentCache full:https://registry.npmjs.org/@jridgewell%2fsource-map set size:undefined disposed:false
4397 silly placeDep ROOT @jridgewell/source-map@0.3.11 OK for: terser@5.50.0 want: ^0.3.3
4398 silly placeDep node_modules/terser commander@2.20.3 OK for: terser@5.50.0 want: ^2.20.0
4399 silly placeDep ROOT tr46@0.0.3 OK for: whatwg-url@5.0.0 want: ~0.0.3
4400 silly placeDep ROOT webidl-conversions@3.0.1 OK for: whatwg-url@5.0.0 want: ^3.0.0
4401 silly placeDep ROOT isexe@2.0.0 OK for: which@2.0.2 want: ^2.0.0
4402 silly placeDep ROOT imurmurhash@0.1.4 OK for: write-file-atomic@4.0.2 want: ^0.1.4
4403 silly placeDep node_modules/write-file-atomic signal-exit@3.0.7 OK for: write-file-atomic@4.0.2 want: ^3.0.7
4404 silly placeDep ROOT cliui@8.0.1 OK for: yargs@17.7.3 want: ^8.0.1
4405 silly placeDep ROOT get-caller-file@2.0.5 OK for: yargs@17.7.3 want: ^2.0.5
4406 silly placeDep ROOT require-directory@2.1.1 OK for: yargs@17.7.3 want: ^2.1.1
4407 silly placeDep ROOT y18n@5.0.8 OK for: yargs@17.7.3 want: ^5.0.5
4408 silly fetch manifest wrap-ansi@^7.0.0
4409 silly packumentCache full:https://registry.npmjs.org/wrap-ansi cache-miss
4410 http cache https://registry.npmjs.org/wrap-ansi 2ms (cache hit)
4411 silly packumentCache full:https://registry.npmjs.org/wrap-ansi set size:57461 disposed:false
4412 silly placeDep node_modules/cliui wrap-ansi@7.0.0 OK for: cliui@8.0.1 want: ^7.0.0
4413 silly placeDep node_modules/@istanbuljs/load-nyc-config argparse@1.0.10 OK for: js-yaml@3.15.1 want: ^1.0.7
4414 silly fetch manifest sprintf-js@~1.0.2
4415 silly packumentCache full:https://registry.npmjs.org/sprintf-js cache-miss
4416 http fetch GET 200 https://registry.npmjs.org/sprintf-js 58ms (cache miss)
4417 silly packumentCache full:https://registry.npmjs.org/sprintf-js set size:undefined disposed:false
4418 silly placeDep ROOT sprintf-js@1.0.3 OK for: argparse@1.0.10 want: ~1.0.2
4419 silly placeDep ROOT fs.realpath@1.0.0 OK for: glob@7.2.3 want: ^1.0.0
4420 silly placeDep ROOT inflight@1.0.6 OK for: glob@7.2.3 want: ^1.0.4
4421 silly placeDep ROOT path-is-absolute@1.0.1 OK for: glob@7.2.3 want: ^1.0.0
4422 silly placeDep ROOT @types/eslint-scope@3.7.7 OK for: webpack@5.106.2 want: ^3.7.7
4423 silly placeDep ROOT acorn-import-phases@1.0.4 OK for: webpack@5.106.2 want: ^1.0.3
4424 silly placeDep ROOT glob-to-regexp@0.4.1 OK for: webpack@5.106.2 want: ^0.4.1
4425 silly placeDep ROOT loader-runner@4.3.2 OK for: webpack@5.106.2 want: ^4.3.1
4426 silly placeDep node_modules/@nestjs/cli schema-utils@4.3.3 OK for: webpack@5.106.2 want: ^4.3.3
4427 silly placeDep ROOT terser-webpack-plugin@5.6.1 OK for: webpack@5.106.2 want: ^5.3.17
4428 silly fetch manifest @types/eslint@*
4429 silly packumentCache full:https://registry.npmjs.org/@types%2feslint cache-miss
4430 http fetch GET 200 https://registry.npmjs.org/@types%2feslint 61ms (cache miss)
4431 silly packumentCache full:https://registry.npmjs.org/@types%2feslint set size:undefined disposed:false
4432 silly placeDep ROOT @types/eslint@9.6.1 OK for: @types/eslint-scope@3.7.7 want: *
4433 silly placeDep node_modules/terser-webpack-plugin jest-worker@27.5.1 OK for: terser-webpack-plugin@5.6.1 want: ^27.4.5
4434 silly placeDep node_modules/terser-webpack-plugin schema-utils@4.3.3 OK for: terser-webpack-plugin@5.6.1 want: ^4.3.0
4435 silly fetch manifest ajv@^8.9.0
4436 silly packumentCache full:https://registry.npmjs.org/ajv cache-miss
4437 http cache https://registry.npmjs.org/ajv 3ms (cache hit)
4438 silly packumentCache full:https://registry.npmjs.org/ajv set size:1142658 disposed:false
4439 silly placeDep node_modules/@nestjs/cli ajv-formats@2.1.1 OK for: schema-utils@4.3.3 want: ^2.1.1
4440 silly placeDep ROOT ajv-keywords@5.1.0 OK for: schema-utils@4.3.3 want: ^5.1.0
4441 silly placeDep node_modules/@nestjs/platform-express concat-stream@2.0.0 OK for: multer@2.2.0 want: ^2.0.0
4442 silly placeDep node_modules/@nestjs/platform-express type-is@1.6.18 OK for: multer@2.2.0 want: ^1.6.18
4443 silly fetch manifest readable-stream@^3.0.2
4444 silly packumentCache full:https://registry.npmjs.org/readable-stream cache-hit
4445 silly placeDep node_modules/@nestjs/platform-express readable-stream@3.6.2 OK for: concat-stream@2.0.0 want: ^3.0.2
4446 silly placeDep node_modules/@nestjs/platform-express media-typer@0.3.0 OK for: type-is@1.6.18 want: 0.3.0
4447 silly placeDep node_modules/@nestjs/platform-express mime-types@2.1.35 OK for: type-is@1.6.18 want: ~2.1.24
4448 silly placeDep node_modules/@nestjs/platform-express mime-db@1.52.0 OK for: mime-types@2.1.35 want: 1.52.0
4449 silly placeDep node_modules/@nestjs/schematics rxjs@7.8.1 OK for: @angular-devkit/core@19.2.24 want: 7.8.1
4450 silly placeDep node_modules/babel-plugin-istanbul semver@6.3.1 OK for: istanbul-lib-instrument@5.2.1 want: ^6.3.0
4451 silly placeDep node_modules/form-data mime-db@1.52.0 OK for: mime-types@2.1.35 want: 1.52.0
4452 silly placeDep node_modules/fs-minipass yallist@4.0.0 OK for: minipass@3.3.6 want: ^4.0.0
4453 silly placeDep node_modules/glob brace-expansion@5.0.9 OK for: minimatch@10.2.6 want: ^5.0.8
4454 silly fetch manifest balanced-match@^4.0.2
4455 silly packumentCache full:https://registry.npmjs.org/balanced-match cache-miss
4456 http cache https://registry.npmjs.org/balanced-match 3ms (cache hit)
4457 silly packumentCache full:https://registry.npmjs.org/balanced-match set size:39082 disposed:false
4458 silly placeDep node_modules/glob balanced-match@4.0.4 OK for: brace-expansion@5.0.9 want: ^4.0.2
4459 silly placeDep node_modules/jest-runner source-map@0.6.1 OK for: source-map-support@0.5.13 want: ^0.6.0
4460 silly placeDep node_modules/minimizer-webpack-plugin supports-color@8.1.1 OK for: jest-worker@27.5.1 want: ^8.0.0
4461 silly placeDep node_modules/minimizer-webpack-plugin ajv-formats@2.1.1 OK for: schema-utils@4.3.3 want: ^2.1.1
4462 silly placeDep node_modules/multer media-typer@0.3.0 OK for: type-is@1.6.18 want: 0.3.0
4463 silly placeDep node_modules/multer mime-types@2.1.35 OK for: type-is@1.6.18 want: ~2.1.24
4464 silly placeDep node_modules/multer mime-db@1.52.0 OK for: mime-types@2.1.35 want: 1.52.0
4465 silly placeDep ROOT p-try@2.2.0 OK for: p-limit@2.3.0 want: ^2.0.0
4466 silly placeDep node_modules/schema-utils json-schema-traverse@0.4.1 OK for: ajv@6.15.0 want: ^0.4.1
4467 silly placeDep ROOT uri-js@4.4.1 OK for: ajv@6.15.0 want: ^4.2.2
4468 silly fetch manifest punycode@^2.1.0
4469 silly packumentCache full:https://registry.npmjs.org/punycode cache-miss
4470 http fetch GET 200 https://registry.npmjs.org/punycode 65ms (cache miss)
4471 silly packumentCache full:https://registry.npmjs.org/punycode set size:undefined disposed:false
4472 silly placeDep ROOT punycode@2.3.1 OK for: uri-js@4.4.1 want: ^2.1.0
4473 silly placeDep node_modules/terser-webpack-plugin supports-color@8.1.1 OK for: jest-worker@27.5.1 want: ^8.0.0
4474 silly placeDep node_modules/terser-webpack-plugin ajv-formats@2.1.1 OK for: schema-utils@4.3.3 want: ^2.1.1
4475 silly placeDep node_modules/webpack ajv-formats@2.1.1 OK for: schema-utils@4.3.3 want: ^2.1.1
4476 silly reify moves {}
4477 silly audit bulk request {
4477 silly audit   turbo: [ '2.10.11' ],
4477 silly audit   typescript: [ '5.9.3' ],
4477 silly audit   '@turbo/darwin-64': [ '2.10.11' ],
4477 silly audit   '@turbo/darwin-arm64': [ '2.10.11' ],
4477 silly audit   '@turbo/linux-64': [ '2.10.11' ],
4477 silly audit   '@turbo/linux-arm64': [ '2.10.11' ],
4477 silly audit   '@turbo/windows-64': [ '2.10.11' ],
4477 silly audit   '@turbo/windows-arm64': [ '2.10.11' ],
4477 silly audit   '@nestjs/cli': [ '11.0.24' ],
4477 silly audit   '@nestjs/common': [ '11.2.1' ],
4477 silly audit   rxjs: [ '7.8.2', '7.8.1' ],
4477 silly audit   'reflect-metadata': [ '0.2.2' ],
4477 silly audit   '@nestjs/config': [ '4.0.4' ],
4477 silly audit   '@nestjs/core': [ '11.2.1' ],
4477 silly audit   '@nestjs/jwt': [ '11.0.2' ],
4477 silly audit   '@nestjs/passport': [ '11.0.5' ],
4477 silly audit   passport: [ '0.7.0' ],
4477 silly audit   '@nestjs/platform-express': [ '11.2.1' ],
4477 silly audit   '@nestjs/schematics': [ '11.1.0' ],
4477 silly audit   '@nestjs/testing': [ '11.2.1' ],
4477 silly audit   '@prisma/client': [ '6.19.3' ],
4477 silly audit   '@types/bcrypt': [ '5.0.2' ],
4477 silly audit   '@types/express': [ '5.0.6' ],
4477 silly audit   '@types/jest': [ '29.5.14' ],
4477 silly audit   '@types/multer': [ '1.4.13' ],
4477 silly audit   '@types/node': [ '22.20.1' ],
4477 silly audit   '@types/passport-jwt': [ '4.0.1' ],
4477 silly audit   '@types/supertest': [ '6.0.3' ],
4477 silly audit   bcrypt: [ '5.1.1' ],
4477 silly audit   'class-transformer': [ '0.5.1' ],
4477 silly audit   'class-validator': [ '0.14.4' ],
4477 silly audit   jest: [ '29.7.0' ],
4477 silly audit   multer: [ '1.4.5-lts.2', '2.2.0' ],
4477 silly audit   'passport-jwt': [ '4.0.1' ],
4477 silly audit   prisma: [ '6.19.3' ],
4477 silly audit   'source-map-support': [ '0.5.21', '0.5.13' ],
4477 silly audit   supertest: [ '7.2.2' ],
4477 silly audit   'ts-jest': [ '29.4.12' ],
4477 silly audit   'ts-loader': [ '9.6.2' ],
4477 silly audit   webpack: [ '5.109.2', '5.106.2' ],
4477 silly audit   'ts-node': [ '10.9.2' ],
4477 silly audit   'tsconfig-paths': [ '4.2.0' ],
4477 silly audit   '@hookform/resolvers': [ '4.1.3' ],
4477 silly audit   'react-hook-form': [ '7.86.0' ],
4477 silly audit   react: [ '19.2.8' ],
4477 silly audit   '@tailwindcss/postcss': [ '4.3.3' ],
4477 silly audit   '@tanstack/react-query': [ '5.101.4' ],
4477 silly audit   '@types/react': [ '19.2.18' ],
4477 silly audit   '@types/react-dom': [ '19.2.4' ],
4477 silly audit   clsx: [ '2.1.1' ],
4477 silly audit   'lucide-react': [ '1.33.0' ],
4477 silly audit   motion: [ '12.43.0' ],
4477 silly audit   next: [ '15.5.23' ],
4477 silly audit   'react-dom': [ '19.2.8' ],
4477 silly audit   postcss: [ '8.5.26', '8.4.31' ],
4477 silly audit   sonner: [ '2.0.8' ],
4477 silly audit   'tailwind-merge': [ '3.6.0' ],
4477 silly audit   tailwindcss: [ '4.3.3' ],
4477 silly audit   zod: [ '3.25.76' ],
4477 silly audit   zustand: [ '5.0.15' ],
4477 silly audit   '@standard-schema/utils': [ '0.3.0' ],
4477 silly audit   '@angular-devkit/core': [ '19.2.27', '19.2.24' ],
4477 silly audit   '@angular-devkit/schematics': [ '19.2.27', '19.2.24' ],
4477 silly audit   '@angular-devkit/schematics-cli': [ '19.2.27' ],
4477 silly audit   '@inquirer/prompts': [ '7.10.1', '7.3.2' ],
4477 silly audit   ansis: [ '4.2.0' ],
4477 silly audit   chokidar: [ '4.0.3' ],
4477 silly audit   'cli-table3': [ '0.6.5' ],
4477 silly audit   commander: [ '4.1.1', '2.20.3' ],
4477 silly audit   'fork-ts-checker-webpack-plugin': [ '9.1.0' ],
4477 silly audit   glob: [ '13.0.6', '7.2.3' ],
4477 silly audit   'node-emoji': [ '1.11.0' ],
4477 silly audit   ora: [ '5.4.1' ],
4477 silly audit   'tsconfig-paths-webpack-plugin': [ '4.2.0' ],
4477 silly audit   'webpack-node-externals': [ '3.0.0' ],
4477 silly audit   ajv: [ '8.18.0', '6.15.0' ],
4477 silly audit   'ajv-formats': [ '3.0.1', '2.1.1' ],
4477 silly audit   'jsonc-parser': [ '3.3.1' ],
4477 silly audit   picomatch: [ '4.0.4', '2.3.2' ],
4477 silly audit   'source-map': [ '0.7.4', '0.6.1' ],
4477 silly audit   'magic-string': [ '0.30.17', '0.30.21' ],
4477 silly audit   'ansi-colors': [ '4.1.3' ],
4477 silly audit   'symbol-observable': [ '4.0.0' ],
4477 silly audit   'yargs-parser': [ '21.1.1' ],
4477 silly audit   '@inquirer/checkbox': [ '4.3.2' ],
4477 silly audit   '@inquirer/confirm': [ '5.1.21' ],
4477 silly audit   '@inquirer/editor': [ '4.2.23' ],
4477 silly audit   '@inquirer/expand': [ '4.0.23' ],
4477 silly audit   '@inquirer/input': [ '4.3.1' ],
4477 silly audit   '@inquirer/number': [ '3.0.23' ],
4477 silly audit   '@inquirer/password': [ '4.0.23' ],
4477 silly audit   '@inquirer/rawlist': [ '4.1.11' ],
4477 silly audit   '@inquirer/search': [ '3.2.2' ],
4477 silly audit   '@inquirer/select': [ '4.4.2' ],
4477 silly audit   '@inquirer/ansi': [ '1.0.2' ],
4477 silly audit   '@inquirer/core': [ '10.3.2' ],
4477 silly audit   '@inquirer/figures': [ '1.0.15' ],
4477 silly audit   '@inquirer/type': [ '3.0.10' ],
4477 silly audit   'yoctocolors-cjs': [ '2.1.3' ],
4477 silly audit   'cli-width': [ '4.1.0' ],
4477 silly audit   'mute-stream': [ '2.0.0' ],
4477 silly audit   'signal-exit': [ '4.1.0', '3.0.7' ],
4477 silly audit   'wrap-ansi': [ '6.2.0', '7.0.0' ],
4477 silly audit   '@inquirer/external-editor': [ '1.0.3' ],
4477 silly audit   chardet: [ '2.2.0' ],
4477 silly audit   'iconv-lite': [ '0.7.3' ],
4477 silly audit   'file-type': [ '21.3.4' ],
4477 silly audit   iterare: [ '1.2.1' ],
4477 silly audit   'load-esm': [ '1.0.3' ],
4477 silly audit   tslib: [ '2.8.1' ],
4477 silly audit   uid: [ '2.0.2' ],
4477 silly audit   dotenv: [ '17.4.1', '16.6.1' ],
4477 silly audit   'dotenv-expand': [ '12.0.3' ],
4477 silly audit   lodash: [ '4.18.1' ],
4477 silly audit   'fast-safe-stringify': [ '2.1.1' ],
4477 silly audit   'path-to-regexp': [ '8.4.2' ],
4477 silly audit   '@types/jsonwebtoken': [ '9.0.10' ],
4477 silly audit   jsonwebtoken: [ '9.0.3' ],
4477 silly audit   cors: [ '2.8.6' ],
4477 silly audit   express: [ '5.2.1' ],
4477 silly audit   'comment-json': [ '5.0.0' ],
4477 silly audit   pluralize: [ '8.0.0' ],
4477 silly audit   '@alloc/quick-lru': [ '5.2.0' ],
4477 silly audit   '@tailwindcss/node': [ '4.3.3' ],
4477 silly audit   '@tailwindcss/oxide': [ '4.3.3' ],
4477 silly audit   '@jridgewell/remapping': [ '2.3.5' ],
4477 silly audit   'enhanced-resolve': [ '5.24.5' ],
4477 silly audit   jiti: [ '2.7.0' ],
4477 silly audit   lightningcss: [ '1.32.0' ],
4477 silly audit   'source-map-js': [ '1.2.1' ],
4477 silly audit   '@jridgewell/gen-mapping': [ '0.3.13' ],
4477 silly audit   '@jridgewell/trace-mapping': [ '0.3.31', '0.3.9' ],
4477 silly audit   '@jridgewell/sourcemap-codec': [ '1.5.5' ],
4477 silly audit   '@jridgewell/resolve-uri': [ '3.1.2' ],
4477 silly audit   '@tailwindcss/oxide-android-arm64': [ '4.3.3' ],
4477 silly audit   '@tailwindcss/oxide-darwin-arm64': [ '4.3.3' ],
4477 silly audit   '@tailwindcss/oxide-darwin-x64': [ '4.3.3' ],
4477 silly audit   '@tailwindcss/oxide-freebsd-x64': [ '4.3.3' ],
4477 silly audit   '@tailwindcss/oxide-linux-arm-gnueabihf': [ '4.3.3' ],
4477 silly audit   '@tailwindcss/oxide-linux-arm64-gnu': [ '4.3.3' ],
4477 silly audit   '@tailwindcss/oxide-linux-arm64-musl': [ '4.3.3' ],
4477 silly audit   '@tailwindcss/oxide-linux-x64-gnu': [ '4.3.3' ],
4477 silly audit   '@tailwindcss/oxide-linux-x64-musl': [ '4.3.3' ],
4477 silly audit   '@tailwindcss/oxide-wasm32-wasi': [ '4.3.3' ],
4477 silly audit   '@tailwindcss/oxide-win32-arm64-msvc': [ '4.3.3' ],
4477 silly audit   '@tailwindcss/oxide-win32-x64-msvc': [ '4.3.3' ],
4477 silly audit   '@tanstack/query-core': [ '5.101.4' ],
4477 silly audit   '@types/body-parser': [ '1.19.6' ],
4477 silly audit   '@types/express-serve-static-core': [ '5.1.3' ],
4477 silly audit   '@types/serve-static': [ '2.2.0' ],
4477 silly audit   '@types/connect': [ '3.4.38' ],
4477 silly audit   '@types/qs': [ '6.15.1' ],
4477 silly audit   '@types/range-parser': [ '1.2.7' ],
4477 silly audit   '@types/send': [ '1.2.1' ],
4477 silly audit   expect: [ '29.7.0' ],
4477 silly audit   'pretty-format': [ '29.7.0' ],
4477 silly audit   '@types/ms': [ '2.1.0' ],
4477 silly audit   'undici-types': [ '6.21.0' ],
4477 silly audit   '@types/passport-strategy': [ '0.2.38' ],
4477 silly audit   '@types/passport': [ '1.0.17' ],
4477 silly audit   csstype: [ '3.2.3' ],
4477 silly audit   '@types/http-errors': [ '2.0.5' ],
4477 silly audit   '@types/methods': [ '1.1.4' ],
4477 silly audit   '@types/superagent': [ '8.1.11' ],
4477 silly audit   '@types/cookiejar': [ '2.1.5' ],
4477 silly audit   'form-data': [ '4.0.6' ],
4477 silly audit   'fast-deep-equal': [ '3.1.3' ],
4477 silly audit   'fast-uri': [ '3.1.5' ],
4477 silly audit   'json-schema-traverse': [ '1.0.0', '0.4.1' ],
4477 silly audit   'require-from-string': [ '2.0.2' ],
4477 silly audit   '@mapbox/node-pre-gyp': [ '1.0.11' ],
4477 silly audit   'node-addon-api': [ '5.1.0' ],
4477 silly audit   'detect-libc': [ '2.1.2' ],
4477 silly audit   'https-proxy-agent': [ '5.0.1' ],
4477 silly audit   'make-dir': [ '3.1.0', '4.0.0' ],
4477 silly audit   'node-fetch': [ '2.7.0' ],
4477 silly audit   nopt: [ '5.0.0' ],
4477 silly audit   npmlog: [ '5.0.1' ],
4477 silly audit   rimraf: [ '3.0.2' ],
4477 silly audit   semver: [ '7.8.5', '6.3.1' ],
4477 silly audit   tar: [ '6.2.1' ],
4477 silly audit   readdirp: [ '4.1.2' ],
4477 silly audit   '@types/validator': [ '13.15.10' ],
4477 silly audit   'libphonenumber-js': [ '1.13.11' ],
4477 silly audit   validator: [ '13.15.35' ],
4477 silly audit   '@colors/colors': [ '1.5.0' ],
4477 silly audit   'string-width': [ '4.2.3' ],
4477 silly audit   'array-timsort': [ '1.0.3' ],
4477 silly audit   esprima: [ '4.0.1' ],
4477 silly audit   'object-assign': [ '4.1.1' ],
4477 silly audit   vary: [ '1.1.2' ],
4477 silly audit   'graceful-fs': [ '4.2.11' ],
4477 silly audit   tapable: [ '2.3.3' ],
4477 silly audit   '@jest/expect-utils': [ '29.7.0' ],
4477 silly audit   'jest-get-type': [ '29.6.3' ],
4477 silly audit   'jest-matcher-utils': [ '29.7.0' ],
4477 silly audit   'jest-message-util': [ '29.7.0' ],
4477 silly audit   'jest-util': [ '29.7.0' ],
4477 silly audit   accepts: [ '2.0.0' ],
4477 silly audit   'body-parser': [ '2.3.0' ],
4477 silly audit   'content-disposition': [ '1.1.0' ],
4477 silly audit   'content-type': [ '1.0.5', '2.1.0' ],
4477 silly audit   cookie: [ '0.7.2' ],
4477 silly audit   'cookie-signature': [ '1.2.2' ],
4477 silly audit   debug: [ '4.4.3' ],
4477 silly audit   depd: [ '2.0.0' ],
4477 silly audit   encodeurl: [ '2.0.0' ],
4477 silly audit   'escape-html': [ '1.0.3' ],
4477 silly audit   etag: [ '1.8.1' ],
4477 silly audit   finalhandler: [ '2.1.1' ],
4477 silly audit   fresh: [ '2.0.0' ],
4477 silly audit   'http-errors': [ '2.0.1' ],
4477 silly audit   'merge-descriptors': [ '2.0.0' ],
4477 silly audit   'mime-types': [ '3.0.2', '2.1.35' ],
4477 silly audit   'on-finished': [ '2.4.1' ],
4477 silly audit   once: [ '1.4.0' ],
4477 silly audit   parseurl: [ '1.3.3' ],
4477 silly audit   'proxy-addr': [ '2.0.7' ],
4477 silly audit   qs: [ '6.15.3' ],
4477 silly audit   'range-parser': [ '1.3.0' ],
4477 silly audit   router: [ '2.2.0' ],
4477 silly audit   send: [ '1.2.1' ],
4477 silly audit   'serve-static': [ '2.2.1' ],
4477 silly audit   statuses: [ '2.0.2' ],
4477 silly audit   'type-is': [ '2.1.0', '1.6.18' ],
4477 silly audit   negotiator: [ '1.1.0' ],
4477 silly audit   bytes: [ '3.1.2' ],
4477 silly audit   'raw-body': [ '3.0.2' ],
4477 silly audit   ms: [ '2.1.3' ],
4477 silly audit   '@tokenizer/inflate': [ '0.4.1' ],
4477 silly audit   strtok3: [ '10.3.5' ],
4477 silly audit   'token-types': [ '6.1.2' ],
4477 silly audit   'uint8array-extras': [ '1.5.0' ],
4477 silly audit   '@babel/code-frame': [ '7.29.7' ],
4477 silly audit   chalk: [ '4.1.2' ],
4477 silly audit   cosmiconfig: [ '8.3.6' ],
4477 silly audit   deepmerge: [ '4.3.1' ],
4477 silly audit   'fs-extra': [ '10.1.0' ],
4477 silly audit   memfs: [ '3.5.3' ],
4477 silly audit   minimatch: [ '3.1.5', '10.2.6' ],
4477 silly audit   'node-abort-controller': [ '3.1.1' ],
4477 silly audit   'schema-utils': [ '3.3.0', '4.3.3' ],
4477 silly audit   '@babel/helper-validator-identifier': [ '7.29.7' ],
4477 silly audit   'js-tokens': [ '4.0.0' ],
4477 silly audit   picocolors: [ '1.1.1' ],
4477 silly audit   'ansi-styles': [ '4.3.0', '5.2.0' ],
4477 silly audit   'supports-color': [ '7.2.0', '8.1.1' ],
4477 silly audit   'color-convert': [ '2.0.1' ],
4477 silly audit   'color-name': [ '1.1.4' ],
4477 silly audit   'import-fresh': [ '3.3.1' ],
4477 silly audit   'js-yaml': [ '4.3.1', '3.15.1' ],
4477 silly audit   'parse-json': [ '5.2.0' ],
4477 silly audit   'path-type': [ '4.0.0' ],
4477 silly audit   asynckit: [ '0.4.0' ],
4477 silly audit   'combined-stream': [ '1.0.8' ],
4477 silly audit   'es-set-tostringtag': [ '2.1.0' ],
4477 silly audit   hasown: [ '2.0.4' ],
4477 silly audit   'delayed-stream': [ '1.0.0' ],
4477 silly audit   'es-errors': [ '1.3.0' ],
4477 silly audit   'get-intrinsic': [ '1.3.0' ],
4477 silly audit   'has-tostringtag': [ '1.0.2' ],
4477 silly audit   jsonfile: [ '6.2.1' ],
4477 silly audit   universalify: [ '2.0.1' ],
4477 silly audit   'call-bind-apply-helpers': [ '1.0.2' ],
4477 silly audit   'es-define-property': [ '1.0.1' ],
4477 silly audit   'es-object-atoms': [ '1.1.2' ],
4477 silly audit   'function-bind': [ '1.1.2' ],
4477 silly audit   'get-proto': [ '1.0.1' ],
4477 silly audit   gopd: [ '1.2.0' ],
4477 silly audit   'has-symbols': [ '1.1.0' ],
4477 silly audit   'math-intrinsics': [ '1.1.0' ],
4477 silly audit   'dunder-proto': [ '1.0.1' ],
4477 silly audit   minipass: [ '7.1.3', '5.0.0', '3.3.6' ],
4477 silly audit   'path-scurry': [ '2.0.2' ],
4477 silly audit   inherits: [ '2.0.4' ],
4477 silly audit   setprototypeof: [ '1.2.0' ],
4477 silly audit   toidentifier: [ '1.0.1' ],
4477 silly audit   'agent-base': [ '6.0.2' ],
4477 silly audit   'safer-buffer': [ '2.1.2' ],
4477 silly audit   'parent-module': [ '1.0.1' ],
4477 silly audit   'resolve-from': [ '4.0.0', '5.0.0' ],
4477 silly audit   '@jest/core': [ '29.7.0' ],
4477 silly audit   '@jest/types': [ '29.6.3' ],
4477 silly audit   'import-local': [ '3.2.0' ],
4477 silly audit   'jest-cli': [ '29.7.0' ],
4477 silly audit   '@jest/console': [ '29.7.0' ],
4477 silly audit   '@jest/reporters': [ '29.7.0' ],
4477 silly audit   '@jest/test-result': [ '29.7.0' ],
4477 silly audit   '@jest/transform': [ '29.7.0' ],
4477 silly audit   'ansi-escapes': [ '4.3.2' ],
4477 silly audit   'ci-info': [ '3.9.0' ],
4477 silly audit   exit: [ '0.1.2' ],
4477 silly audit   'jest-changed-files': [ '29.7.0' ],
4477 silly audit   'jest-config': [ '29.7.0' ],
4477 silly audit   'jest-haste-map': [ '29.7.0' ],
4477 silly audit   'jest-regex-util': [ '29.6.3' ],
4477 silly audit   'jest-resolve': [ '29.7.0' ],
4477 silly audit   'jest-resolve-dependencies': [ '29.7.0' ],
4477 silly audit   'jest-runner': [ '29.7.0' ],
4477 silly audit   'jest-runtime': [ '29.7.0' ],
4477 silly audit   'jest-snapshot': [ '29.7.0' ],
4477 silly audit   'jest-validate': [ '29.7.0' ],
4477 silly audit   'jest-watcher': [ '29.7.0' ],
4477 silly audit   micromatch: [ '4.0.8' ],
4477 silly audit   slash: [ '3.0.0' ],
4477 silly audit   'strip-ansi': [ '6.0.1' ],
4477 silly audit   '@bcoe/v8-coverage': [ '0.2.3' ],
4477 silly audit   'collect-v8-coverage': [ '1.0.3' ],
4477 silly audit   'istanbul-lib-coverage': [ '3.2.2' ],
4477 silly audit   'istanbul-lib-instrument': [ '6.0.3', '5.2.1' ],
4477 silly audit   'istanbul-lib-report': [ '3.0.1' ],
4477 silly audit   'istanbul-lib-source-maps': [ '4.0.1' ],
4477 silly audit   'istanbul-reports': [ '3.2.0' ],
4477 silly audit   'jest-worker': [ '29.7.0', '27.5.1' ],
4477 silly audit   'string-length': [ '4.0.2' ],
4477 silly audit   'v8-to-istanbul': [ '9.3.0' ],
4477 silly audit   '@types/istanbul-lib-coverage': [ '2.0.6' ],
4477 silly audit   '@babel/core': [ '7.29.7' ],
4477 silly audit   'babel-plugin-istanbul': [ '6.1.1' ],
4477 silly audit   'convert-source-map': [ '2.0.0' ],
4477 silly audit   'fast-json-stable-stringify': [ '2.1.0' ],
4477 silly audit   pirates: [ '4.0.7' ],
4477 silly audit   'write-file-atomic': [ '4.0.2' ],
4477 silly audit   '@babel/generator': [ '7.29.8' ],
4477 silly audit   '@babel/helper-compilation-targets': [ '7.29.7' ],
4477 silly audit   '@babel/helper-module-transforms': [ '7.29.7' ],
4477 silly audit   '@babel/helpers': [ '7.29.7' ],
4477 silly audit   '@babel/parser': [ '7.29.8' ],
4477 silly audit   '@babel/template': [ '7.29.7' ],
4477 silly audit   '@babel/traverse': [ '7.29.8' ],
4477 silly audit   '@babel/types': [ '7.29.8' ],
4477 silly audit   gensync: [ '1.0.0-beta.2' ],
4477 silly audit   json5: [ '2.2.3' ],
4477 silly audit   jsesc: [ '3.1.0' ],
4477 silly audit   '@babel/compat-data': [ '7.29.7' ],
4477 silly audit   '@babel/helper-validator-option': [ '7.29.7' ],
4477 silly audit   browserslist: [ '4.28.8' ],
4477 silly audit   'lru-cache': [ '5.1.1', '11.5.2' ],
4477 silly audit   '@babel/helper-module-imports': [ '7.29.7' ],
4477 silly audit   '@babel/helper-globals': [ '7.29.7' ],
4477 silly audit   '@babel/helper-string-parser': [ '7.29.7' ],
4477 silly audit   '@jest/schemas': [ '29.6.3' ],
4477 silly audit   '@types/istanbul-reports': [ '3.0.4' ],
4477 silly audit   '@types/yargs': [ '17.0.35' ],
4477 silly audit   '@sinclair/typebox': [ '0.27.12' ],
4477 silly audit   '@types/istanbul-lib-report': [ '3.0.3' ],
4477 silly audit   '@types/yargs-parser': [ '21.0.3' ],
4477 silly audit   'type-fest': [ '0.21.3', '4.41.0' ],
4477 silly audit   '@babel/helper-plugin-utils': [ '7.29.7' ],
4477 silly audit   '@istanbuljs/load-nyc-config': [ '1.1.0' ],
4477 silly audit   '@istanbuljs/schema': [ '0.1.6' ],
4477 silly audit   'test-exclude': [ '6.0.0' ],
4477 silly audit   camelcase: [ '5.3.1', '6.3.0' ],
4477 silly audit   'find-up': [ '4.1.0' ],
4477 silly audit   'get-package-type': [ '0.1.0' ],
4477 silly audit   'baseline-browser-mapping': [ '2.11.17' ],
4477 silly audit   'caniuse-lite': [ '1.0.30001809' ],
4477 silly audit   'electron-to-chromium': [ '1.5.412' ],
4477 silly audit   'node-releases': [ '2.0.53' ],
4477 silly audit   'update-browserslist-db': [ '1.3.1' ],
4477 silly audit   'locate-path': [ '5.0.0' ],
4477 silly audit   'path-exists': [ '4.0.0' ],
4477 silly audit   'pkg-dir': [ '4.2.0' ],
4477 silly audit   'resolve-cwd': [ '3.0.0' ],
4477 silly audit   'html-escaper': [ '2.0.2' ],
4477 silly audit   execa: [ '5.1.1' ],
4477 silly audit   'p-limit': [ '3.1.0', '2.3.0' ],
4477 silly audit   'cross-spawn': [ '7.0.6' ],
4477 silly audit   'get-stream': [ '6.0.1' ],
4477 silly audit   'human-signals': [ '2.1.0' ],
4477 silly audit   'is-stream': [ '2.0.1' ],
4477 silly audit   'merge-stream': [ '2.0.0' ],
4477 silly audit   'npm-run-path': [ '4.0.1' ],
4477 silly audit   onetime: [ '5.1.2' ],
4477 silly audit   'strip-final-newline': [ '2.0.0' ],
4477 silly audit   'path-key': [ '3.1.1' ],
4477 silly audit   'shebang-command': [ '2.0.0' ],
4477 silly audit   which: [ '2.0.2' ],
4477 silly audit   'create-jest': [ '29.7.0' ],
4477 silly audit   yargs: [ '17.7.3' ],
4477 silly audit   prompts: [ '2.4.2' ],
4477 silly audit   '@jest/test-sequencer': [ '29.7.0' ],
4477 silly audit   'babel-jest': [ '29.7.0' ],
4477 silly audit   'jest-circus': [ '29.7.0' ],
4477 silly audit   'jest-environment-node': [ '29.7.0' ],
4477 silly audit   'strip-json-comments': [ '3.1.1' ],
4477 silly audit   '@types/babel__core': [ '7.20.5' ],
4477 silly audit   'babel-preset-jest': [ '29.6.3' ],
4477 silly audit   '@types/babel__generator': [ '7.27.0' ],
4477 silly audit   '@types/babel__template': [ '7.4.4' ],
4477 silly audit   '@types/babel__traverse': [ '7.28.0' ],
4477 silly audit   'babel-plugin-jest-hoist': [ '29.6.3' ],
4477 silly audit   'babel-preset-current-node-syntax': [ '1.2.0' ],
4477 silly audit   '@babel/plugin-syntax-async-generators': [ '7.8.4' ],
4477 silly audit   '@babel/plugin-syntax-bigint': [ '7.8.3' ],
4477 silly audit   '@babel/plugin-syntax-class-properties': [ '7.12.13' ],
4477 silly audit   '@babel/plugin-syntax-class-static-block': [ '7.14.5' ],
4477 silly audit   '@babel/plugin-syntax-import-attributes': [ '7.29.7' ],
4477 silly audit   '@babel/plugin-syntax-import-meta': [ '7.10.4' ],
4477 silly audit   '@babel/plugin-syntax-json-strings': [ '7.8.3' ],
4477 silly audit   '@babel/plugin-syntax-logical-assignment-operators': [ '7.10.4' ],
4477 silly audit   '@babel/plugin-syntax-nullish-coalescing-operator': [ '7.8.3' ],
4477 silly audit   '@babel/plugin-syntax-numeric-separator': [ '7.10.4' ],
4477 silly audit   '@babel/plugin-syntax-object-rest-spread': [ '7.8.3' ],
4477 silly audit   '@babel/plugin-syntax-optional-catch-binding': [ '7.8.3' ],
4477 silly audit   '@babel/plugin-syntax-optional-chaining': [ '7.8.3' ],
4477 silly audit   '@babel/plugin-syntax-private-property-in-object': [ '7.14.5' ],
4477 silly audit   '@babel/plugin-syntax-top-level-await': [ '7.14.5' ],
4477 silly audit   '@jest/environment': [ '29.7.0' ],
4477 silly audit   '@jest/expect': [ '29.7.0' ],
4477 silly audit   co: [ '4.6.0' ],
4477 silly audit   dedent: [ '1.7.2' ],
4477 silly audit   'is-generator-fn': [ '2.1.0' ],
4477 silly audit   'jest-each': [ '29.7.0' ],
4477 silly audit   'pure-rand': [ '6.1.0' ],
4477 silly audit   'stack-utils': [ '2.0.6' ],
4477 silly audit   '@jest/fake-timers': [ '29.7.0' ],
4477 silly audit   'jest-mock': [ '29.7.0' ],
4477 silly audit   '@sinonjs/fake-timers': [ '10.3.0' ],
4477 silly audit   '@sinonjs/commons': [ '3.0.1' ],
4477 silly audit   'type-detect': [ '4.0.8' ],
4477 silly audit   '@types/graceful-fs': [ '4.1.9' ],
4477 silly audit   anymatch: [ '3.1.3' ],
4477 silly audit   'fb-watchman': [ '2.0.2' ],
4477 silly audit   fsevents: [ '2.3.3' ],
4477 silly audit   walker: [ '1.0.8' ],
4477 silly audit   'normalize-path': [ '3.0.0' ],
4477 silly audit   bser: [ '2.1.1' ],
4477 silly audit   'node-int64': [ '0.4.0' ],
4477 silly audit   'jest-diff': [ '29.7.0' ],
4477 silly audit   'diff-sequences': [ '29.6.3' ],
4477 silly audit   '@types/stack-utils': [ '2.0.3' ],
4477 silly audit   'jest-pnp-resolver': [ '1.2.3' ],
4477 silly audit   resolve: [ '1.22.12' ],
4477 silly audit   'resolve.exports': [ '2.0.3' ],
4477 silly audit   emittery: [ '0.13.1' ],
4477 silly audit   'jest-docblock': [ '29.7.0' ],
4477 silly audit   'jest-leak-detector': [ '29.7.0' ],
4477 silly audit   'detect-newline': [ '3.1.0' ],
4477 silly audit   '@jest/globals': [ '29.7.0' ],
4477 silly audit   '@jest/source-map': [ '29.6.3' ],
4477 silly audit   'cjs-module-lexer': [ '1.4.3' ],
4477 silly audit   'strip-bom': [ '4.0.0', '3.0.0' ],
4477 silly audit   callsites: [ '3.1.0' ],
4477 silly audit   '@babel/plugin-syntax-jsx': [ '7.29.7' ],
4477 silly audit   '@babel/plugin-syntax-typescript': [ '7.29.7' ],
4477 silly audit   'natural-compare': [ '1.4.0' ],
4477 silly audit   leven: [ '3.1.0' ],
4477 silly audit   argparse: [ '2.0.1', '1.0.10' ],
4477 silly audit   jws: [ '4.0.1' ],
4477 silly audit   'lodash.includes': [ '4.3.0' ],
4477 silly audit   'lodash.isboolean': [ '3.0.3' ],
4477 silly audit   'lodash.isinteger': [ '4.0.4' ],
4477 silly audit   'lodash.isnumber': [ '3.0.3' ],
4477 silly audit   'lodash.isplainobject': [ '4.0.6' ],
4477 silly audit   'lodash.isstring': [ '4.0.1' ],
4477 silly audit   'lodash.once': [ '4.1.1' ],
4477 silly audit   jwa: [ '2.0.1' ],
4477 silly audit   'safe-buffer': [ '5.2.1', '5.1.2' ],
4477 silly audit   'buffer-equal-constant-time': [ '1.0.1' ],
4477 silly audit   'ecdsa-sig-formatter': [ '1.0.11' ],
4477 silly audit   'lightningcss-android-arm64': [ '1.32.0' ],
4477 silly audit   'lightningcss-darwin-arm64': [ '1.32.0' ],
4477 silly audit   'lightningcss-darwin-x64': [ '1.32.0' ],
4477 silly audit   'lightningcss-freebsd-x64': [ '1.32.0' ],
4477 silly audit   'lightningcss-linux-arm-gnueabihf': [ '1.32.0' ],
4477 silly audit   'lightningcss-linux-arm64-gnu': [ '1.32.0' ],
4477 silly audit   'lightningcss-linux-arm64-musl': [ '1.32.0' ],
4477 silly audit   'lightningcss-linux-x64-gnu': [ '1.32.0' ],
4477 silly audit   'lightningcss-linux-x64-musl': [ '1.32.0' ],
4477 silly audit   'lightningcss-win32-arm64-msvc': [ '1.32.0' ],
4477 silly audit   'lightningcss-win32-x64-msvc': [ '1.32.0' ],
4477 silly audit   'p-locate': [ '4.1.0' ],
4477 silly audit   yallist: [ '3.1.1', '4.0.0' ],
4477 silly audit   'fs-monkey': [ '1.1.0' ],
4477 silly audit   braces: [ '3.0.3' ],
4477 silly audit   'fill-range': [ '7.1.1' ],
4477 silly audit   'to-regex-range': [ '5.0.1' ],
4477 silly audit   'mime-db': [ '1.54.0', '1.52.0' ],
4477 silly audit   'brace-expansion': [ '1.1.18', '5.0.9' ],
4477 silly audit   'balanced-match': [ '1.0.2', '4.0.4' ],
4477 silly audit   'concat-map': [ '0.0.1' ],
4477 silly audit   'framer-motion': [ '12.43.0' ],
4477 silly audit   'motion-dom': [ '12.43.0' ],
4477 silly audit   'motion-utils': [ '12.39.0' ],
4477 silly audit   'append-field': [ '1.0.0' ],
4477 silly audit   busboy: [ '1.6.0' ],
4477 silly audit   'concat-stream': [ '1.6.2', '2.0.0' ],
4477 silly audit   mkdirp: [ '0.5.6', '1.0.4' ],
4477 silly audit   xtend: [ '4.0.2' ],
4477 silly audit   streamsearch: [ '1.1.0' ],
4477 silly audit   'buffer-from': [ '1.1.2' ],
4477 silly audit   'readable-stream': [ '2.3.8', '3.6.2' ],
4477 silly audit   typedarray: [ '0.0.6' ],
4477 silly audit   minimist: [ '1.2.8' ],
4477 silly audit   '@next/env': [ '15.5.23' ],
4477 silly audit   '@next/swc-darwin-arm64': [ '15.5.23' ],
4477 silly audit   '@next/swc-darwin-x64': [ '15.5.23' ],
4477 silly audit   '@next/swc-linux-arm64-gnu': [ '15.5.23' ],
4477 silly audit   '@next/swc-linux-arm64-musl': [ '15.5.23' ],
4477 silly audit   '@next/swc-linux-x64-gnu': [ '15.5.23' ],
4477 silly audit   '@next/swc-linux-x64-musl': [ '15.5.23' ],
4477 silly audit   '@next/swc-win32-arm64-msvc': [ '15.5.23' ],
4477 silly audit   '@next/swc-win32-x64-msvc': [ '15.5.23' ],
4477 silly audit   '@swc/helpers': [ '0.5.15' ],
4477 silly audit   sharp: [ '0.34.5' ],
4477 silly audit   'styled-jsx': [ '5.1.6' ],
4477 silly audit   'whatwg-url': [ '5.0.0' ],
4477 silly audit   abbrev: [ '1.1.1' ],
4477 silly audit   'are-we-there-yet': [ '2.0.0' ],
4477 silly audit   'console-control-strings': [ '1.1.0' ],
4477 silly audit   gauge: [ '3.0.2' ],
4477 silly audit   'set-blocking': [ '2.0.0' ],
4477 silly audit   delegates: [ '1.0.0' ],
4477 silly audit   aproba: [ '2.1.0' ],
4477 silly audit   'color-support': [ '1.1.3' ],
4477 silly audit   'has-unicode': [ '2.0.1' ],
4477 silly audit   'wide-align': [ '1.1.5' ],
4477 silly audit   'ee-first': [ '1.1.1' ],
4477 silly audit   wrappy: [ '1.0.2' ],
4477 silly audit   'mimic-fn': [ '2.1.0' ],
4477 silly audit   bl: [ '4.1.0' ],
4477 silly audit   'cli-cursor': [ '3.1.0' ],
4477 silly audit   'cli-spinners': [ '2.9.2' ],
4477 silly audit   'is-interactive': [ '1.0.0' ],
4477 silly audit   'is-unicode-supported': [ '0.1.0' ],
4477 silly audit   'log-symbols': [ '4.1.0' ],
4477 silly audit   wcwidth: [ '1.0.1' ],
4477 silly audit   buffer: [ '5.7.1' ],
4477 silly audit   'base64-js': [ '1.5.1' ],
4477 silly audit   ieee754: [ '1.2.1' ],
4477 silly audit   'restore-cursor': [ '3.1.0' ],
4477 silly audit   'yocto-queue': [ '0.1.0' ],
4477 silly audit   'error-ex': [ '1.3.4' ],
4477 silly audit   'json-parse-even-better-errors': [ '2.3.1' ],
4477 silly audit   'lines-and-columns': [ '1.2.4' ],
4477 silly audit   'is-arrayish': [ '0.2.1' ],
4477 silly audit   'passport-strategy': [ '1.0.0' ],
4477 silly audit   pause: [ '0.0.1' ],
4477 silly audit   'utils-merge': [ '1.0.1' ],
4477 silly audit   nanoid: [ '3.3.18' ],
4477 silly audit   'react-is': [ '18.3.1' ],
4477 silly audit   '@prisma/config': [ '6.19.3' ],
4477 silly audit   '@prisma/engines': [ '6.19.3' ],
4477 silly audit   c12: [ '3.1.0' ],
4477 silly audit   'deepmerge-ts': [ '7.1.5' ],
4477 silly audit   effect: [ '3.21.0' ],
4477 silly audit   empathic: [ '2.0.0' ],
4477 silly audit   '@prisma/debug': [ '6.19.3' ],
4477 silly audit   '@prisma/engines-version': [ '7.1.1-3.c2990dca591cba766e3b7ef5d9e8a84796e47ab7' ],
4477 silly audit   '@prisma/fetch-engine': [ '6.19.3' ],
4477 silly audit   '@prisma/get-platform': [ '6.19.3' ],
4477 silly audit   confbox: [ '0.2.4' ],
4477 silly audit   defu: [ '6.1.7' ],
4477 silly audit   exsolve: [ '1.1.1' ],
4477 silly audit   giget: [ '2.0.0' ],
4477 silly audit   ohash: [ '2.0.12' ],
4477 silly audit   pathe: [ '2.0.3' ],
4477 silly audit   'perfect-debounce': [ '1.0.0' ],
4477 silly audit   'pkg-types': [ '2.3.1' ],
4477 silly audit   rc9: [ '2.1.2' ],
4477 silly audit   '@standard-schema/spec': [ '1.1.0' ],
4477 silly audit   'fast-check': [ '3.23.2' ],
4477 silly audit   citty: [ '0.1.6', '0.2.2' ],
4477 silly audit   consola: [ '3.4.2' ],
4477 silly audit   'node-fetch-native': [ '1.6.7' ],
4477 silly audit   nypm: [ '0.6.9' ],
4477 silly audit   tinyexec: [ '1.3.0' ],
4477 silly audit   kleur: [ '3.0.3' ],
4477 silly audit   sisteransi: [ '1.0.5' ],
4477 silly audit   forwarded: [ '0.2.0' ],
4477 silly audit   'ipaddr.js': [ '1.9.1' ],
4477 silly audit   'side-channel': [ '1.1.1' ],
4477 silly audit   unpipe: [ '1.0.0' ],
4477 silly audit   destr: [ '2.0.5' ],
4477 silly audit   scheduler: [ '0.27.0' ],
4477 silly audit   'core-util-is': [ '1.0.3' ],
4477 silly audit   isarray: [ '1.0.0' ],
4477 silly audit   'process-nextick-args': [ '2.0.1' ],
4477 silly audit   string_decoder: [ '1.1.1' ],
4477 silly audit   'util-deprecate': [ '1.0.2' ],
4477 silly audit   'is-core-module': [ '2.16.2' ],
4477 silly audit   'path-parse': [ '1.0.7' ],
4477 silly audit   'supports-preserve-symlinks-flag': [ '1.0.0' ],
4477 silly audit   'is-promise': [ '4.0.0' ],
4477 silly audit   '@types/json-schema': [ '7.0.15' ],
4477 silly audit   'ajv-keywords': [ '3.5.2', '5.1.0' ],
4477 silly audit   '@img/colour': [ '1.1.0' ],
4477 silly audit   '@img/sharp-darwin-arm64': [ '0.34.5' ],
4477 silly audit   '@img/sharp-darwin-x64': [ '0.34.5' ],
4477 silly audit   '@img/sharp-libvips-darwin-arm64': [ '1.2.4' ],
4477 silly audit   '@img/sharp-libvips-darwin-x64': [ '1.2.4' ],
4477 silly audit   '@img/sharp-libvips-linux-arm': [ '1.2.4' ],
4477 silly audit   '@img/sharp-libvips-linux-arm64': [ '1.2.4' ],
4477 silly audit   '@img/sharp-libvips-linux-ppc64': [ '1.2.4' ],
4477 silly audit   '@img/sharp-libvips-linux-riscv64': [ '1.2.4' ],
4477 silly audit   '@img/sharp-libvips-linux-s390x': [ '1.2.4' ],
4477 silly audit   '@img/sharp-libvips-linux-x64': [ '1.2.4' ],
4477 silly audit   '@img/sharp-libvips-linuxmusl-arm64': [ '1.2.4' ],
4477 silly audit   '@img/sharp-libvips-linuxmusl-x64': [ '1.2.4' ],
4477 silly audit   '@img/sharp-linux-arm': [ '0.34.5' ],
4477 silly audit   '@img/sharp-linux-arm64': [ '0.34.5' ],
4477 silly audit   '@img/sharp-linux-ppc64': [ '0.34.5' ],
4477 silly audit   '@img/sharp-linux-riscv64': [ '0.34.5' ],
4477 silly audit   '@img/sharp-linux-s390x': [ '0.34.5' ],
4477 silly audit   '@img/sharp-linux-x64': [ '0.34.5' ],
4477 silly audit   '@img/sharp-linuxmusl-arm64': [ '0.34.5' ],
4477 silly audit   '@img/sharp-linuxmusl-x64': [ '0.34.5' ],
4477 silly audit   '@img/sharp-wasm32': [ '0.34.5' ],
4477 silly audit   '@img/sharp-win32-arm64': [ '0.34.5' ],
4477 silly audit   '@img/sharp-win32-ia32': [ '0.34.5' ],
4477 silly audit   '@img/sharp-win32-x64': [ '0.34.5' ],
4477 silly audit   '@emnapi/runtime': [ '1.11.3' ],
4477 silly audit   'shebang-regex': [ '3.0.0' ],
4477 silly audit   'object-inspect': [ '1.13.4' ],
4477 silly audit   'side-channel-list': [ '1.0.1' ],
4477 silly audit   'side-channel-map': [ '1.0.1' ],
4477 silly audit   'side-channel-weakmap': [ '1.0.2' ],
4477 silly audit   'call-bound': [ '1.0.4' ],
4477 silly audit   'escape-string-regexp': [ '2.0.0' ],
4477 silly audit   'char-regex': [ '1.0.2' ],
4477 silly audit   'emoji-regex': [ '8.0.0' ],
4477 silly audit   'is-fullwidth-code-point': [ '3.0.0' ],
4477 silly audit   'ansi-regex': [ '5.0.1' ],
4477 silly audit   '@tokenizer/token': [ '0.3.0' ],
4477 silly audit   'client-only': [ '0.0.1' ],
4477 silly audit   methods: [ '1.1.2' ],
4477 silly audit   superagent: [ '10.3.0' ],
4477 silly audit   'component-emitter': [ '1.3.1' ],
4477 silly audit   cookiejar: [ '2.1.4' ],
4477 silly audit   formidable: [ '3.5.4' ],
4477 silly audit   mime: [ '2.6.0' ],
4477 silly audit   '@paralleldrive/cuid2': [ '2.3.1' ],
4477 silly audit   dezalgo: [ '1.0.4' ],
4477 silly audit   '@noble/hashes': [ '1.8.0' ],
4477 silly audit   asap: [ '2.0.6' ],
4477 silly audit   'has-flag': [ '4.0.0' ],
4477 silly audit   chownr: [ '2.0.0' ],
4477 silly audit   'fs-minipass': [ '2.1.0' ],
4477 silly audit   minizlib: [ '2.1.2' ],
4477 silly audit   'is-number': [ '7.0.0' ],
4477 silly audit   '@borewit/text-codec': [ '0.2.2' ],
4477 silly audit   'bs-logger': [ '0.2.6' ],
4477 silly audit   handlebars: [ '4.7.9' ],
4477 silly audit   'lodash.memoize': [ '4.1.2' ],
4477 silly audit   'make-error': [ '1.3.6' ],
4477 silly audit   'neo-async': [ '2.6.2' ],
4477 silly audit   'uglify-js': [ '3.19.3' ],
4477 silly audit   wordwrap: [ '1.0.0' ],
4477 silly audit   '@cspotcode/source-map-support': [ '0.8.1' ],
4477 silly audit   '@tsconfig/node10': [ '1.0.13' ],
4477 silly audit   '@tsconfig/node12': [ '1.0.11' ],
4477 silly audit   '@tsconfig/node14': [ '1.0.3' ],
4477 silly audit   '@tsconfig/node16': [ '1.0.4' ],
4477 silly audit   acorn: [ '8.18.0' ],
4477 silly audit   'acorn-walk': [ '8.3.5' ],
4477 silly audit   arg: [ '4.1.3' ],
4477 silly audit   'create-require': [ '1.1.1' ],
4477 silly audit   diff: [ '4.0.4' ],
4477 silly audit   'v8-compile-cache-lib': [ '3.0.1' ],
4477 silly audit   yn: [ '3.1.1' ],
4477 silly audit   'media-typer': [ '1.1.1', '0.3.0' ],
4477 silly audit   '@lukeed/csprng': [ '1.1.0' ],
4477 silly audit   escalade: [ '3.2.0' ],
4477 silly audit   makeerror: [ '1.0.12' ],
4477 silly audit   tmpl: [ '1.0.5' ],
4477 silly audit   defaults: [ '1.0.4' ],
4477 silly audit   clone: [ '1.0.4' ],
4477 silly audit   '@types/estree': [ '1.0.9' ],
4477 silly audit   '@webassemblyjs/ast': [ '1.14.1' ],
4477 silly audit   '@webassemblyjs/wasm-edit': [ '1.14.1' ],
4477 silly audit   '@webassemblyjs/wasm-parser': [ '1.14.1' ],
4477 silly audit   'chrome-trace-event': [ '1.0.4' ],
4477 silly audit   'es-module-lexer': [ '2.3.2' ],
4477 silly audit   'eslint-scope': [ '5.1.1' ],
4477 silly audit   events: [ '3.3.0' ],
4477 silly audit   'minimizer-webpack-plugin': [ '5.6.1' ],
4477 silly audit   watchpack: [ '2.5.2' ],
4477 silly audit   'webpack-sources': [ '3.5.1' ],
4477 silly audit   '@webassemblyjs/helper-numbers': [ '1.13.2' ],
4477 silly audit   '@webassemblyjs/helper-wasm-bytecode': [ '1.13.2' ],
4477 silly audit   '@webassemblyjs/floating-point-hex-parser': [ '1.13.2' ],
4477 silly audit   '@webassemblyjs/helper-api-error': [ '1.13.2' ],
4477 silly audit   '@xtuc/long': [ '4.2.2' ],
4477 silly audit   '@webassemblyjs/helper-buffer': [ '1.14.1' ],
4477 silly audit   '@webassemblyjs/helper-wasm-section': [ '1.14.1' ],
4477 silly audit   '@webassemblyjs/wasm-gen': [ '1.14.1' ],
4477 silly audit   '@webassemblyjs/wasm-opt': [ '1.14.1' ],
4477 silly audit   '@webassemblyjs/wast-printer': [ '1.14.1' ],
4477 silly audit   '@webassemblyjs/ieee754': [ '1.13.2' ],
4477 silly audit   '@webassemblyjs/leb128': [ '1.13.2' ],
4477 silly audit   '@webassemblyjs/utf8': [ '1.13.2' ],
4477 silly audit   '@xtuc/ieee754': [ '1.2.0' ],
4477 silly audit   esrecurse: [ '4.3.0' ],
4477 silly audit   estraverse: [ '4.3.0', '5.3.0' ],
4477 silly audit   terser: [ '5.50.0' ],
4477 silly audit   '@jridgewell/source-map': [ '0.3.11' ],
4477 silly audit   tr46: [ '0.0.3' ],
4477 silly audit   'webidl-conversions': [ '3.0.1' ],
4477 silly audit   isexe: [ '2.0.0' ],
4477 silly audit   imurmurhash: [ '0.1.4' ],
4477 silly audit   cliui: [ '8.0.1' ],
4477 silly audit   'get-caller-file': [ '2.0.5' ],
4477 silly audit   'require-directory': [ '2.1.1' ],
4477 silly audit   y18n: [ '5.0.8' ],
4477 silly audit   'sprintf-js': [ '1.0.3' ],
4477 silly audit   'fs.realpath': [ '1.0.0' ],
4477 silly audit   inflight: [ '1.0.6' ],
4477 silly audit   'path-is-absolute': [ '1.0.1' ],
4477 silly audit   '@types/eslint-scope': [ '3.7.7' ],
4477 silly audit   'acorn-import-phases': [ '1.0.4' ],
4477 silly audit   'glob-to-regexp': [ '0.4.1' ],
4477 silly audit   'loader-runner': [ '4.3.2' ],
4477 silly audit   'terser-webpack-plugin': [ '5.6.1' ],
4477 silly audit   '@types/eslint': [ '9.6.1' ],
4477 silly audit   'p-try': [ '2.2.0' ],
4477 silly audit   'uri-js': [ '4.4.1' ],
4477 silly audit   punycode: [ '2.3.1' ]
4477 silly audit }
4478 http cache punycode@https://registry.npmjs.org/punycode/-/punycode-2.3.1.tgz 1ms (cache hit)
4479 http cache uri-js@https://registry.npmjs.org/uri-js/-/uri-js-4.4.1.tgz 0ms (cache hit)
4480 http cache ajv-keywords@https://registry.npmjs.org/ajv-keywords/-/ajv-keywords-5.1.0.tgz 0ms (cache hit)
4481 http cache p-try@https://registry.npmjs.org/p-try/-/p-try-2.2.0.tgz 0ms (cache hit)
4482 http cache @types/eslint@https://registry.npmjs.org/@types/eslint/-/eslint-9.6.1.tgz 0ms (cache hit)
4483 http cache loader-runner@https://registry.npmjs.org/loader-runner/-/loader-runner-4.3.2.tgz 0ms (cache hit)
4484 http cache glob-to-regexp@https://registry.npmjs.org/glob-to-regexp/-/glob-to-regexp-0.4.1.tgz 0ms (cache hit)
4485 http cache acorn-import-phases@https://registry.npmjs.org/acorn-import-phases/-/acorn-import-phases-1.0.4.tgz 0ms (cache hit)
4486 http cache @types/eslint-scope@https://registry.npmjs.org/@types/eslint-scope/-/eslint-scope-3.7.7.tgz 0ms (cache hit)
4487 http cache path-is-absolute@https://registry.npmjs.org/path-is-absolute/-/path-is-absolute-1.0.1.tgz 0ms (cache hit)
4488 http cache fs.realpath@https://registry.npmjs.org/fs.realpath/-/fs.realpath-1.0.0.tgz 0ms (cache hit)
4489 http cache sprintf-js@https://registry.npmjs.org/sprintf-js/-/sprintf-js-1.0.3.tgz 0ms (cache hit)
4490 http cache y18n@https://registry.npmjs.org/y18n/-/y18n-5.0.8.tgz 0ms (cache hit)
4491 http cache terser-webpack-plugin@https://registry.npmjs.org/terser-webpack-plugin/-/terser-webpack-plugin-5.6.1.tgz 0ms (cache hit)
4492 http cache require-directory@https://registry.npmjs.org/require-directory/-/require-directory-2.1.1.tgz 0ms (cache hit)
4493 http cache get-caller-file@https://registry.npmjs.org/get-caller-file/-/get-caller-file-2.0.5.tgz 0ms (cache hit)
4494 http cache cliui@https://registry.npmjs.org/cliui/-/cliui-8.0.1.tgz 0ms (cache hit)
4495 http cache inflight@https://registry.npmjs.org/inflight/-/inflight-1.0.6.tgz 0ms (cache hit)
4496 http cache imurmurhash@https://registry.npmjs.org/imurmurhash/-/imurmurhash-0.1.4.tgz 0ms (cache hit)
4497 http cache isexe@https://registry.npmjs.org/isexe/-/isexe-2.0.0.tgz 0ms (cache hit)
4498 http cache tr46@https://registry.npmjs.org/tr46/-/tr46-0.0.3.tgz 0ms (cache hit)
4499 http cache webidl-conversions@https://registry.npmjs.org/webidl-conversions/-/webidl-conversions-3.0.1.tgz 0ms (cache hit)
4500 http cache @jridgewell/source-map@https://registry.npmjs.org/@jridgewell/source-map/-/source-map-0.3.11.tgz 0ms (cache hit)
4501 http cache terser@https://registry.npmjs.org/terser/-/terser-5.50.0.tgz 0ms (cache hit)
4502 http cache estraverse@https://registry.npmjs.org/estraverse/-/estraverse-4.3.0.tgz 0ms (cache hit)
4503 http cache esrecurse@https://registry.npmjs.org/esrecurse/-/esrecurse-4.3.0.tgz 0ms (cache hit)
4504 http cache @xtuc/ieee754@https://registry.npmjs.org/@xtuc/ieee754/-/ieee754-1.2.0.tgz 0ms (cache hit)
4505 http cache @webassemblyjs/utf8@https://registry.npmjs.org/@webassemblyjs/utf8/-/utf8-1.13.2.tgz 0ms (cache hit)
4506 http cache @webassemblyjs/leb128@https://registry.npmjs.org/@webassemblyjs/leb128/-/leb128-1.13.2.tgz 0ms (cache hit)
4507 http cache @webassemblyjs/ieee754@https://registry.npmjs.org/@webassemblyjs/ieee754/-/ieee754-1.13.2.tgz 0ms (cache hit)
4508 http cache @webassemblyjs/wasm-gen@https://registry.npmjs.org/@webassemblyjs/wasm-gen/-/wasm-gen-1.14.1.tgz 0ms (cache hit)
4509 http cache @webassemblyjs/wasm-opt@https://registry.npmjs.org/@webassemblyjs/wasm-opt/-/wasm-opt-1.14.1.tgz 0ms (cache hit)
4510 http cache @webassemblyjs/helper-wasm-section@https://registry.npmjs.org/@webassemblyjs/helper-wasm-section/-/helper-wasm-section-1.14.1.tgz 0ms (cache hit)
4511 http cache @xtuc/long@https://registry.npmjs.org/@xtuc/long/-/long-4.2.2.tgz 0ms (cache hit)
4512 http cache @webassemblyjs/helper-buffer@https://registry.npmjs.org/@webassemblyjs/helper-buffer/-/helper-buffer-1.14.1.tgz 0ms (cache hit)
4513 http cache @webassemblyjs/floating-point-hex-parser@https://registry.npmjs.org/@webassemblyjs/floating-point-hex-parser/-/floating-point-hex-parser-1.13.2.tgz 0ms (cache hit)
4514 http cache @webassemblyjs/wast-printer@https://registry.npmjs.org/@webassemblyjs/wast-printer/-/wast-printer-1.14.1.tgz 0ms (cache hit)
4515 http cache @webassemblyjs/helper-api-error@https://registry.npmjs.org/@webassemblyjs/helper-api-error/-/helper-api-error-1.13.2.tgz 0ms (cache hit)
4516 http cache @webassemblyjs/helper-wasm-bytecode@https://registry.npmjs.org/@webassemblyjs/helper-wasm-bytecode/-/helper-wasm-bytecode-1.13.2.tgz 0ms (cache hit)
4517 http cache webpack-sources@https://registry.npmjs.org/webpack-sources/-/webpack-sources-3.5.1.tgz 0ms (cache hit)
4518 http cache @webassemblyjs/helper-numbers@https://registry.npmjs.org/@webassemblyjs/helper-numbers/-/helper-numbers-1.13.2.tgz 0ms (cache hit)
4519 http cache minimizer-webpack-plugin@https://registry.npmjs.org/minimizer-webpack-plugin/-/minimizer-webpack-plugin-5.6.1.tgz 0ms (cache hit)
4520 http cache watchpack@https://registry.npmjs.org/watchpack/-/watchpack-2.5.2.tgz 0ms (cache hit)
4521 http cache events@https://registry.npmjs.org/events/-/events-3.3.0.tgz 0ms (cache hit)
4522 http cache eslint-scope@https://registry.npmjs.org/eslint-scope/-/eslint-scope-5.1.1.tgz 0ms (cache hit)
4523 http cache es-module-lexer@https://registry.npmjs.org/es-module-lexer/-/es-module-lexer-2.3.2.tgz 0ms (cache hit)
4524 http cache @webassemblyjs/wasm-parser@https://registry.npmjs.org/@webassemblyjs/wasm-parser/-/wasm-parser-1.14.1.tgz 0ms (cache hit)
4525 http cache chrome-trace-event@https://registry.npmjs.org/chrome-trace-event/-/chrome-trace-event-1.0.4.tgz 0ms (cache hit)
4526 http cache @webassemblyjs/wasm-edit@https://registry.npmjs.org/@webassemblyjs/wasm-edit/-/wasm-edit-1.14.1.tgz 0ms (cache hit)
4527 http cache @webassemblyjs/ast@https://registry.npmjs.org/@webassemblyjs/ast/-/ast-1.14.1.tgz 0ms (cache hit)
4528 http cache @types/estree@https://registry.npmjs.org/@types/estree/-/estree-1.0.9.tgz 0ms (cache hit)
4529 http cache defaults@https://registry.npmjs.org/defaults/-/defaults-1.0.4.tgz 0ms (cache hit)
4530 http cache clone@https://registry.npmjs.org/clone/-/clone-1.0.4.tgz 0ms (cache hit)
4531 http cache tmpl@https://registry.npmjs.org/tmpl/-/tmpl-1.0.5.tgz 0ms (cache hit)
4532 http cache makeerror@https://registry.npmjs.org/makeerror/-/makeerror-1.0.12.tgz 0ms (cache hit)
4533 http cache escalade@https://registry.npmjs.org/escalade/-/escalade-3.2.0.tgz 0ms (cache hit)
4534 http cache @lukeed/csprng@https://registry.npmjs.org/@lukeed/csprng/-/csprng-1.1.0.tgz 0ms (cache hit)
4535 http cache v8-compile-cache-lib@https://registry.npmjs.org/v8-compile-cache-lib/-/v8-compile-cache-lib-3.0.1.tgz 0ms (cache hit)
4536 http cache yn@https://registry.npmjs.org/yn/-/yn-3.1.1.tgz 0ms (cache hit)
4537 http cache media-typer@https://registry.npmjs.org/media-typer/-/media-typer-1.1.1.tgz 0ms (cache hit)
4538 http cache diff@https://registry.npmjs.org/diff/-/diff-4.0.4.tgz 0ms (cache hit)
4539 http cache create-require@https://registry.npmjs.org/create-require/-/create-require-1.1.1.tgz 0ms (cache hit)
4540 http cache arg@https://registry.npmjs.org/arg/-/arg-4.1.3.tgz 0ms (cache hit)
4541 http cache acorn-walk@https://registry.npmjs.org/acorn-walk/-/acorn-walk-8.3.5.tgz 0ms (cache hit)
4542 http cache @tsconfig/node16@https://registry.npmjs.org/@tsconfig/node16/-/node16-1.0.4.tgz 0ms (cache hit)
4543 http cache @tsconfig/node14@https://registry.npmjs.org/@tsconfig/node14/-/node14-1.0.3.tgz 0ms (cache hit)
4544 http cache @tsconfig/node10@https://registry.npmjs.org/@tsconfig/node10/-/node10-1.0.13.tgz 0ms (cache hit)
4545 http cache @tsconfig/node12@https://registry.npmjs.org/@tsconfig/node12/-/node12-1.0.11.tgz 0ms (cache hit)
4546 http cache @cspotcode/source-map-support@https://registry.npmjs.org/@cspotcode/source-map-support/-/source-map-support-0.8.1.tgz 0ms (cache hit)
4547 http cache acorn@https://registry.npmjs.org/acorn/-/acorn-8.18.0.tgz 0ms (cache hit)
4548 http cache uglify-js@https://registry.npmjs.org/uglify-js/-/uglify-js-3.19.3.tgz 0ms (cache hit)
4549 http cache neo-async@https://registry.npmjs.org/neo-async/-/neo-async-2.6.2.tgz 0ms (cache hit)
4550 http cache wordwrap@https://registry.npmjs.org/wordwrap/-/wordwrap-1.0.0.tgz 0ms (cache hit)
4551 http cache lodash.memoize@https://registry.npmjs.org/lodash.memoize/-/lodash.memoize-4.1.2.tgz 0ms (cache hit)
4552 http cache handlebars@https://registry.npmjs.org/handlebars/-/handlebars-4.7.9.tgz 0ms (cache hit)
4553 http cache bs-logger@https://registry.npmjs.org/bs-logger/-/bs-logger-0.2.6.tgz 0ms (cache hit)
4554 http cache @borewit/text-codec@https://registry.npmjs.org/@borewit/text-codec/-/text-codec-0.2.2.tgz 0ms (cache hit)
4555 http cache make-error@https://registry.npmjs.org/make-error/-/make-error-1.3.6.tgz 0ms (cache hit)
4556 http cache is-number@https://registry.npmjs.org/is-number/-/is-number-7.0.0.tgz 0ms (cache hit)
4557 http cache minizlib@https://registry.npmjs.org/minizlib/-/minizlib-2.1.2.tgz 0ms (cache hit)
4558 http cache chownr@https://registry.npmjs.org/chownr/-/chownr-2.0.0.tgz 0ms (cache hit)
4559 http cache has-flag@https://registry.npmjs.org/has-flag/-/has-flag-4.0.0.tgz 0ms (cache hit)
4560 http cache fs-minipass@https://registry.npmjs.org/fs-minipass/-/fs-minipass-2.1.0.tgz 0ms (cache hit)
4561 http cache asap@https://registry.npmjs.org/asap/-/asap-2.0.6.tgz 0ms (cache hit)
4562 http cache @noble/hashes@https://registry.npmjs.org/@noble/hashes/-/hashes-1.8.0.tgz 0ms (cache hit)
4563 http cache @paralleldrive/cuid2@https://registry.npmjs.org/@paralleldrive/cuid2/-/cuid2-2.3.1.tgz 0ms (cache hit)
4564 http cache dezalgo@https://registry.npmjs.org/dezalgo/-/dezalgo-1.0.4.tgz 0ms (cache hit)
4565 http cache formidable@https://registry.npmjs.org/formidable/-/formidable-3.5.4.tgz 0ms (cache hit)
4566 http cache cookiejar@https://registry.npmjs.org/cookiejar/-/cookiejar-2.1.4.tgz 0ms (cache hit)
4567 http cache superagent@https://registry.npmjs.org/superagent/-/superagent-10.3.0.tgz 0ms (cache hit)
4568 http cache component-emitter@https://registry.npmjs.org/component-emitter/-/component-emitter-1.3.1.tgz 0ms (cache hit)
4569 http cache client-only@https://registry.npmjs.org/client-only/-/client-only-0.0.1.tgz 0ms (cache hit)
4570 http cache mime@https://registry.npmjs.org/mime/-/mime-2.6.0.tgz 0ms (cache hit)
4571 http cache methods@https://registry.npmjs.org/methods/-/methods-1.1.2.tgz 0ms (cache hit)
4572 http cache @tokenizer/token@https://registry.npmjs.org/@tokenizer/token/-/token-0.3.0.tgz 0ms (cache hit)
4573 http cache is-fullwidth-code-point@https://registry.npmjs.org/is-fullwidth-code-point/-/is-fullwidth-code-point-3.0.0.tgz 0ms (cache hit)
4574 http cache emoji-regex@https://registry.npmjs.org/emoji-regex/-/emoji-regex-8.0.0.tgz 0ms (cache hit)
4575 http cache ansi-regex@https://registry.npmjs.org/ansi-regex/-/ansi-regex-5.0.1.tgz 0ms (cache hit)
4576 http cache escape-string-regexp@https://registry.npmjs.org/escape-string-regexp/-/escape-string-regexp-2.0.0.tgz 0ms (cache hit)
4577 http cache char-regex@https://registry.npmjs.org/char-regex/-/char-regex-1.0.2.tgz 0ms (cache hit)
4578 http cache call-bound@https://registry.npmjs.org/call-bound/-/call-bound-1.0.4.tgz 0ms (cache hit)
4579 http cache side-channel-weakmap@https://registry.npmjs.org/side-channel-weakmap/-/side-channel-weakmap-1.0.2.tgz 0ms (cache hit)
4580 http cache side-channel-list@https://registry.npmjs.org/side-channel-list/-/side-channel-list-1.0.1.tgz 0ms (cache hit)
4581 http cache object-inspect@https://registry.npmjs.org/object-inspect/-/object-inspect-1.13.4.tgz 0ms (cache hit)
4582 http cache side-channel-map@https://registry.npmjs.org/side-channel-map/-/side-channel-map-1.0.1.tgz 0ms (cache hit)
4583 http cache shebang-regex@https://registry.npmjs.org/shebang-regex/-/shebang-regex-3.0.0.tgz 0ms (cache hit)
4584 http cache @img/sharp-libvips-darwin-arm64@https://registry.npmjs.org/@img/sharp-libvips-darwin-arm64/-/sharp-libvips-darwin-arm64-1.2.4.tgz 0ms (cache hit)
4585 http cache @img/sharp-darwin-arm64@https://registry.npmjs.org/@img/sharp-darwin-arm64/-/sharp-darwin-arm64-0.34.5.tgz 0ms (cache hit)
4586 http cache @img/colour@https://registry.npmjs.org/@img/colour/-/colour-1.1.0.tgz 0ms (cache hit)
4587 http cache @types/json-schema@https://registry.npmjs.org/@types/json-schema/-/json-schema-7.0.15.tgz 0ms (cache hit)
4588 http cache supports-preserve-symlinks-flag@https://registry.npmjs.org/supports-preserve-symlinks-flag/-/supports-preserve-symlinks-flag-1.0.0.tgz 0ms (cache hit)
4589 http cache path-parse@https://registry.npmjs.org/path-parse/-/path-parse-1.0.7.tgz 0ms (cache hit)
4590 http cache util-deprecate@https://registry.npmjs.org/util-deprecate/-/util-deprecate-1.0.2.tgz 0ms (cache hit)
4591 http cache string_decoder@https://registry.npmjs.org/string_decoder/-/string_decoder-1.1.1.tgz 0ms (cache hit)
4592 http cache process-nextick-args@https://registry.npmjs.org/process-nextick-args/-/process-nextick-args-2.0.1.tgz 0ms (cache hit)
4593 http cache is-core-module@https://registry.npmjs.org/is-core-module/-/is-core-module-2.16.2.tgz 0ms (cache hit)
4594 http cache isarray@https://registry.npmjs.org/isarray/-/isarray-1.0.0.tgz 0ms (cache hit)
4595 http cache is-promise@https://registry.npmjs.org/is-promise/-/is-promise-4.0.0.tgz 0ms (cache hit)
4596 http cache scheduler@https://registry.npmjs.org/scheduler/-/scheduler-0.27.0.tgz 0ms (cache hit)
4597 http cache destr@https://registry.npmjs.org/destr/-/destr-2.0.5.tgz 0ms (cache hit)
4598 http cache core-util-is@https://registry.npmjs.org/core-util-is/-/core-util-is-1.0.3.tgz 0ms (cache hit)
4599 http cache unpipe@https://registry.npmjs.org/unpipe/-/unpipe-1.0.0.tgz 0ms (cache hit)
4600 http cache forwarded@https://registry.npmjs.org/forwarded/-/forwarded-0.2.0.tgz 0ms (cache hit)
4601 http cache sisteransi@https://registry.npmjs.org/sisteransi/-/sisteransi-1.0.5.tgz 0ms (cache hit)
4602 http cache side-channel@https://registry.npmjs.org/side-channel/-/side-channel-1.1.1.tgz 0ms (cache hit)
4603 http cache kleur@https://registry.npmjs.org/kleur/-/kleur-3.0.3.tgz 0ms (cache hit)
4604 http cache tinyexec@https://registry.npmjs.org/tinyexec/-/tinyexec-1.3.0.tgz 0ms (cache hit)
4605 http cache nypm@https://registry.npmjs.org/nypm/-/nypm-0.6.9.tgz 0ms (cache hit)
4606 http cache node-fetch-native@https://registry.npmjs.org/node-fetch-native/-/node-fetch-native-1.6.7.tgz 0ms (cache hit)
4607 http cache consola@https://registry.npmjs.org/consola/-/consola-3.4.2.tgz 0ms (cache hit)
4608 http cache ipaddr.js@https://registry.npmjs.org/ipaddr.js/-/ipaddr.js-1.9.1.tgz 0ms (cache hit)
4609 http cache citty@https://registry.npmjs.org/citty/-/citty-0.1.6.tgz 0ms (cache hit)
4610 http cache fast-check@https://registry.npmjs.org/fast-check/-/fast-check-3.23.2.tgz 0ms (cache hit)
4611 http cache rc9@https://registry.npmjs.org/rc9/-/rc9-2.1.2.tgz 0ms (cache hit)
4612 http cache pkg-types@https://registry.npmjs.org/pkg-types/-/pkg-types-2.3.1.tgz 0ms (cache hit)
4613 http cache @standard-schema/spec@https://registry.npmjs.org/@standard-schema/spec/-/spec-1.1.0.tgz 0ms (cache hit)
4614 http cache perfect-debounce@https://registry.npmjs.org/perfect-debounce/-/perfect-debounce-1.0.0.tgz 0ms (cache hit)
4615 http cache pathe@https://registry.npmjs.org/pathe/-/pathe-2.0.3.tgz 0ms (cache hit)
4616 http cache ohash@https://registry.npmjs.org/ohash/-/ohash-2.0.12.tgz 0ms (cache hit)
4617 http cache giget@https://registry.npmjs.org/giget/-/giget-2.0.0.tgz 0ms (cache hit)
4618 http cache exsolve@https://registry.npmjs.org/exsolve/-/exsolve-1.1.1.tgz 0ms (cache hit)
4619 http cache defu@https://registry.npmjs.org/defu/-/defu-6.1.7.tgz 0ms (cache hit)
4620 http cache confbox@https://registry.npmjs.org/confbox/-/confbox-0.2.4.tgz 0ms (cache hit)
4621 http cache @prisma/fetch-engine@https://registry.npmjs.org/@prisma/fetch-engine/-/fetch-engine-6.19.3.tgz 0ms (cache hit)
4622 http cache @prisma/engines-version@https://registry.npmjs.org/@prisma/engines-version/-/engines-version-7.1.1-3.c2990dca591cba766e3b7ef5d9e8a84796e47ab7.tgz 0ms (cache hit)
4623 http cache @prisma/debug@https://registry.npmjs.org/@prisma/debug/-/debug-6.19.3.tgz 0ms (cache hit)
4624 http cache @prisma/get-platform@https://registry.npmjs.org/@prisma/get-platform/-/get-platform-6.19.3.tgz 0ms (cache hit)
4625 http cache empathic@https://registry.npmjs.org/empathic/-/empathic-2.0.0.tgz 0ms (cache hit)
4626 http cache effect@https://registry.npmjs.org/effect/-/effect-3.21.0.tgz 0ms (cache hit)
4627 http cache c12@https://registry.npmjs.org/c12/-/c12-3.1.0.tgz 0ms (cache hit)
4628 http cache @prisma/engines@https://registry.npmjs.org/@prisma/engines/-/engines-6.19.3.tgz 0ms (cache hit)
4629 http cache react-is@https://registry.npmjs.org/react-is/-/react-is-18.3.1.tgz 0ms (cache hit)
4630 http cache nanoid@https://registry.npmjs.org/nanoid/-/nanoid-3.3.18.tgz 0ms (cache hit)
4631 http cache utils-merge@https://registry.npmjs.org/utils-merge/-/utils-merge-1.0.1.tgz 0ms (cache hit)
4632 http cache pause@https://registry.npmjs.org/pause/-/pause-0.0.1.tgz 0ms (cache hit)
4633 http cache deepmerge-ts@https://registry.npmjs.org/deepmerge-ts/-/deepmerge-ts-7.1.5.tgz 0ms (cache hit)
4634 http cache passport-strategy@https://registry.npmjs.org/passport-strategy/-/passport-strategy-1.0.0.tgz 0ms (cache hit)
4635 http cache @prisma/config@https://registry.npmjs.org/@prisma/config/-/config-6.19.3.tgz 0ms (cache hit)
4636 http cache lines-and-columns@https://registry.npmjs.org/lines-and-columns/-/lines-and-columns-1.2.4.tgz 0ms (cache hit)
4637 http cache error-ex@https://registry.npmjs.org/error-ex/-/error-ex-1.3.4.tgz 0ms (cache hit)
4638 http cache yocto-queue@https://registry.npmjs.org/yocto-queue/-/yocto-queue-0.1.0.tgz 0ms (cache hit)
4639 http cache json-parse-even-better-errors@https://registry.npmjs.org/json-parse-even-better-errors/-/json-parse-even-better-errors-2.3.1.tgz 0ms (cache hit)
4640 http cache restore-cursor@https://registry.npmjs.org/restore-cursor/-/restore-cursor-3.1.0.tgz 0ms (cache hit)
4641 http cache ieee754@https://registry.npmjs.org/ieee754/-/ieee754-1.2.1.tgz 0ms (cache hit)
4642 http cache buffer@https://registry.npmjs.org/buffer/-/buffer-5.7.1.tgz 0ms (cache hit)
4643 http cache wcwidth@https://registry.npmjs.org/wcwidth/-/wcwidth-1.0.1.tgz 0ms (cache hit)
4644 http cache is-arrayish@https://registry.npmjs.org/is-arrayish/-/is-arrayish-0.2.1.tgz 0ms (cache hit)
4645 http cache log-symbols@https://registry.npmjs.org/log-symbols/-/log-symbols-4.1.0.tgz 0ms (cache hit)
4646 http cache is-unicode-supported@https://registry.npmjs.org/is-unicode-supported/-/is-unicode-supported-0.1.0.tgz 0ms (cache hit)
4647 http cache base64-js@https://registry.npmjs.org/base64-js/-/base64-js-1.5.1.tgz 0ms (cache hit)
4648 http cache cli-spinners@https://registry.npmjs.org/cli-spinners/-/cli-spinners-2.9.2.tgz 0ms (cache hit)
4649 http cache bl@https://registry.npmjs.org/bl/-/bl-4.1.0.tgz 0ms (cache hit)
4650 http cache mimic-fn@https://registry.npmjs.org/mimic-fn/-/mimic-fn-2.1.0.tgz 0ms (cache hit)
4651 http cache wrappy@https://registry.npmjs.org/wrappy/-/wrappy-1.0.2.tgz 0ms (cache hit)
4652 http cache is-interactive@https://registry.npmjs.org/is-interactive/-/is-interactive-1.0.0.tgz 0ms (cache hit)
4653 http cache ee-first@https://registry.npmjs.org/ee-first/-/ee-first-1.1.1.tgz 0ms (cache hit)
4654 http cache wide-align@https://registry.npmjs.org/wide-align/-/wide-align-1.1.5.tgz 0ms (cache hit)
4655 http cache has-unicode@https://registry.npmjs.org/has-unicode/-/has-unicode-2.0.1.tgz 0ms (cache hit)
4656 http cache color-support@https://registry.npmjs.org/color-support/-/color-support-1.1.3.tgz 0ms (cache hit)
4657 http cache aproba@https://registry.npmjs.org/aproba/-/aproba-2.1.0.tgz 1ms (cache hit)
4658 http cache delegates@https://registry.npmjs.org/delegates/-/delegates-1.0.0.tgz 0ms (cache hit)
4659 http cache set-blocking@https://registry.npmjs.org/set-blocking/-/set-blocking-2.0.0.tgz 0ms (cache hit)
4660 http cache gauge@https://registry.npmjs.org/gauge/-/gauge-3.0.2.tgz 0ms (cache hit)
4661 http cache console-control-strings@https://registry.npmjs.org/console-control-strings/-/console-control-strings-1.1.0.tgz 0ms (cache hit)
4662 http cache are-we-there-yet@https://registry.npmjs.org/are-we-there-yet/-/are-we-there-yet-2.0.0.tgz 0ms (cache hit)
4663 http cache abbrev@https://registry.npmjs.org/abbrev/-/abbrev-1.1.1.tgz 0ms (cache hit)
4664 http cache whatwg-url@https://registry.npmjs.org/whatwg-url/-/whatwg-url-5.0.0.tgz 0ms (cache hit)
4665 http cache styled-jsx@https://registry.npmjs.org/styled-jsx/-/styled-jsx-5.1.6.tgz 0ms (cache hit)
4666 http cache cli-cursor@https://registry.npmjs.org/cli-cursor/-/cli-cursor-3.1.0.tgz 0ms (cache hit)
4667 http cache @next/swc-darwin-arm64@https://registry.npmjs.org/@next/swc-darwin-arm64/-/swc-darwin-arm64-15.5.23.tgz 0ms (cache hit)
4668 http cache @next/env@https://registry.npmjs.org/@next/env/-/env-15.5.23.tgz 0ms (cache hit)
4669 http cache sharp@https://registry.npmjs.org/sharp/-/sharp-0.34.5.tgz 0ms (cache hit)
4670 http cache @swc/helpers@https://registry.npmjs.org/@swc/helpers/-/helpers-0.5.15.tgz 0ms (cache hit)
4671 http cache typedarray@https://registry.npmjs.org/typedarray/-/typedarray-0.0.6.tgz 0ms (cache hit)
4672 http cache readable-stream@https://registry.npmjs.org/readable-stream/-/readable-stream-2.3.8.tgz 0ms (cache hit)
4673 http cache streamsearch@https://registry.npmjs.org/streamsearch/-/streamsearch-1.1.0.tgz 0ms (cache hit)
4674 http cache xtend@https://registry.npmjs.org/xtend/-/xtend-4.0.2.tgz 0ms (cache hit)
4675 http cache minimist@https://registry.npmjs.org/minimist/-/minimist-1.2.8.tgz 0ms (cache hit)
4676 http cache buffer-from@https://registry.npmjs.org/buffer-from/-/buffer-from-1.1.2.tgz 0ms (cache hit)
4677 http cache mkdirp@https://registry.npmjs.org/mkdirp/-/mkdirp-0.5.6.tgz 0ms (cache hit)
4678 http cache busboy@https://registry.npmjs.org/busboy/-/busboy-1.6.0.tgz 0ms (cache hit)
4679 http cache concat-stream@https://registry.npmjs.org/concat-stream/-/concat-stream-1.6.2.tgz 0ms (cache hit)
4680 http cache motion-utils@https://registry.npmjs.org/motion-utils/-/motion-utils-12.39.0.tgz 0ms (cache hit)
4681 http cache motion-dom@https://registry.npmjs.org/motion-dom/-/motion-dom-12.43.0.tgz 0ms (cache hit)
4682 http cache append-field@https://registry.npmjs.org/append-field/-/append-field-1.0.0.tgz 0ms (cache hit)
4683 http cache concat-map@https://registry.npmjs.org/concat-map/-/concat-map-0.0.1.tgz 0ms (cache hit)
4684 http cache balanced-match@https://registry.npmjs.org/balanced-match/-/balanced-match-1.0.2.tgz 0ms (cache hit)
4685 http cache brace-expansion@https://registry.npmjs.org/brace-expansion/-/brace-expansion-1.1.18.tgz 0ms (cache hit)
4686 http cache mime-db@https://registry.npmjs.org/mime-db/-/mime-db-1.54.0.tgz 0ms (cache hit)
4687 http cache framer-motion@https://registry.npmjs.org/framer-motion/-/framer-motion-12.43.0.tgz 0ms (cache hit)
4688 http cache to-regex-range@https://registry.npmjs.org/to-regex-range/-/to-regex-range-5.0.1.tgz 0ms (cache hit)
4689 http cache fill-range@https://registry.npmjs.org/fill-range/-/fill-range-7.1.1.tgz 0ms (cache hit)
4690 http cache fs-monkey@https://registry.npmjs.org/fs-monkey/-/fs-monkey-1.1.0.tgz 0ms (cache hit)
4691 http cache braces@https://registry.npmjs.org/braces/-/braces-3.0.3.tgz 0ms (cache hit)
4692 http cache p-locate@https://registry.npmjs.org/p-locate/-/p-locate-4.1.0.tgz 0ms (cache hit)
4693 http cache lightningcss-darwin-arm64@https://registry.npmjs.org/lightningcss-darwin-arm64/-/lightningcss-darwin-arm64-1.32.0.tgz 0ms (cache hit)
4694 http cache buffer-equal-constant-time@https://registry.npmjs.org/buffer-equal-constant-time/-/buffer-equal-constant-time-1.0.1.tgz 0ms (cache hit)
4695 http cache safe-buffer@https://registry.npmjs.org/safe-buffer/-/safe-buffer-5.2.1.tgz 0ms (cache hit)
4696 http cache jwa@https://registry.npmjs.org/jwa/-/jwa-2.0.1.tgz 0ms (cache hit)
4697 http cache ecdsa-sig-formatter@https://registry.npmjs.org/ecdsa-sig-formatter/-/ecdsa-sig-formatter-1.0.11.tgz 0ms (cache hit)
4698 http cache lodash.isstring@https://registry.npmjs.org/lodash.isstring/-/lodash.isstring-4.0.1.tgz 1ms (cache hit)
4699 http cache lodash.isplainobject@https://registry.npmjs.org/lodash.isplainobject/-/lodash.isplainobject-4.0.6.tgz 0ms (cache hit)
4700 http cache yallist@https://registry.npmjs.org/yallist/-/yallist-3.1.1.tgz 0ms (cache hit)
4701 http cache lodash.isnumber@https://registry.npmjs.org/lodash.isnumber/-/lodash.isnumber-3.0.3.tgz 0ms (cache hit)
4702 http cache lodash.isboolean@https://registry.npmjs.org/lodash.isboolean/-/lodash.isboolean-3.0.3.tgz 0ms (cache hit)
4703 http cache lodash.once@https://registry.npmjs.org/lodash.once/-/lodash.once-4.1.1.tgz 0ms (cache hit)
4704 http cache lodash.isinteger@https://registry.npmjs.org/lodash.isinteger/-/lodash.isinteger-4.0.4.tgz 0ms (cache hit)
4705 http cache lodash.includes@https://registry.npmjs.org/lodash.includes/-/lodash.includes-4.3.0.tgz 0ms (cache hit)
4706 http cache jws@https://registry.npmjs.org/jws/-/jws-4.0.1.tgz 0ms (cache hit)
4707 http cache argparse@https://registry.npmjs.org/argparse/-/argparse-2.0.1.tgz 0ms (cache hit)
4708 http cache @babel/plugin-syntax-typescript@https://registry.npmjs.org/@babel/plugin-syntax-typescript/-/plugin-syntax-typescript-7.29.7.tgz 0ms (cache hit)
4709 http cache natural-compare@https://registry.npmjs.org/natural-compare/-/natural-compare-1.4.0.tgz 0ms (cache hit)
4710 http cache leven@https://registry.npmjs.org/leven/-/leven-3.1.0.tgz 0ms (cache hit)
4711 http cache @babel/plugin-syntax-jsx@https://registry.npmjs.org/@babel/plugin-syntax-jsx/-/plugin-syntax-jsx-7.29.7.tgz 0ms (cache hit)
4712 http cache callsites@https://registry.npmjs.org/callsites/-/callsites-3.1.0.tgz 0ms (cache hit)
4713 http cache strip-bom@https://registry.npmjs.org/strip-bom/-/strip-bom-4.0.0.tgz 0ms (cache hit)
4714 http cache @jest/source-map@https://registry.npmjs.org/@jest/source-map/-/source-map-29.6.3.tgz 0ms (cache hit)
4715 http cache @jest/globals@https://registry.npmjs.org/@jest/globals/-/globals-29.7.0.tgz 0ms (cache hit)
4716 http cache jest-leak-detector@https://registry.npmjs.org/jest-leak-detector/-/jest-leak-detector-29.7.0.tgz 0ms (cache hit)
4717 http cache jest-docblock@https://registry.npmjs.org/jest-docblock/-/jest-docblock-29.7.0.tgz 0ms (cache hit)
4718 http cache cjs-module-lexer@https://registry.npmjs.org/cjs-module-lexer/-/cjs-module-lexer-1.4.3.tgz 0ms (cache hit)
4719 http cache resolve.exports@https://registry.npmjs.org/resolve.exports/-/resolve.exports-2.0.3.tgz 0ms (cache hit)
4720 http cache detect-newline@https://registry.npmjs.org/detect-newline/-/detect-newline-3.1.0.tgz 0ms (cache hit)
4721 http cache emittery@https://registry.npmjs.org/emittery/-/emittery-0.13.1.tgz 0ms (cache hit)
4722 http cache resolve@https://registry.npmjs.org/resolve/-/resolve-1.22.12.tgz 0ms (cache hit)
4723 http cache jest-pnp-resolver@https://registry.npmjs.org/jest-pnp-resolver/-/jest-pnp-resolver-1.2.3.tgz 0ms (cache hit)
4724 http cache @types/stack-utils@https://registry.npmjs.org/@types/stack-utils/-/stack-utils-2.0.3.tgz 0ms (cache hit)
4725 http cache diff-sequences@https://registry.npmjs.org/diff-sequences/-/diff-sequences-29.6.3.tgz 0ms (cache hit)
4726 http cache node-int64@https://registry.npmjs.org/node-int64/-/node-int64-0.4.0.tgz 0ms (cache hit)
4727 http cache jest-diff@https://registry.npmjs.org/jest-diff/-/jest-diff-29.7.0.tgz 0ms (cache hit)
4728 http cache bser@https://registry.npmjs.org/bser/-/bser-2.1.1.tgz 0ms (cache hit)
4729 http cache normalize-path@https://registry.npmjs.org/normalize-path/-/normalize-path-3.0.0.tgz 0ms (cache hit)
4730 http cache walker@https://registry.npmjs.org/walker/-/walker-1.0.8.tgz 0ms (cache hit)
4731 http cache fb-watchman@https://registry.npmjs.org/fb-watchman/-/fb-watchman-2.0.2.tgz 0ms (cache hit)
4732 http cache fsevents@https://registry.npmjs.org/fsevents/-/fsevents-2.3.3.tgz 0ms (cache hit)
4733 http cache @types/graceful-fs@https://registry.npmjs.org/@types/graceful-fs/-/graceful-fs-4.1.9.tgz 0ms (cache hit)
4734 http cache type-detect@https://registry.npmjs.org/type-detect/-/type-detect-4.0.8.tgz 0ms (cache hit)
4735 http cache @sinonjs/commons@https://registry.npmjs.org/@sinonjs/commons/-/commons-3.0.1.tgz 0ms (cache hit)
4736 http cache @sinonjs/fake-timers@https://registry.npmjs.org/@sinonjs/fake-timers/-/fake-timers-10.3.0.tgz 0ms (cache hit)
4737 http cache jest-mock@https://registry.npmjs.org/jest-mock/-/jest-mock-29.7.0.tgz 0ms (cache hit)
4738 http cache stack-utils@https://registry.npmjs.org/stack-utils/-/stack-utils-2.0.6.tgz 0ms (cache hit)
4739 http cache @jest/fake-timers@https://registry.npmjs.org/@jest/fake-timers/-/fake-timers-29.7.0.tgz 0ms (cache hit)
4740 http cache pure-rand@https://registry.npmjs.org/pure-rand/-/pure-rand-6.1.0.tgz 0ms (cache hit)
4741 http cache is-generator-fn@https://registry.npmjs.org/is-generator-fn/-/is-generator-fn-2.1.0.tgz 0ms (cache hit)
4742 http cache jest-each@https://registry.npmjs.org/jest-each/-/jest-each-29.7.0.tgz 0ms (cache hit)
4743 http cache dedent@https://registry.npmjs.org/dedent/-/dedent-1.7.2.tgz 0ms (cache hit)
4744 http cache @jest/expect@https://registry.npmjs.org/@jest/expect/-/expect-29.7.0.tgz 0ms (cache hit)
4745 http cache @jest/environment@https://registry.npmjs.org/@jest/environment/-/environment-29.7.0.tgz 0ms (cache hit)
4746 http cache anymatch@https://registry.npmjs.org/anymatch/-/anymatch-3.1.3.tgz 0ms (cache hit)
4747 http cache co@https://registry.npmjs.org/co/-/co-4.6.0.tgz 0ms (cache hit)
4748 http cache @babel/plugin-syntax-private-property-in-object@https://registry.npmjs.org/@babel/plugin-syntax-private-property-in-object/-/plugin-syntax-private-property-in-object-7.14.5.tgz 0ms (cache hit)
4749 http cache @babel/plugin-syntax-optional-chaining@https://registry.npmjs.org/@babel/plugin-syntax-optional-chaining/-/plugin-syntax-optional-chaining-7.8.3.tgz 0ms (cache hit)
4750 http cache @babel/plugin-syntax-optional-catch-binding@https://registry.npmjs.org/@babel/plugin-syntax-optional-catch-binding/-/plugin-syntax-optional-catch-binding-7.8.3.tgz 0ms (cache hit)
4751 http cache @babel/plugin-syntax-top-level-await@https://registry.npmjs.org/@babel/plugin-syntax-top-level-await/-/plugin-syntax-top-level-await-7.14.5.tgz 0ms (cache hit)
4752 http cache @babel/plugin-syntax-numeric-separator@https://registry.npmjs.org/@babel/plugin-syntax-numeric-separator/-/plugin-syntax-numeric-separator-7.10.4.tgz 0ms (cache hit)
4753 http cache @babel/plugin-syntax-nullish-coalescing-operator@https://registry.npmjs.org/@babel/plugin-syntax-nullish-coalescing-operator/-/plugin-syntax-nullish-coalescing-operator-7.8.3.tgz 0ms (cache hit)
4754 http cache @babel/plugin-syntax-object-rest-spread@https://registry.npmjs.org/@babel/plugin-syntax-object-rest-spread/-/plugin-syntax-object-rest-spread-7.8.3.tgz 0ms (cache hit)
4755 http cache @babel/plugin-syntax-json-strings@https://registry.npmjs.org/@babel/plugin-syntax-json-strings/-/plugin-syntax-json-strings-7.8.3.tgz 0ms (cache hit)
4756 http cache @babel/plugin-syntax-logical-assignment-operators@https://registry.npmjs.org/@babel/plugin-syntax-logical-assignment-operators/-/plugin-syntax-logical-assignment-operators-7.10.4.tgz 0ms (cache hit)
4757 http cache @babel/plugin-syntax-import-meta@https://registry.npmjs.org/@babel/plugin-syntax-import-meta/-/plugin-syntax-import-meta-7.10.4.tgz 0ms (cache hit)
4758 http cache @babel/plugin-syntax-import-attributes@https://registry.npmjs.org/@babel/plugin-syntax-import-attributes/-/plugin-syntax-import-attributes-7.29.7.tgz 0ms (cache hit)
4759 http cache @babel/plugin-syntax-class-static-block@https://registry.npmjs.org/@babel/plugin-syntax-class-static-block/-/plugin-syntax-class-static-block-7.14.5.tgz 0ms (cache hit)
4760 http cache babel-preset-current-node-syntax@https://registry.npmjs.org/babel-preset-current-node-syntax/-/babel-preset-current-node-syntax-1.2.0.tgz 0ms (cache hit)
4761 http cache @babel/plugin-syntax-class-properties@https://registry.npmjs.org/@babel/plugin-syntax-class-properties/-/plugin-syntax-class-properties-7.12.13.tgz 0ms (cache hit)
4762 http cache babel-plugin-jest-hoist@https://registry.npmjs.org/babel-plugin-jest-hoist/-/babel-plugin-jest-hoist-29.6.3.tgz 0ms (cache hit)
4763 http cache @babel/plugin-syntax-bigint@https://registry.npmjs.org/@babel/plugin-syntax-bigint/-/plugin-syntax-bigint-7.8.3.tgz 0ms (cache hit)
4764 http cache @types/babel__traverse@https://registry.npmjs.org/@types/babel__traverse/-/babel__traverse-7.28.0.tgz 0ms (cache hit)
4765 http cache @babel/plugin-syntax-async-generators@https://registry.npmjs.org/@babel/plugin-syntax-async-generators/-/plugin-syntax-async-generators-7.8.4.tgz 0ms (cache hit)
4766 http cache @types/babel__template@https://registry.npmjs.org/@types/babel__template/-/babel__template-7.4.4.tgz 0ms (cache hit)
4767 http cache @types/babel__generator@https://registry.npmjs.org/@types/babel__generator/-/babel__generator-7.27.0.tgz 0ms (cache hit)
4768 http cache babel-preset-jest@https://registry.npmjs.org/babel-preset-jest/-/babel-preset-jest-29.6.3.tgz 0ms (cache hit)
4769 http cache @types/babel__core@https://registry.npmjs.org/@types/babel__core/-/babel__core-7.20.5.tgz 0ms (cache hit)
4770 http cache strip-json-comments@https://registry.npmjs.org/strip-json-comments/-/strip-json-comments-3.1.1.tgz 0ms (cache hit)
4771 http cache jest-environment-node@https://registry.npmjs.org/jest-environment-node/-/jest-environment-node-29.7.0.tgz 0ms (cache hit)
4772 http cache babel-jest@https://registry.npmjs.org/babel-jest/-/babel-jest-29.7.0.tgz 0ms (cache hit)
4773 http cache jest-circus@https://registry.npmjs.org/jest-circus/-/jest-circus-29.7.0.tgz 0ms (cache hit)
4774 http cache @jest/test-sequencer@https://registry.npmjs.org/@jest/test-sequencer/-/test-sequencer-29.7.0.tgz 0ms (cache hit)
4775 http cache prompts@https://registry.npmjs.org/prompts/-/prompts-2.4.2.tgz 0ms (cache hit)
4776 http cache create-jest@https://registry.npmjs.org/create-jest/-/create-jest-29.7.0.tgz 0ms (cache hit)
4777 http cache yargs@https://registry.npmjs.org/yargs/-/yargs-17.7.3.tgz 0ms (cache hit)
4778 http cache which@https://registry.npmjs.org/which/-/which-2.0.2.tgz 0ms (cache hit)
4779 http cache shebang-command@https://registry.npmjs.org/shebang-command/-/shebang-command-2.0.0.tgz 0ms (cache hit)
4780 http cache path-key@https://registry.npmjs.org/path-key/-/path-key-3.1.1.tgz 0ms (cache hit)
4781 http cache strip-final-newline@https://registry.npmjs.org/strip-final-newline/-/strip-final-newline-2.0.0.tgz 0ms (cache hit)
4782 http cache onetime@https://registry.npmjs.org/onetime/-/onetime-5.1.2.tgz 0ms (cache hit)
4783 http cache npm-run-path@https://registry.npmjs.org/npm-run-path/-/npm-run-path-4.0.1.tgz 0ms (cache hit)
4784 http cache merge-stream@https://registry.npmjs.org/merge-stream/-/merge-stream-2.0.0.tgz 0ms (cache hit)
4785 http cache is-stream@https://registry.npmjs.org/is-stream/-/is-stream-2.0.1.tgz 0ms (cache hit)
4786 http cache human-signals@https://registry.npmjs.org/human-signals/-/human-signals-2.1.0.tgz 0ms (cache hit)
4787 http cache cross-spawn@https://registry.npmjs.org/cross-spawn/-/cross-spawn-7.0.6.tgz 0ms (cache hit)
4788 http cache execa@https://registry.npmjs.org/execa/-/execa-5.1.1.tgz 0ms (cache hit)
4789 http cache p-limit@https://registry.npmjs.org/p-limit/-/p-limit-3.1.0.tgz 0ms (cache hit)
4790 http cache get-stream@https://registry.npmjs.org/get-stream/-/get-stream-6.0.1.tgz 0ms (cache hit)
4791 http cache resolve-cwd@https://registry.npmjs.org/resolve-cwd/-/resolve-cwd-3.0.0.tgz 0ms (cache hit)
4792 http cache pkg-dir@https://registry.npmjs.org/pkg-dir/-/pkg-dir-4.2.0.tgz 0ms (cache hit)
4793 http cache path-exists@https://registry.npmjs.org/path-exists/-/path-exists-4.0.0.tgz 0ms (cache hit)
4794 http cache locate-path@https://registry.npmjs.org/locate-path/-/locate-path-5.0.0.tgz 0ms (cache hit)
4795 http cache html-escaper@https://registry.npmjs.org/html-escaper/-/html-escaper-2.0.2.tgz 0ms (cache hit)
4796 http cache update-browserslist-db@https://registry.npmjs.org/update-browserslist-db/-/update-browserslist-db-1.3.1.tgz 0ms (cache hit)
4797 http cache node-releases@https://registry.npmjs.org/node-releases/-/node-releases-2.0.53.tgz 0ms (cache hit)
4798 http cache electron-to-chromium@https://registry.npmjs.org/electron-to-chromium/-/electron-to-chromium-1.5.412.tgz 0ms (cache hit)
4799 http cache baseline-browser-mapping@https://registry.npmjs.org/baseline-browser-mapping/-/baseline-browser-mapping-2.11.17.tgz 0ms (cache hit)
4800 http cache caniuse-lite@https://registry.npmjs.org/caniuse-lite/-/caniuse-lite-1.0.30001809.tgz 0ms (cache hit)
4801 http cache get-package-type@https://registry.npmjs.org/get-package-type/-/get-package-type-0.1.0.tgz 0ms (cache hit)
4802 http cache find-up@https://registry.npmjs.org/find-up/-/find-up-4.1.0.tgz 0ms (cache hit)
4803 http cache camelcase@https://registry.npmjs.org/camelcase/-/camelcase-5.3.1.tgz 0ms (cache hit)
4804 http cache test-exclude@https://registry.npmjs.org/test-exclude/-/test-exclude-6.0.0.tgz 0ms (cache hit)
4805 http cache @istanbuljs/schema@https://registry.npmjs.org/@istanbuljs/schema/-/schema-0.1.6.tgz 0ms (cache hit)
4806 http cache @babel/helper-plugin-utils@https://registry.npmjs.org/@babel/helper-plugin-utils/-/helper-plugin-utils-7.29.7.tgz 0ms (cache hit)
4807 http cache @istanbuljs/load-nyc-config@https://registry.npmjs.org/@istanbuljs/load-nyc-config/-/load-nyc-config-1.1.0.tgz 0ms (cache hit)
4808 http cache @types/yargs-parser@https://registry.npmjs.org/@types/yargs-parser/-/yargs-parser-21.0.3.tgz 0ms (cache hit)
4809 http cache type-fest@https://registry.npmjs.org/type-fest/-/type-fest-0.21.3.tgz 0ms (cache hit)
4810 http cache @sinclair/typebox@https://registry.npmjs.org/@sinclair/typebox/-/typebox-0.27.12.tgz 0ms (cache hit)
4811 http cache @types/istanbul-reports@https://registry.npmjs.org/@types/istanbul-reports/-/istanbul-reports-3.0.4.tgz 0ms (cache hit)
4812 http cache @types/istanbul-lib-report@https://registry.npmjs.org/@types/istanbul-lib-report/-/istanbul-lib-report-3.0.3.tgz 0ms (cache hit)
4813 http cache @babel/helper-string-parser@https://registry.npmjs.org/@babel/helper-string-parser/-/helper-string-parser-7.29.7.tgz 0ms (cache hit)
4814 http cache @types/yargs@https://registry.npmjs.org/@types/yargs/-/yargs-17.0.35.tgz 0ms (cache hit)
4815 http cache @jest/schemas@https://registry.npmjs.org/@jest/schemas/-/schemas-29.6.3.tgz 0ms (cache hit)
4816 http cache @babel/helper-globals@https://registry.npmjs.org/@babel/helper-globals/-/helper-globals-7.29.7.tgz 0ms (cache hit)
4817 http cache browserslist@https://registry.npmjs.org/browserslist/-/browserslist-4.28.8.tgz 0ms (cache hit)
4818 http cache @babel/helper-module-imports@https://registry.npmjs.org/@babel/helper-module-imports/-/helper-module-imports-7.29.7.tgz 0ms (cache hit)
4819 http cache @babel/helper-validator-option@https://registry.npmjs.org/@babel/helper-validator-option/-/helper-validator-option-7.29.7.tgz 0ms (cache hit)
4820 http cache @babel/compat-data@https://registry.npmjs.org/@babel/compat-data/-/compat-data-7.29.7.tgz 0ms (cache hit)
4821 http cache jsesc@https://registry.npmjs.org/jsesc/-/jsesc-3.1.0.tgz 0ms (cache hit)
4822 http cache json5@https://registry.npmjs.org/json5/-/json5-2.2.3.tgz 0ms (cache hit)
4823 http cache lru-cache@https://registry.npmjs.org/lru-cache/-/lru-cache-5.1.1.tgz 0ms (cache hit)
4824 http cache gensync@https://registry.npmjs.org/gensync/-/gensync-1.0.0-beta.2.tgz 0ms (cache hit)
4825 http cache @babel/types@https://registry.npmjs.org/@babel/types/-/types-7.29.8.tgz 0ms (cache hit)
4826 http cache @babel/template@https://registry.npmjs.org/@babel/template/-/template-7.29.7.tgz 0ms (cache hit)
4827 http cache @babel/parser@https://registry.npmjs.org/@babel/parser/-/parser-7.29.8.tgz 0ms (cache hit)
4828 http cache @babel/traverse@https://registry.npmjs.org/@babel/traverse/-/traverse-7.29.8.tgz 0ms (cache hit)
4829 http cache @babel/helpers@https://registry.npmjs.org/@babel/helpers/-/helpers-7.29.7.tgz 0ms (cache hit)
4830 http cache @babel/helper-module-transforms@https://registry.npmjs.org/@babel/helper-module-transforms/-/helper-module-transforms-7.29.7.tgz 0ms (cache hit)
4831 http cache write-file-atomic@https://registry.npmjs.org/write-file-atomic/-/write-file-atomic-4.0.2.tgz 0ms (cache hit)
4832 http cache pirates@https://registry.npmjs.org/pirates/-/pirates-4.0.7.tgz 0ms (cache hit)
4833 http cache @babel/generator@https://registry.npmjs.org/@babel/generator/-/generator-7.29.8.tgz 0ms (cache hit)
4834 http cache fast-json-stable-stringify@https://registry.npmjs.org/fast-json-stable-stringify/-/fast-json-stable-stringify-2.1.0.tgz 0ms (cache hit)
4835 http cache @babel/helper-compilation-targets@https://registry.npmjs.org/@babel/helper-compilation-targets/-/helper-compilation-targets-7.29.7.tgz 0ms (cache hit)
4836 http cache babel-plugin-istanbul@https://registry.npmjs.org/babel-plugin-istanbul/-/babel-plugin-istanbul-6.1.1.tgz 0ms (cache hit)
4837 http cache @babel/core@https://registry.npmjs.org/@babel/core/-/core-7.29.7.tgz 0ms (cache hit)
4838 http cache @types/istanbul-lib-coverage@https://registry.npmjs.org/@types/istanbul-lib-coverage/-/istanbul-lib-coverage-2.0.6.tgz 0ms (cache hit)
4839 http cache string-length@https://registry.npmjs.org/string-length/-/string-length-4.0.2.tgz 0ms (cache hit)
4840 http cache convert-source-map@https://registry.npmjs.org/convert-source-map/-/convert-source-map-2.0.0.tgz 0ms (cache hit)
4841 http cache v8-to-istanbul@https://registry.npmjs.org/v8-to-istanbul/-/v8-to-istanbul-9.3.0.tgz 0ms (cache hit)
4842 http cache istanbul-reports@https://registry.npmjs.org/istanbul-reports/-/istanbul-reports-3.2.0.tgz 0ms (cache hit)
4843 http cache istanbul-lib-report@https://registry.npmjs.org/istanbul-lib-report/-/istanbul-lib-report-3.0.1.tgz 0ms (cache hit)
4844 http cache jest-worker@https://registry.npmjs.org/jest-worker/-/jest-worker-29.7.0.tgz 0ms (cache hit)
4845 http cache istanbul-lib-coverage@https://registry.npmjs.org/istanbul-lib-coverage/-/istanbul-lib-coverage-3.2.2.tgz 0ms (cache hit)
4846 http cache collect-v8-coverage@https://registry.npmjs.org/collect-v8-coverage/-/collect-v8-coverage-1.0.3.tgz 0ms (cache hit)
4847 http cache istanbul-lib-instrument@https://registry.npmjs.org/istanbul-lib-instrument/-/istanbul-lib-instrument-6.0.3.tgz 0ms (cache hit)
4848 http cache strip-ansi@https://registry.npmjs.org/strip-ansi/-/strip-ansi-6.0.1.tgz 0ms (cache hit)
4849 http cache slash@https://registry.npmjs.org/slash/-/slash-3.0.0.tgz 0ms (cache hit)
4850 http cache @bcoe/v8-coverage@https://registry.npmjs.org/@bcoe/v8-coverage/-/v8-coverage-0.2.3.tgz 0ms (cache hit)
4851 http cache micromatch@https://registry.npmjs.org/micromatch/-/micromatch-4.0.8.tgz 0ms (cache hit)
4852 http cache jest-watcher@https://registry.npmjs.org/jest-watcher/-/jest-watcher-29.7.0.tgz 0ms (cache hit)
4853 http cache istanbul-lib-source-maps@https://registry.npmjs.org/istanbul-lib-source-maps/-/istanbul-lib-source-maps-4.0.1.tgz 0ms (cache hit)
4854 http cache jest-validate@https://registry.npmjs.org/jest-validate/-/jest-validate-29.7.0.tgz 0ms (cache hit)
4855 http cache jest-snapshot@https://registry.npmjs.org/jest-snapshot/-/jest-snapshot-29.7.0.tgz 0ms (cache hit)
4856 http cache jest-runtime@https://registry.npmjs.org/jest-runtime/-/jest-runtime-29.7.0.tgz 0ms (cache hit)
4857 http cache jest-runner@https://registry.npmjs.org/jest-runner/-/jest-runner-29.7.0.tgz 0ms (cache hit)
4858 http cache jest-resolve-dependencies@https://registry.npmjs.org/jest-resolve-dependencies/-/jest-resolve-dependencies-29.7.0.tgz 0ms (cache hit)
4859 http cache jest-haste-map@https://registry.npmjs.org/jest-haste-map/-/jest-haste-map-29.7.0.tgz 0ms (cache hit)
4860 http cache jest-resolve@https://registry.npmjs.org/jest-resolve/-/jest-resolve-29.7.0.tgz 0ms (cache hit)
4861 http cache jest-config@https://registry.npmjs.org/jest-config/-/jest-config-29.7.0.tgz 0ms (cache hit)
4862 http cache exit@https://registry.npmjs.org/exit/-/exit-0.1.2.tgz 0ms (cache hit)
4863 http cache ci-info@https://registry.npmjs.org/ci-info/-/ci-info-3.9.0.tgz 0ms (cache hit)
4864 http cache jest-regex-util@https://registry.npmjs.org/jest-regex-util/-/jest-regex-util-29.6.3.tgz 0ms (cache hit)
4865 http cache ansi-escapes@https://registry.npmjs.org/ansi-escapes/-/ansi-escapes-4.3.2.tgz 0ms (cache hit)
4866 http cache jest-changed-files@https://registry.npmjs.org/jest-changed-files/-/jest-changed-files-29.7.0.tgz 0ms (cache hit)
4867 http cache @jest/transform@https://registry.npmjs.org/@jest/transform/-/transform-29.7.0.tgz 0ms (cache hit)
4868 http cache @jest/test-result@https://registry.npmjs.org/@jest/test-result/-/test-result-29.7.0.tgz 0ms (cache hit)
4869 http cache @jest/reporters@https://registry.npmjs.org/@jest/reporters/-/reporters-29.7.0.tgz 0ms (cache hit)
4870 http cache jest-cli@https://registry.npmjs.org/jest-cli/-/jest-cli-29.7.0.tgz 0ms (cache hit)
4871 http cache import-local@https://registry.npmjs.org/import-local/-/import-local-3.2.0.tgz 0ms (cache hit)
4872 http cache @jest/types@https://registry.npmjs.org/@jest/types/-/types-29.6.3.tgz 0ms (cache hit)
4873 http cache @jest/console@https://registry.npmjs.org/@jest/console/-/console-29.7.0.tgz 0ms (cache hit)
4874 http cache @jest/core@https://registry.npmjs.org/@jest/core/-/core-29.7.0.tgz 0ms (cache hit)
4875 http cache resolve-from@https://registry.npmjs.org/resolve-from/-/resolve-from-4.0.0.tgz 0ms (cache hit)
4876 http cache parent-module@https://registry.npmjs.org/parent-module/-/parent-module-1.0.1.tgz 0ms (cache hit)
4877 http cache agent-base@https://registry.npmjs.org/agent-base/-/agent-base-6.0.2.tgz 0ms (cache hit)
4878 http cache setprototypeof@https://registry.npmjs.org/setprototypeof/-/setprototypeof-1.2.0.tgz 0ms (cache hit)
4879 http cache toidentifier@https://registry.npmjs.org/toidentifier/-/toidentifier-1.0.1.tgz 0ms (cache hit)
4880 http cache safer-buffer@https://registry.npmjs.org/safer-buffer/-/safer-buffer-2.1.2.tgz 0ms (cache hit)
4881 http cache inherits@https://registry.npmjs.org/inherits/-/inherits-2.0.4.tgz 0ms (cache hit)
4882 http cache path-scurry@https://registry.npmjs.org/path-scurry/-/path-scurry-2.0.2.tgz 0ms (cache hit)
4883 http cache minipass@https://registry.npmjs.org/minipass/-/minipass-7.1.3.tgz 0ms (cache hit)
4884 http cache dunder-proto@https://registry.npmjs.org/dunder-proto/-/dunder-proto-1.0.1.tgz 0ms (cache hit)
4885 http cache math-intrinsics@https://registry.npmjs.org/math-intrinsics/-/math-intrinsics-1.1.0.tgz 0ms (cache hit)
4886 http cache has-symbols@https://registry.npmjs.org/has-symbols/-/has-symbols-1.1.0.tgz 0ms (cache hit)
4887 http cache gopd@https://registry.npmjs.org/gopd/-/gopd-1.2.0.tgz 0ms (cache hit)
4888 http cache function-bind@https://registry.npmjs.org/function-bind/-/function-bind-1.1.2.tgz 0ms (cache hit)
4889 http cache es-define-property@https://registry.npmjs.org/es-define-property/-/es-define-property-1.0.1.tgz 0ms (cache hit)
4890 http cache get-proto@https://registry.npmjs.org/get-proto/-/get-proto-1.0.1.tgz 0ms (cache hit)
4891 http cache es-object-atoms@https://registry.npmjs.org/es-object-atoms/-/es-object-atoms-1.1.2.tgz 0ms (cache hit)
4892 http cache call-bind-apply-helpers@https://registry.npmjs.org/call-bind-apply-helpers/-/call-bind-apply-helpers-1.0.2.tgz 0ms (cache hit)
4893 http cache universalify@https://registry.npmjs.org/universalify/-/universalify-2.0.1.tgz 0ms (cache hit)
4894 http cache jsonfile@https://registry.npmjs.org/jsonfile/-/jsonfile-6.2.1.tgz 0ms (cache hit)
4895 http cache get-intrinsic@https://registry.npmjs.org/get-intrinsic/-/get-intrinsic-1.3.0.tgz 0ms (cache hit)
4896 http cache has-tostringtag@https://registry.npmjs.org/has-tostringtag/-/has-tostringtag-1.0.2.tgz 0ms (cache hit)
4897 http cache es-errors@https://registry.npmjs.org/es-errors/-/es-errors-1.3.0.tgz 0ms (cache hit)
4898 http cache hasown@https://registry.npmjs.org/hasown/-/hasown-2.0.4.tgz 0ms (cache hit)
4899 http cache es-set-tostringtag@https://registry.npmjs.org/es-set-tostringtag/-/es-set-tostringtag-2.1.0.tgz 0ms (cache hit)
4900 http cache combined-stream@https://registry.npmjs.org/combined-stream/-/combined-stream-1.0.8.tgz 0ms (cache hit)
4901 http cache path-type@https://registry.npmjs.org/path-type/-/path-type-4.0.0.tgz 0ms (cache hit)
4902 http cache delayed-stream@https://registry.npmjs.org/delayed-stream/-/delayed-stream-1.0.0.tgz 0ms (cache hit)
4903 http cache parse-json@https://registry.npmjs.org/parse-json/-/parse-json-5.2.0.tgz 0ms (cache hit)
4904 http cache asynckit@https://registry.npmjs.org/asynckit/-/asynckit-0.4.0.tgz 0ms (cache hit)
4905 http cache color-name@https://registry.npmjs.org/color-name/-/color-name-1.1.4.tgz 0ms (cache hit)
4906 http cache js-yaml@https://registry.npmjs.org/js-yaml/-/js-yaml-4.3.1.tgz 0ms (cache hit)
4907 http cache color-convert@https://registry.npmjs.org/color-convert/-/color-convert-2.0.1.tgz 0ms (cache hit)
4908 http cache supports-color@https://registry.npmjs.org/supports-color/-/supports-color-7.2.0.tgz 0ms (cache hit)
4909 http cache import-fresh@https://registry.npmjs.org/import-fresh/-/import-fresh-3.3.1.tgz 0ms (cache hit)
4910 http cache ansi-styles@https://registry.npmjs.org/ansi-styles/-/ansi-styles-4.3.0.tgz 0ms (cache hit)
4911 http cache picocolors@https://registry.npmjs.org/picocolors/-/picocolors-1.1.1.tgz 0ms (cache hit)
4912 http cache @babel/helper-validator-identifier@https://registry.npmjs.org/@babel/helper-validator-identifier/-/helper-validator-identifier-7.29.7.tgz 0ms (cache hit)
4913 http cache schema-utils@https://registry.npmjs.org/schema-utils/-/schema-utils-3.3.0.tgz 0ms (cache hit)
4914 http cache minimatch@https://registry.npmjs.org/minimatch/-/minimatch-3.1.5.tgz 0ms (cache hit)
4915 http cache js-tokens@https://registry.npmjs.org/js-tokens/-/js-tokens-4.0.0.tgz 0ms (cache hit)
4916 http cache memfs@https://registry.npmjs.org/memfs/-/memfs-3.5.3.tgz 0ms (cache hit)
4917 http cache node-abort-controller@https://registry.npmjs.org/node-abort-controller/-/node-abort-controller-3.1.1.tgz 0ms (cache hit)
4918 http cache fs-extra@https://registry.npmjs.org/fs-extra/-/fs-extra-10.1.0.tgz 0ms (cache hit)
4919 http cache cosmiconfig@https://registry.npmjs.org/cosmiconfig/-/cosmiconfig-8.3.6.tgz 0ms (cache hit)
4920 http cache chalk@https://registry.npmjs.org/chalk/-/chalk-4.1.2.tgz 0ms (cache hit)
4921 http cache deepmerge@https://registry.npmjs.org/deepmerge/-/deepmerge-4.3.1.tgz 0ms (cache hit)
4922 http cache @babel/code-frame@https://registry.npmjs.org/@babel/code-frame/-/code-frame-7.29.7.tgz 0ms (cache hit)
4923 http cache uint8array-extras@https://registry.npmjs.org/uint8array-extras/-/uint8array-extras-1.5.0.tgz 0ms (cache hit)
4924 http cache strtok3@https://registry.npmjs.org/strtok3/-/strtok3-10.3.5.tgz 0ms (cache hit)
4925 http cache @tokenizer/inflate@https://registry.npmjs.org/@tokenizer/inflate/-/inflate-0.4.1.tgz 0ms (cache hit)
4926 http cache token-types@https://registry.npmjs.org/token-types/-/token-types-6.1.2.tgz 0ms (cache hit)
4927 http cache ms@https://registry.npmjs.org/ms/-/ms-2.1.3.tgz 0ms (cache hit)
4928 http cache raw-body@https://registry.npmjs.org/raw-body/-/raw-body-3.0.2.tgz 0ms (cache hit)
4929 http cache negotiator@https://registry.npmjs.org/negotiator/-/negotiator-1.1.0.tgz 0ms (cache hit)
4930 http cache statuses@https://registry.npmjs.org/statuses/-/statuses-2.0.2.tgz 0ms (cache hit)
4931 http cache send@https://registry.npmjs.org/send/-/send-1.2.1.tgz 0ms (cache hit)
4932 http cache bytes@https://registry.npmjs.org/bytes/-/bytes-3.1.2.tgz 0ms (cache hit)
4933 http cache serve-static@https://registry.npmjs.org/serve-static/-/serve-static-2.2.1.tgz 0ms (cache hit)
4934 http cache type-is@https://registry.npmjs.org/type-is/-/type-is-2.1.0.tgz 0ms (cache hit)
4935 http cache router@https://registry.npmjs.org/router/-/router-2.2.0.tgz 0ms (cache hit)
4936 http cache qs@https://registry.npmjs.org/qs/-/qs-6.15.3.tgz 0ms (cache hit)
4937 http cache proxy-addr@https://registry.npmjs.org/proxy-addr/-/proxy-addr-2.0.7.tgz 0ms (cache hit)
4938 http cache parseurl@https://registry.npmjs.org/parseurl/-/parseurl-1.3.3.tgz 0ms (cache hit)
4939 http cache once@https://registry.npmjs.org/once/-/once-1.4.0.tgz 0ms (cache hit)
4940 http cache on-finished@https://registry.npmjs.org/on-finished/-/on-finished-2.4.1.tgz 0ms (cache hit)
4941 http cache merge-descriptors@https://registry.npmjs.org/merge-descriptors/-/merge-descriptors-2.0.0.tgz 0ms (cache hit)
4942 http cache http-errors@https://registry.npmjs.org/http-errors/-/http-errors-2.0.1.tgz 0ms (cache hit)
4943 http cache fresh@https://registry.npmjs.org/fresh/-/fresh-2.0.0.tgz 0ms (cache hit)
4944 http cache finalhandler@https://registry.npmjs.org/finalhandler/-/finalhandler-2.1.1.tgz 0ms (cache hit)
4945 http cache range-parser@https://registry.npmjs.org/range-parser/-/range-parser-1.3.0.tgz 0ms (cache hit)
4946 http cache mime-types@https://registry.npmjs.org/mime-types/-/mime-types-3.0.2.tgz 0ms (cache hit)
4947 http cache etag@https://registry.npmjs.org/etag/-/etag-1.8.1.tgz 0ms (cache hit)
4948 http cache escape-html@https://registry.npmjs.org/escape-html/-/escape-html-1.0.3.tgz 0ms (cache hit)
4949 http cache depd@https://registry.npmjs.org/depd/-/depd-2.0.0.tgz 0ms (cache hit)
4950 http cache encodeurl@https://registry.npmjs.org/encodeurl/-/encodeurl-2.0.0.tgz 0ms (cache hit)
4951 http cache cookie-signature@https://registry.npmjs.org/cookie-signature/-/cookie-signature-1.2.2.tgz 0ms (cache hit)
4952 http cache debug@https://registry.npmjs.org/debug/-/debug-4.4.3.tgz 0ms (cache hit)
4953 http cache cookie@https://registry.npmjs.org/cookie/-/cookie-0.7.2.tgz 0ms (cache hit)
4954 http cache content-disposition@https://registry.npmjs.org/content-disposition/-/content-disposition-1.1.0.tgz 0ms (cache hit)
4955 http cache content-type@https://registry.npmjs.org/content-type/-/content-type-1.0.5.tgz 0ms (cache hit)
4956 http cache jest-util@https://registry.npmjs.org/jest-util/-/jest-util-29.7.0.tgz 0ms (cache hit)
4957 http cache accepts@https://registry.npmjs.org/accepts/-/accepts-2.0.0.tgz 0ms (cache hit)
4958 http cache jest-message-util@https://registry.npmjs.org/jest-message-util/-/jest-message-util-29.7.0.tgz 0ms (cache hit)
4959 http cache jest-matcher-utils@https://registry.npmjs.org/jest-matcher-utils/-/jest-matcher-utils-29.7.0.tgz 0ms (cache hit)
4960 http cache body-parser@https://registry.npmjs.org/body-parser/-/body-parser-2.3.0.tgz 0ms (cache hit)
4961 http cache @jest/expect-utils@https://registry.npmjs.org/@jest/expect-utils/-/expect-utils-29.7.0.tgz 0ms (cache hit)
4962 http cache jest-get-type@https://registry.npmjs.org/jest-get-type/-/jest-get-type-29.6.3.tgz 0ms (cache hit)
4963 http cache tapable@https://registry.npmjs.org/tapable/-/tapable-2.3.3.tgz 0ms (cache hit)
4964 http cache graceful-fs@https://registry.npmjs.org/graceful-fs/-/graceful-fs-4.2.11.tgz 0ms (cache hit)
4965 http cache object-assign@https://registry.npmjs.org/object-assign/-/object-assign-4.1.1.tgz 0ms (cache hit)
4966 http cache vary@https://registry.npmjs.org/vary/-/vary-1.1.2.tgz 0ms (cache hit)
4967 http cache array-timsort@https://registry.npmjs.org/array-timsort/-/array-timsort-1.0.3.tgz 0ms (cache hit)
4968 http cache esprima@https://registry.npmjs.org/esprima/-/esprima-4.0.1.tgz 0ms (cache hit)
4969 http cache @colors/colors@https://registry.npmjs.org/@colors/colors/-/colors-1.5.0.tgz 0ms (cache hit)
4970 http cache validator@https://registry.npmjs.org/validator/-/validator-13.15.35.tgz 0ms (cache hit)
4971 http cache libphonenumber-js@https://registry.npmjs.org/libphonenumber-js/-/libphonenumber-js-1.13.11.tgz 0ms (cache hit)
4972 http cache @types/validator@https://registry.npmjs.org/@types/validator/-/validator-13.15.10.tgz 0ms (cache hit)
4973 http cache readdirp@https://registry.npmjs.org/readdirp/-/readdirp-4.1.2.tgz 0ms (cache hit)
4974 http cache tar@https://registry.npmjs.org/tar/-/tar-6.2.1.tgz 0ms (cache hit)
4975 http cache semver@https://registry.npmjs.org/semver/-/semver-7.8.5.tgz 0ms (cache hit)
4976 http cache rimraf@https://registry.npmjs.org/rimraf/-/rimraf-3.0.2.tgz 0ms (cache hit)
4977 http cache npmlog@https://registry.npmjs.org/npmlog/-/npmlog-5.0.1.tgz 0ms (cache hit)
4978 http cache string-width@https://registry.npmjs.org/string-width/-/string-width-4.2.3.tgz 0ms (cache hit)
4979 http cache node-fetch@https://registry.npmjs.org/node-fetch/-/node-fetch-2.7.0.tgz 0ms (cache hit)
4980 http cache nopt@https://registry.npmjs.org/nopt/-/nopt-5.0.0.tgz 0ms (cache hit)
4981 http cache make-dir@https://registry.npmjs.org/make-dir/-/make-dir-3.1.0.tgz 0ms (cache hit)
4982 http cache https-proxy-agent@https://registry.npmjs.org/https-proxy-agent/-/https-proxy-agent-5.0.1.tgz 0ms (cache hit)
4983 http cache node-addon-api@https://registry.npmjs.org/node-addon-api/-/node-addon-api-5.1.0.tgz 0ms (cache hit)
4984 http cache detect-libc@https://registry.npmjs.org/detect-libc/-/detect-libc-2.1.2.tgz 0ms (cache hit)
4985 http cache @mapbox/node-pre-gyp@https://registry.npmjs.org/@mapbox/node-pre-gyp/-/node-pre-gyp-1.0.11.tgz 0ms (cache hit)
4986 http cache json-schema-traverse@https://registry.npmjs.org/json-schema-traverse/-/json-schema-traverse-1.0.0.tgz 0ms (cache hit)
4987 http cache require-from-string@https://registry.npmjs.org/require-from-string/-/require-from-string-2.0.2.tgz 0ms (cache hit)
4988 http cache fast-uri@https://registry.npmjs.org/fast-uri/-/fast-uri-3.1.5.tgz 0ms (cache hit)
4989 http cache fast-deep-equal@https://registry.npmjs.org/fast-deep-equal/-/fast-deep-equal-3.1.3.tgz 0ms (cache hit)
4990 http cache form-data@https://registry.npmjs.org/form-data/-/form-data-4.0.6.tgz 0ms (cache hit)
4991 http cache @types/cookiejar@https://registry.npmjs.org/@types/cookiejar/-/cookiejar-2.1.5.tgz 0ms (cache hit)
4992 http cache @types/methods@https://registry.npmjs.org/@types/methods/-/methods-1.1.4.tgz 0ms (cache hit)
4993 http cache @types/superagent@https://registry.npmjs.org/@types/superagent/-/superagent-8.1.11.tgz 0ms (cache hit)
4994 http cache @types/http-errors@https://registry.npmjs.org/@types/http-errors/-/http-errors-2.0.5.tgz 0ms (cache hit)
4995 http cache @types/passport@https://registry.npmjs.org/@types/passport/-/passport-1.0.17.tgz 0ms (cache hit)
4996 http cache @types/passport-strategy@https://registry.npmjs.org/@types/passport-strategy/-/passport-strategy-0.2.38.tgz 0ms (cache hit)
4997 http cache undici-types@https://registry.npmjs.org/undici-types/-/undici-types-6.21.0.tgz 0ms (cache hit)
4998 http cache csstype@https://registry.npmjs.org/csstype/-/csstype-3.2.3.tgz 0ms (cache hit)
4999 http cache @types/send@https://registry.npmjs.org/@types/send/-/send-1.2.1.tgz 0ms (cache hit)
5000 http cache @types/ms@https://registry.npmjs.org/@types/ms/-/ms-2.1.0.tgz 0ms (cache hit)
5001 http cache @types/range-parser@https://registry.npmjs.org/@types/range-parser/-/range-parser-1.2.7.tgz 0ms (cache hit)
5002 http cache expect@https://registry.npmjs.org/expect/-/expect-29.7.0.tgz 0ms (cache hit)
5003 http cache @types/qs@https://registry.npmjs.org/@types/qs/-/qs-6.15.1.tgz 0ms (cache hit)
5004 http cache pretty-format@https://registry.npmjs.org/pretty-format/-/pretty-format-29.7.0.tgz 0ms (cache hit)
5005 http cache @types/connect@https://registry.npmjs.org/@types/connect/-/connect-3.4.38.tgz 0ms (cache hit)
5006 http cache @types/serve-static@https://registry.npmjs.org/@types/serve-static/-/serve-static-2.2.0.tgz 0ms (cache hit)
5007 http cache @types/express-serve-static-core@https://registry.npmjs.org/@types/express-serve-static-core/-/express-serve-static-core-5.1.3.tgz 0ms (cache hit)
5008 http cache @types/body-parser@https://registry.npmjs.org/@types/body-parser/-/body-parser-1.19.6.tgz 0ms (cache hit)
5009 http cache @tailwindcss/oxide-darwin-arm64@https://registry.npmjs.org/@tailwindcss/oxide-darwin-arm64/-/oxide-darwin-arm64-4.3.3.tgz 0ms (cache hit)
5010 http cache @jridgewell/sourcemap-codec@https://registry.npmjs.org/@jridgewell/sourcemap-codec/-/sourcemap-codec-1.5.5.tgz 0ms (cache hit)
5011 http cache @jridgewell/resolve-uri@https://registry.npmjs.org/@jridgewell/resolve-uri/-/resolve-uri-3.1.2.tgz 0ms (cache hit)
5012 http cache @jridgewell/trace-mapping@https://registry.npmjs.org/@jridgewell/trace-mapping/-/trace-mapping-0.3.31.tgz 0ms (cache hit)
5013 http cache @jridgewell/gen-mapping@https://registry.npmjs.org/@jridgewell/gen-mapping/-/gen-mapping-0.3.13.tgz 0ms (cache hit)
5014 http cache @tanstack/query-core@https://registry.npmjs.org/@tanstack/query-core/-/query-core-5.101.4.tgz 0ms (cache hit)
5015 http cache lightningcss@https://registry.npmjs.org/lightningcss/-/lightningcss-1.32.0.tgz 0ms (cache hit)
5016 http cache source-map-js@https://registry.npmjs.org/source-map-js/-/source-map-js-1.2.1.tgz 0ms (cache hit)
5017 http cache jiti@https://registry.npmjs.org/jiti/-/jiti-2.7.0.tgz 0ms (cache hit)
5018 http cache enhanced-resolve@https://registry.npmjs.org/enhanced-resolve/-/enhanced-resolve-5.24.5.tgz 0ms (cache hit)
5019 http cache @tailwindcss/oxide@https://registry.npmjs.org/@tailwindcss/oxide/-/oxide-4.3.3.tgz 0ms (cache hit)
5020 http cache @tailwindcss/node@https://registry.npmjs.org/@tailwindcss/node/-/node-4.3.3.tgz 0ms (cache hit)
5021 http cache @alloc/quick-lru@https://registry.npmjs.org/@alloc/quick-lru/-/quick-lru-5.2.0.tgz 0ms (cache hit)
5022 http cache comment-json@https://registry.npmjs.org/comment-json/-/comment-json-5.0.0.tgz 0ms (cache hit)
5023 http cache pluralize@https://registry.npmjs.org/pluralize/-/pluralize-8.0.0.tgz 0ms (cache hit)
5024 http cache express@https://registry.npmjs.org/express/-/express-5.2.1.tgz 0ms (cache hit)
5025 http cache cors@https://registry.npmjs.org/cors/-/cors-2.8.6.tgz 0ms (cache hit)
5026 http cache jsonwebtoken@https://registry.npmjs.org/jsonwebtoken/-/jsonwebtoken-9.0.3.tgz 0ms (cache hit)
5027 http cache path-to-regexp@https://registry.npmjs.org/path-to-regexp/-/path-to-regexp-8.4.2.tgz 0ms (cache hit)
5028 http cache @types/jsonwebtoken@https://registry.npmjs.org/@types/jsonwebtoken/-/jsonwebtoken-9.0.10.tgz 0ms (cache hit)
5029 http cache fast-safe-stringify@https://registry.npmjs.org/fast-safe-stringify/-/fast-safe-stringify-2.1.1.tgz 0ms (cache hit)
5030 http cache dotenv-expand@https://registry.npmjs.org/dotenv-expand/-/dotenv-expand-12.0.3.tgz 0ms (cache hit)
5031 http cache dotenv@https://registry.npmjs.org/dotenv/-/dotenv-17.4.1.tgz 0ms (cache hit)
5032 http cache uid@https://registry.npmjs.org/uid/-/uid-2.0.2.tgz 0ms (cache hit)
5033 http cache tslib@https://registry.npmjs.org/tslib/-/tslib-2.8.1.tgz 0ms (cache hit)
5034 http cache load-esm@https://registry.npmjs.org/load-esm/-/load-esm-1.0.3.tgz 0ms (cache hit)
5035 http cache iterare@https://registry.npmjs.org/iterare/-/iterare-1.2.1.tgz 0ms (cache hit)
5036 http cache lodash@https://registry.npmjs.org/lodash/-/lodash-4.18.1.tgz 0ms (cache hit)
5037 http cache file-type@https://registry.npmjs.org/file-type/-/file-type-21.3.4.tgz 0ms (cache hit)
5038 http cache iconv-lite@https://registry.npmjs.org/iconv-lite/-/iconv-lite-0.7.3.tgz 0ms (cache hit)
5039 http cache chardet@https://registry.npmjs.org/chardet/-/chardet-2.2.0.tgz 0ms (cache hit)
5040 http cache @inquirer/external-editor@https://registry.npmjs.org/@inquirer/external-editor/-/external-editor-1.0.3.tgz 0ms (cache hit)
5041 http cache wrap-ansi@https://registry.npmjs.org/wrap-ansi/-/wrap-ansi-6.2.0.tgz 0ms (cache hit)
5042 http cache signal-exit@https://registry.npmjs.org/signal-exit/-/signal-exit-4.1.0.tgz 0ms (cache hit)
5043 http cache cli-width@https://registry.npmjs.org/cli-width/-/cli-width-4.1.0.tgz 0ms (cache hit)
5044 http cache yoctocolors-cjs@https://registry.npmjs.org/yoctocolors-cjs/-/yoctocolors-cjs-2.1.3.tgz 0ms (cache hit)
5045 http cache @inquirer/type@https://registry.npmjs.org/@inquirer/type/-/type-3.0.10.tgz 0ms (cache hit)
5046 http cache @inquirer/figures@https://registry.npmjs.org/@inquirer/figures/-/figures-1.0.15.tgz 0ms (cache hit)
5047 http cache mute-stream@https://registry.npmjs.org/mute-stream/-/mute-stream-2.0.0.tgz 0ms (cache hit)
5048 http cache @inquirer/core@https://registry.npmjs.org/@inquirer/core/-/core-10.3.2.tgz 0ms (cache hit)
5049 http cache @inquirer/ansi@https://registry.npmjs.org/@inquirer/ansi/-/ansi-1.0.2.tgz 0ms (cache hit)
5050 http cache @inquirer/select@https://registry.npmjs.org/@inquirer/select/-/select-4.4.2.tgz 0ms (cache hit)
5051 http cache @inquirer/search@https://registry.npmjs.org/@inquirer/search/-/search-3.2.2.tgz 0ms (cache hit)
5052 http cache @inquirer/rawlist@https://registry.npmjs.org/@inquirer/rawlist/-/rawlist-4.1.11.tgz 0ms (cache hit)
5053 http cache @inquirer/password@https://registry.npmjs.org/@inquirer/password/-/password-4.0.23.tgz 0ms (cache hit)
5054 http cache @inquirer/number@https://registry.npmjs.org/@inquirer/number/-/number-3.0.23.tgz 0ms (cache hit)
5055 http cache @inquirer/input@https://registry.npmjs.org/@inquirer/input/-/input-4.3.1.tgz 0ms (cache hit)
5056 http cache @inquirer/expand@https://registry.npmjs.org/@inquirer/expand/-/expand-4.0.23.tgz 0ms (cache hit)
5057 http cache @inquirer/confirm@https://registry.npmjs.org/@inquirer/confirm/-/confirm-5.1.21.tgz 0ms (cache hit)
5058 http cache @inquirer/checkbox@https://registry.npmjs.org/@inquirer/checkbox/-/checkbox-4.3.2.tgz 0ms (cache hit)
5059 http cache yargs-parser@https://registry.npmjs.org/yargs-parser/-/yargs-parser-21.1.1.tgz 0ms (cache hit)
5060 http cache @inquirer/editor@https://registry.npmjs.org/@inquirer/editor/-/editor-4.2.23.tgz 0ms (cache hit)
5061 http cache symbol-observable@https://registry.npmjs.org/symbol-observable/-/symbol-observable-4.0.0.tgz 0ms (cache hit)
5062 http cache magic-string@https://registry.npmjs.org/magic-string/-/magic-string-0.30.17.tgz 0ms (cache hit)
5063 http cache source-map@https://registry.npmjs.org/source-map/-/source-map-0.7.4.tgz 0ms (cache hit)
5064 http cache ansi-colors@https://registry.npmjs.org/ansi-colors/-/ansi-colors-4.1.3.tgz 0ms (cache hit)
5065 http cache picomatch@https://registry.npmjs.org/picomatch/-/picomatch-4.0.4.tgz 0ms (cache hit)
5066 http cache jsonc-parser@https://registry.npmjs.org/jsonc-parser/-/jsonc-parser-3.3.1.tgz 0ms (cache hit)
5067 http cache ajv-formats@https://registry.npmjs.org/ajv-formats/-/ajv-formats-3.0.1.tgz 0ms (cache hit)
5068 http cache ajv@https://registry.npmjs.org/ajv/-/ajv-8.18.0.tgz 0ms (cache hit)
5069 http cache tsconfig-paths-webpack-plugin@https://registry.npmjs.org/tsconfig-paths-webpack-plugin/-/tsconfig-paths-webpack-plugin-4.2.0.tgz 0ms (cache hit)
5070 http cache ora@https://registry.npmjs.org/ora/-/ora-5.4.1.tgz 0ms (cache hit)
5071 http cache webpack-node-externals@https://registry.npmjs.org/webpack-node-externals/-/webpack-node-externals-3.0.0.tgz 0ms (cache hit)
5072 http cache node-emoji@https://registry.npmjs.org/node-emoji/-/node-emoji-1.11.0.tgz 0ms (cache hit)
5073 http cache glob@https://registry.npmjs.org/glob/-/glob-13.0.6.tgz 0ms (cache hit)
5074 http cache fork-ts-checker-webpack-plugin@https://registry.npmjs.org/fork-ts-checker-webpack-plugin/-/fork-ts-checker-webpack-plugin-9.1.0.tgz 0ms (cache hit)
5075 http cache commander@https://registry.npmjs.org/commander/-/commander-4.1.1.tgz 0ms (cache hit)
5076 http cache cli-table3@https://registry.npmjs.org/cli-table3/-/cli-table3-0.6.5.tgz 0ms (cache hit)
5077 http cache ansis@https://registry.npmjs.org/ansis/-/ansis-4.2.0.tgz 0ms (cache hit)
5078 http cache chokidar@https://registry.npmjs.org/chokidar/-/chokidar-4.0.3.tgz 0ms (cache hit)
5079 http cache @inquirer/prompts@https://registry.npmjs.org/@inquirer/prompts/-/prompts-7.10.1.tgz 0ms (cache hit)
5080 http cache @angular-devkit/schematics@https://registry.npmjs.org/@angular-devkit/schematics/-/schematics-19.2.27.tgz 0ms (cache hit)
5081 http cache @angular-devkit/schematics-cli@https://registry.npmjs.org/@angular-devkit/schematics-cli/-/schematics-cli-19.2.27.tgz 0ms (cache hit)
5082 http cache @angular-devkit/core@https://registry.npmjs.org/@angular-devkit/core/-/core-19.2.27.tgz 0ms (cache hit)
5083 http cache zustand@https://registry.npmjs.org/zustand/-/zustand-5.0.15.tgz 0ms (cache hit)
5084 http cache @standard-schema/utils@https://registry.npmjs.org/@standard-schema/utils/-/utils-0.3.0.tgz 0ms (cache hit)
5085 http cache zod@https://registry.npmjs.org/zod/-/zod-3.25.76.tgz 0ms (cache hit)
5086 http cache tailwindcss@https://registry.npmjs.org/tailwindcss/-/tailwindcss-4.3.3.tgz 0ms (cache hit)
5087 http cache tailwind-merge@https://registry.npmjs.org/tailwind-merge/-/tailwind-merge-3.6.0.tgz 0ms (cache hit)
5088 http cache sonner@https://registry.npmjs.org/sonner/-/sonner-2.0.8.tgz 0ms (cache hit)
5089 http cache react-dom@https://registry.npmjs.org/react-dom/-/react-dom-19.2.8.tgz 0ms (cache hit)
5090 http cache postcss@https://registry.npmjs.org/postcss/-/postcss-8.5.26.tgz 0ms (cache hit)
5091 http cache next@https://registry.npmjs.org/next/-/next-15.5.23.tgz 0ms (cache hit)
5092 http cache motion@https://registry.npmjs.org/motion/-/motion-12.43.0.tgz 0ms (cache hit)
5093 http cache lucide-react@https://registry.npmjs.org/lucide-react/-/lucide-react-1.33.0.tgz 0ms (cache hit)
5094 http cache clsx@https://registry.npmjs.org/clsx/-/clsx-2.1.1.tgz 0ms (cache hit)
5095 http cache @types/react-dom@https://registry.npmjs.org/@types/react-dom/-/react-dom-19.2.4.tgz 0ms (cache hit)
5096 http cache @types/react@https://registry.npmjs.org/@types/react/-/react-19.2.18.tgz 0ms (cache hit)
5097 http cache @tanstack/react-query@https://registry.npmjs.org/@tanstack/react-query/-/react-query-5.101.4.tgz 0ms (cache hit)
5098 http cache react@https://registry.npmjs.org/react/-/react-19.2.8.tgz 0ms (cache hit)
5099 http cache react-hook-form@https://registry.npmjs.org/react-hook-form/-/react-hook-form-7.86.0.tgz 0ms (cache hit)
5100 http cache tsconfig-paths@https://registry.npmjs.org/tsconfig-paths/-/tsconfig-paths-4.2.0.tgz 0ms (cache hit)
5101 http cache @hookform/resolvers@https://registry.npmjs.org/@hookform/resolvers/-/resolvers-4.1.3.tgz 0ms (cache hit)
5102 http cache ts-node@https://registry.npmjs.org/ts-node/-/ts-node-10.9.2.tgz 0ms (cache hit)
5103 http cache webpack@https://registry.npmjs.org/webpack/-/webpack-5.109.2.tgz 0ms (cache hit)
5104 http cache ts-loader@https://registry.npmjs.org/ts-loader/-/ts-loader-9.6.2.tgz 0ms (cache hit)
5105 http cache ts-jest@https://registry.npmjs.org/ts-jest/-/ts-jest-29.4.12.tgz 0ms (cache hit)
5106 http cache supertest@https://registry.npmjs.org/supertest/-/supertest-7.2.2.tgz 0ms (cache hit)
5107 http cache source-map-support@https://registry.npmjs.org/source-map-support/-/source-map-support-0.5.21.tgz 0ms (cache hit)
5108 http cache prisma@https://registry.npmjs.org/prisma/-/prisma-6.19.3.tgz 0ms (cache hit)
5109 http cache passport-jwt@https://registry.npmjs.org/passport-jwt/-/passport-jwt-4.0.1.tgz 0ms (cache hit)
5110 http cache jest@https://registry.npmjs.org/jest/-/jest-29.7.0.tgz 0ms (cache hit)
5111 http cache multer@https://registry.npmjs.org/multer/-/multer-1.4.5-lts.2.tgz 0ms (cache hit)
5112 http cache class-validator@https://registry.npmjs.org/class-validator/-/class-validator-0.14.4.tgz 0ms (cache hit)
5113 http cache class-transformer@https://registry.npmjs.org/class-transformer/-/class-transformer-0.5.1.tgz 0ms (cache hit)
5114 http cache bcrypt@https://registry.npmjs.org/bcrypt/-/bcrypt-5.1.1.tgz 0ms (cache hit)
5115 http cache @types/supertest@https://registry.npmjs.org/@types/supertest/-/supertest-6.0.3.tgz 0ms (cache hit)
5116 http cache @types/passport-jwt@https://registry.npmjs.org/@types/passport-jwt/-/passport-jwt-4.0.1.tgz 0ms (cache hit)
5117 http cache @types/node@https://registry.npmjs.org/@types/node/-/node-22.20.1.tgz 0ms (cache hit)
5118 http cache @types/multer@https://registry.npmjs.org/@types/multer/-/multer-1.4.13.tgz 0ms (cache hit)
5119 http cache @types/jest@https://registry.npmjs.org/@types/jest/-/jest-29.5.14.tgz 0ms (cache hit)
5120 http cache @types/express@https://registry.npmjs.org/@types/express/-/express-5.0.6.tgz 0ms (cache hit)
5121 http cache @types/bcrypt@https://registry.npmjs.org/@types/bcrypt/-/bcrypt-5.0.2.tgz 0ms (cache hit)
5122 http cache @prisma/client@https://registry.npmjs.org/@prisma/client/-/client-6.19.3.tgz 0ms (cache hit)
5123 http cache @nestjs/testing@https://registry.npmjs.org/@nestjs/testing/-/testing-11.2.1.tgz 0ms (cache hit)
5124 http cache @nestjs/schematics@https://registry.npmjs.org/@nestjs/schematics/-/schematics-11.1.0.tgz 0ms (cache hit)
5125 http cache @nestjs/platform-express@https://registry.npmjs.org/@nestjs/platform-express/-/platform-express-11.2.1.tgz 0ms (cache hit)
5126 http cache passport@https://registry.npmjs.org/passport/-/passport-0.7.0.tgz 0ms (cache hit)
5127 http cache @nestjs/passport@https://registry.npmjs.org/@nestjs/passport/-/passport-11.0.5.tgz 0ms (cache hit)
5128 http cache @nestjs/jwt@https://registry.npmjs.org/@nestjs/jwt/-/jwt-11.0.2.tgz 0ms (cache hit)
5129 http cache @nestjs/core@https://registry.npmjs.org/@nestjs/core/-/core-11.2.1.tgz 0ms (cache hit)
5130 http cache reflect-metadata@https://registry.npmjs.org/reflect-metadata/-/reflect-metadata-0.2.2.tgz 0ms (cache hit)
5131 http cache @nestjs/config@https://registry.npmjs.org/@nestjs/config/-/config-4.0.4.tgz 0ms (cache hit)
5132 http cache rxjs@https://registry.npmjs.org/rxjs/-/rxjs-7.8.2.tgz 0ms (cache hit)
5133 http cache @nestjs/common@https://registry.npmjs.org/@nestjs/common/-/common-11.2.1.tgz 0ms (cache hit)
5134 http cache @nestjs/cli@https://registry.npmjs.org/@nestjs/cli/-/cli-11.0.24.tgz 0ms (cache hit)
5135 http cache @turbo/darwin-arm64@https://registry.npmjs.org/@turbo/darwin-arm64/-/darwin-arm64-2.10.11.tgz 0ms (cache hit)
5136 http cache typescript@https://registry.npmjs.org/typescript/-/typescript-5.9.3.tgz 0ms (cache hit)
5137 http cache turbo@https://registry.npmjs.org/turbo/-/turbo-2.10.11.tgz 0ms (cache hit)
5138 http cache schema-utils@https://registry.npmjs.org/schema-utils/-/schema-utils-4.3.3.tgz 0ms (cache hit)
5139 http cache supports-color@https://registry.npmjs.org/supports-color/-/supports-color-8.1.1.tgz 0ms (cache hit)
5140 http cache wrap-ansi@https://registry.npmjs.org/wrap-ansi/-/wrap-ansi-7.0.0.tgz 0ms (cache hit)
5141 http cache ajv-formats@https://registry.npmjs.org/ajv-formats/-/ajv-formats-2.1.1.tgz 0ms (cache hit)
5142 http cache commander@https://registry.npmjs.org/commander/-/commander-2.20.3.tgz 0ms (cache hit)
5143 http cache estraverse@https://registry.npmjs.org/estraverse/-/estraverse-5.3.0.tgz 0ms (cache hit)
5144 http cache jest-worker@https://registry.npmjs.org/jest-worker/-/jest-worker-27.5.1.tgz 0ms (cache hit)
5145 http cache ajv-formats@https://registry.npmjs.org/ajv-formats/-/ajv-formats-2.1.1.tgz 0ms (cache hit)
5146 http cache supports-color@https://registry.npmjs.org/supports-color/-/supports-color-8.1.1.tgz 0ms (cache hit)
5147 http cache jest-worker@https://registry.npmjs.org/jest-worker/-/jest-worker-27.5.1.tgz 0ms (cache hit)
5148 http cache @tailwindcss/postcss@https://registry.npmjs.org/@tailwindcss/postcss/-/postcss-4.3.3.tgz 0ms (cache hit)
5149 http cache minipass@https://registry.npmjs.org/minipass/-/minipass-3.3.6.tgz 0ms (cache hit)
5150 http cache yallist@https://registry.npmjs.org/yallist/-/yallist-4.0.0.tgz 0ms (cache hit)
5151 http cache schema-utils@https://registry.npmjs.org/schema-utils/-/schema-utils-4.3.3.tgz 0ms (cache hit)
5152 http cache source-map@https://registry.npmjs.org/source-map/-/source-map-0.6.1.tgz 0ms (cache hit)
5153 http cache @jridgewell/trace-mapping@https://registry.npmjs.org/@jridgewell/trace-mapping/-/trace-mapping-0.3.9.tgz 0ms (cache hit)
5154 http cache yallist@https://registry.npmjs.org/yallist/-/yallist-4.0.0.tgz 0ms (cache hit)
5155 http cache minipass@https://registry.npmjs.org/minipass/-/minipass-3.3.6.tgz 0ms (cache hit)
5156 http cache safe-buffer@https://registry.npmjs.org/safe-buffer/-/safe-buffer-5.1.2.tgz 0ms (cache hit)
5157 http cache dotenv@https://registry.npmjs.org/dotenv/-/dotenv-16.6.1.tgz 0ms (cache hit)
5158 http cache citty@https://registry.npmjs.org/citty/-/citty-0.2.2.tgz 0ms (cache hit)
5159 http cache signal-exit@https://registry.npmjs.org/signal-exit/-/signal-exit-3.0.7.tgz 0ms (cache hit)
5160 http cache signal-exit@https://registry.npmjs.org/signal-exit/-/signal-exit-3.0.7.tgz 0ms (cache hit)
5161 http cache readable-stream@https://registry.npmjs.org/readable-stream/-/readable-stream-3.6.2.tgz 0ms (cache hit)
5162 http cache safe-buffer@https://registry.npmjs.org/safe-buffer/-/safe-buffer-5.1.2.tgz 0ms (cache hit)
5163 http cache p-limit@https://registry.npmjs.org/p-limit/-/p-limit-2.3.0.tgz 0ms (cache hit)
5164 http cache picomatch@https://registry.npmjs.org/picomatch/-/picomatch-2.3.2.tgz 0ms (cache hit)
5165 http cache resolve-from@https://registry.npmjs.org/resolve-from/-/resolve-from-5.0.0.tgz 0ms (cache hit)
5166 http cache signal-exit@https://registry.npmjs.org/signal-exit/-/signal-exit-3.0.7.tgz 0ms (cache hit)
5167 http cache @jridgewell/remapping@https://registry.npmjs.org/@jridgewell/remapping/-/remapping-2.3.5.tgz 0ms (cache hit)
5168 http cache glob@https://registry.npmjs.org/glob/-/glob-7.2.3.tgz 0ms (cache hit)
5169 http cache readable-stream@https://registry.npmjs.org/readable-stream/-/readable-stream-3.6.2.tgz 0ms (cache hit)
5170 http cache resolve-from@https://registry.npmjs.org/resolve-from/-/resolve-from-5.0.0.tgz 0ms (cache hit)
5171 http cache js-yaml@https://registry.npmjs.org/js-yaml/-/js-yaml-3.15.1.tgz 0ms (cache hit)
5172 http cache signal-exit@https://registry.npmjs.org/signal-exit/-/signal-exit-3.0.7.tgz 0ms (cache hit)
5173 http cache argparse@https://registry.npmjs.org/argparse/-/argparse-1.0.10.tgz 0ms (cache hit)
5174 http cache semver@https://registry.npmjs.org/semver/-/semver-6.3.1.tgz 0ms (cache hit)
5175 http cache istanbul-lib-instrument@https://registry.npmjs.org/istanbul-lib-instrument/-/istanbul-lib-instrument-5.2.1.tgz 0ms (cache hit)
5176 http cache supports-color@https://registry.npmjs.org/supports-color/-/supports-color-8.1.1.tgz 0ms (cache hit)
5177 http cache semver@https://registry.npmjs.org/semver/-/semver-6.3.1.tgz 0ms (cache hit)
5178 http cache source-map@https://registry.npmjs.org/source-map/-/source-map-0.6.1.tgz 0ms (cache hit)
5179 http cache camelcase@https://registry.npmjs.org/camelcase/-/camelcase-6.3.0.tgz 0ms (cache hit)
5180 http cache picomatch@https://registry.npmjs.org/picomatch/-/picomatch-2.3.2.tgz 0ms (cache hit)
5181 http cache glob@https://registry.npmjs.org/glob/-/glob-7.2.3.tgz 0ms (cache hit)
5182 http cache make-dir@https://registry.npmjs.org/make-dir/-/make-dir-4.0.0.tgz 0ms (cache hit)
5183 http cache semver@https://registry.npmjs.org/semver/-/semver-6.3.1.tgz 0ms (cache hit)
5184 http cache source-map@https://registry.npmjs.org/source-map/-/source-map-0.6.1.tgz 0ms (cache hit)
5185 http cache source-map-support@https://registry.npmjs.org/source-map-support/-/source-map-support-0.5.13.tgz 0ms (cache hit)
5186 http cache glob@https://registry.npmjs.org/glob/-/glob-7.2.3.tgz 0ms (cache hit)
5187 http cache glob@https://registry.npmjs.org/glob/-/glob-7.2.3.tgz 0ms (cache hit)
5188 http cache lru-cache@https://registry.npmjs.org/lru-cache/-/lru-cache-11.5.2.tgz 0ms (cache hit)
5189 http cache ajv@https://registry.npmjs.org/ajv/-/ajv-6.15.0.tgz 0ms (cache hit)
5190 http cache ajv-keywords@https://registry.npmjs.org/ajv-keywords/-/ajv-keywords-3.5.2.tgz 0ms (cache hit)
5191 http cache json-schema-traverse@https://registry.npmjs.org/json-schema-traverse/-/json-schema-traverse-0.4.1.tgz 0ms (cache hit)
5192 http cache content-type@https://registry.npmjs.org/content-type/-/content-type-2.1.0.tgz 0ms (cache hit)
5193 http cache content-type@https://registry.npmjs.org/content-type/-/content-type-2.1.0.tgz 0ms (cache hit)
5194 http cache content-type@https://registry.npmjs.org/content-type/-/content-type-2.1.0.tgz 0ms (cache hit)
5195 http cache minipass@https://registry.npmjs.org/minipass/-/minipass-5.0.0.tgz 0ms (cache hit)
5196 http cache yallist@https://registry.npmjs.org/yallist/-/yallist-4.0.0.tgz 0ms (cache hit)
5197 http cache glob@https://registry.npmjs.org/glob/-/glob-7.2.3.tgz 0ms (cache hit)
5198 http cache mkdirp@https://registry.npmjs.org/mkdirp/-/mkdirp-1.0.4.tgz 0ms (cache hit)
5199 http cache semver@https://registry.npmjs.org/semver/-/semver-6.3.1.tgz 0ms (cache hit)
5200 http cache mime-db@https://registry.npmjs.org/mime-db/-/mime-db-1.52.0.tgz 0ms (cache hit)
5201 http cache picomatch@https://registry.npmjs.org/picomatch/-/picomatch-2.3.2.tgz 0ms (cache hit)
5202 http cache mime-types@https://registry.npmjs.org/mime-types/-/mime-types-2.1.35.tgz 0ms (cache hit)
5203 http cache ansi-styles@https://registry.npmjs.org/ansi-styles/-/ansi-styles-5.2.0.tgz 0ms (cache hit)
5204 http cache magic-string@https://registry.npmjs.org/magic-string/-/magic-string-0.30.21.tgz 0ms (cache hit)
5205 http cache dotenv@https://registry.npmjs.org/dotenv/-/dotenv-16.6.1.tgz 0ms (cache hit)
5206 http cache minimatch@https://registry.npmjs.org/minimatch/-/minimatch-10.2.6.tgz 0ms (cache hit)
5207 http cache balanced-match@https://registry.npmjs.org/balanced-match/-/balanced-match-4.0.4.tgz 0ms (cache hit)
5208 http cache @inquirer/prompts@https://registry.npmjs.org/@inquirer/prompts/-/prompts-7.3.2.tgz 0ms (cache hit)
5209 http cache rxjs@https://registry.npmjs.org/rxjs/-/rxjs-7.8.1.tgz 0ms (cache hit)
5210 http cache postcss@https://registry.npmjs.org/postcss/-/postcss-8.4.31.tgz 0ms (cache hit)
5211 http cache rxjs@https://registry.npmjs.org/rxjs/-/rxjs-7.8.1.tgz 0ms (cache hit)
5212 http cache brace-expansion@https://registry.npmjs.org/brace-expansion/-/brace-expansion-5.0.9.tgz 0ms (cache hit)
5213 http cache strip-bom@https://registry.npmjs.org/strip-bom/-/strip-bom-3.0.0.tgz 1ms (cache hit)
5214 http cache ajv-formats@https://registry.npmjs.org/ajv-formats/-/ajv-formats-2.1.1.tgz 0ms (cache hit)
5215 http cache schema-utils@https://registry.npmjs.org/schema-utils/-/schema-utils-4.3.3.tgz 0ms (cache hit)
5216 http cache type-fest@https://registry.npmjs.org/type-fest/-/type-fest-4.41.0.tgz 0ms (cache hit)
5217 http cache mime-db@https://registry.npmjs.org/mime-db/-/mime-db-1.52.0.tgz 0ms (cache hit)
5218 http cache source-map@https://registry.npmjs.org/source-map/-/source-map-0.6.1.tgz 0ms (cache hit)
5219 http cache type-is@https://registry.npmjs.org/type-is/-/type-is-1.6.18.tgz 0ms (cache hit)
5220 http cache mime-types@https://registry.npmjs.org/mime-types/-/mime-types-2.1.35.tgz 0ms (cache hit)
5221 http cache rxjs@https://registry.npmjs.org/rxjs/-/rxjs-7.8.1.tgz 0ms (cache hit)
5222 http cache @angular-devkit/core@https://registry.npmjs.org/@angular-devkit/core/-/core-19.2.24.tgz 0ms (cache hit)
5223 http cache media-typer@https://registry.npmjs.org/media-typer/-/media-typer-0.3.0.tgz 0ms (cache hit)
5224 http cache @angular-devkit/schematics@https://registry.npmjs.org/@angular-devkit/schematics/-/schematics-19.2.24.tgz 0ms (cache hit)
5225 http cache mime-db@https://registry.npmjs.org/mime-db/-/mime-db-1.52.0.tgz 0ms (cache hit)
5226 http cache mime-types@https://registry.npmjs.org/mime-types/-/mime-types-2.1.35.tgz 0ms (cache hit)
5227 http cache type-is@https://registry.npmjs.org/type-is/-/type-is-1.6.18.tgz 0ms (cache hit)
5228 http cache media-typer@https://registry.npmjs.org/media-typer/-/media-typer-0.3.0.tgz 0ms (cache hit)
5229 http cache readable-stream@https://registry.npmjs.org/readable-stream/-/readable-stream-3.6.2.tgz 0ms (cache hit)
5230 http cache concat-stream@https://registry.npmjs.org/concat-stream/-/concat-stream-2.0.0.tgz 0ms (cache hit)
5231 http cache multer@https://registry.npmjs.org/multer/-/multer-2.2.0.tgz 0ms (cache hit)
5232 http cache ajv-formats@https://registry.npmjs.org/ajv-formats/-/ajv-formats-2.1.1.tgz 0ms (cache hit)
5233 http cache schema-utils@https://registry.npmjs.org/schema-utils/-/schema-utils-4.3.3.tgz 0ms (cache hit)
5234 http cache webpack@https://registry.npmjs.org/webpack/-/webpack-5.106.2.tgz 0ms (cache hit)
5235 silly tarball no local data for punycode@https://registry.npmjs.org/punycode/-/punycode-2.3.1.tgz. Extracting by manifest.
5236 silly tarball no local data for uri-js@https://registry.npmjs.org/uri-js/-/uri-js-4.4.1.tgz. Extracting by manifest.
5237 silly tarball no local data for ajv-keywords@https://registry.npmjs.org/ajv-keywords/-/ajv-keywords-5.1.0.tgz. Extracting by manifest.
5238 silly tarball no local data for p-try@https://registry.npmjs.org/p-try/-/p-try-2.2.0.tgz. Extracting by manifest.
5239 silly tarball no local data for @types/eslint@https://registry.npmjs.org/@types/eslint/-/eslint-9.6.1.tgz. Extracting by manifest.
5240 silly tarball no local data for loader-runner@https://registry.npmjs.org/loader-runner/-/loader-runner-4.3.2.tgz. Extracting by manifest.
5241 silly tarball no local data for glob-to-regexp@https://registry.npmjs.org/glob-to-regexp/-/glob-to-regexp-0.4.1.tgz. Extracting by manifest.
5242 silly tarball no local data for acorn-import-phases@https://registry.npmjs.org/acorn-import-phases/-/acorn-import-phases-1.0.4.tgz. Extracting by manifest.
5243 silly tarball no local data for @types/eslint-scope@https://registry.npmjs.org/@types/eslint-scope/-/eslint-scope-3.7.7.tgz. Extracting by manifest.
5244 silly tarball no local data for path-is-absolute@https://registry.npmjs.org/path-is-absolute/-/path-is-absolute-1.0.1.tgz. Extracting by manifest.
5245 silly tarball no local data for fs.realpath@https://registry.npmjs.org/fs.realpath/-/fs.realpath-1.0.0.tgz. Extracting by manifest.
5246 silly tarball no local data for sprintf-js@https://registry.npmjs.org/sprintf-js/-/sprintf-js-1.0.3.tgz. Extracting by manifest.
5247 silly tarball no local data for y18n@https://registry.npmjs.org/y18n/-/y18n-5.0.8.tgz. Extracting by manifest.
5248 silly tarball no local data for terser-webpack-plugin@https://registry.npmjs.org/terser-webpack-plugin/-/terser-webpack-plugin-5.6.1.tgz. Extracting by manifest.
5249 silly tarball no local data for require-directory@https://registry.npmjs.org/require-directory/-/require-directory-2.1.1.tgz. Extracting by manifest.
5250 silly tarball no local data for get-caller-file@https://registry.npmjs.org/get-caller-file/-/get-caller-file-2.0.5.tgz. Extracting by manifest.
5251 silly tarball no local data for cliui@https://registry.npmjs.org/cliui/-/cliui-8.0.1.tgz. Extracting by manifest.
5252 silly tarball no local data for inflight@https://registry.npmjs.org/inflight/-/inflight-1.0.6.tgz. Extracting by manifest.
5253 silly tarball no local data for imurmurhash@https://registry.npmjs.org/imurmurhash/-/imurmurhash-0.1.4.tgz. Extracting by manifest.
5254 silly tarball no local data for isexe@https://registry.npmjs.org/isexe/-/isexe-2.0.0.tgz. Extracting by manifest.
5255 silly tarball no local data for tr46@https://registry.npmjs.org/tr46/-/tr46-0.0.3.tgz. Extracting by manifest.
5256 silly tarball no local data for webidl-conversions@https://registry.npmjs.org/webidl-conversions/-/webidl-conversions-3.0.1.tgz. Extracting by manifest.
5257 silly tarball no local data for @jridgewell/source-map@https://registry.npmjs.org/@jridgewell/source-map/-/source-map-0.3.11.tgz. Extracting by manifest.
5258 silly tarball no local data for terser@https://registry.npmjs.org/terser/-/terser-5.50.0.tgz. Extracting by manifest.
5259 silly tarball no local data for estraverse@https://registry.npmjs.org/estraverse/-/estraverse-4.3.0.tgz. Extracting by manifest.
5260 silly tarball no local data for esrecurse@https://registry.npmjs.org/esrecurse/-/esrecurse-4.3.0.tgz. Extracting by manifest.
5261 silly tarball no local data for @xtuc/ieee754@https://registry.npmjs.org/@xtuc/ieee754/-/ieee754-1.2.0.tgz. Extracting by manifest.
5262 silly tarball no local data for @webassemblyjs/utf8@https://registry.npmjs.org/@webassemblyjs/utf8/-/utf8-1.13.2.tgz. Extracting by manifest.
5263 silly tarball no local data for @webassemblyjs/leb128@https://registry.npmjs.org/@webassemblyjs/leb128/-/leb128-1.13.2.tgz. Extracting by manifest.
5264 silly tarball no local data for @webassemblyjs/ieee754@https://registry.npmjs.org/@webassemblyjs/ieee754/-/ieee754-1.13.2.tgz. Extracting by manifest.
5265 silly tarball no local data for @webassemblyjs/wasm-gen@https://registry.npmjs.org/@webassemblyjs/wasm-gen/-/wasm-gen-1.14.1.tgz. Extracting by manifest.
5266 silly tarball no local data for @webassemblyjs/wasm-opt@https://registry.npmjs.org/@webassemblyjs/wasm-opt/-/wasm-opt-1.14.1.tgz. Extracting by manifest.
5267 silly tarball no local data for @webassemblyjs/helper-wasm-section@https://registry.npmjs.org/@webassemblyjs/helper-wasm-section/-/helper-wasm-section-1.14.1.tgz. Extracting by manifest.
5268 silly tarball no local data for @xtuc/long@https://registry.npmjs.org/@xtuc/long/-/long-4.2.2.tgz. Extracting by manifest.
5269 silly tarball no local data for @webassemblyjs/helper-buffer@https://registry.npmjs.org/@webassemblyjs/helper-buffer/-/helper-buffer-1.14.1.tgz. Extracting by manifest.
5270 silly tarball no local data for @webassemblyjs/floating-point-hex-parser@https://registry.npmjs.org/@webassemblyjs/floating-point-hex-parser/-/floating-point-hex-parser-1.13.2.tgz. Extracting by manifest.
5271 silly tarball no local data for @webassemblyjs/wast-printer@https://registry.npmjs.org/@webassemblyjs/wast-printer/-/wast-printer-1.14.1.tgz. Extracting by manifest.
5272 silly tarball no local data for @webassemblyjs/helper-api-error@https://registry.npmjs.org/@webassemblyjs/helper-api-error/-/helper-api-error-1.13.2.tgz. Extracting by manifest.
5273 silly tarball no local data for @webassemblyjs/helper-wasm-bytecode@https://registry.npmjs.org/@webassemblyjs/helper-wasm-bytecode/-/helper-wasm-bytecode-1.13.2.tgz. Extracting by manifest.
5274 silly tarball no local data for webpack-sources@https://registry.npmjs.org/webpack-sources/-/webpack-sources-3.5.1.tgz. Extracting by manifest.
5275 silly tarball no local data for @webassemblyjs/helper-numbers@https://registry.npmjs.org/@webassemblyjs/helper-numbers/-/helper-numbers-1.13.2.tgz. Extracting by manifest.
5276 silly tarball no local data for minimizer-webpack-plugin@https://registry.npmjs.org/minimizer-webpack-plugin/-/minimizer-webpack-plugin-5.6.1.tgz. Extracting by manifest.
5277 silly tarball no local data for watchpack@https://registry.npmjs.org/watchpack/-/watchpack-2.5.2.tgz. Extracting by manifest.
5278 silly tarball no local data for events@https://registry.npmjs.org/events/-/events-3.3.0.tgz. Extracting by manifest.
5279 silly tarball no local data for eslint-scope@https://registry.npmjs.org/eslint-scope/-/eslint-scope-5.1.1.tgz. Extracting by manifest.
5280 silly tarball no local data for es-module-lexer@https://registry.npmjs.org/es-module-lexer/-/es-module-lexer-2.3.2.tgz. Extracting by manifest.
5281 silly tarball no local data for @webassemblyjs/wasm-parser@https://registry.npmjs.org/@webassemblyjs/wasm-parser/-/wasm-parser-1.14.1.tgz. Extracting by manifest.
5282 silly tarball no local data for chrome-trace-event@https://registry.npmjs.org/chrome-trace-event/-/chrome-trace-event-1.0.4.tgz. Extracting by manifest.
5283 silly tarball no local data for @webassemblyjs/wasm-edit@https://registry.npmjs.org/@webassemblyjs/wasm-edit/-/wasm-edit-1.14.1.tgz. Extracting by manifest.
5284 silly tarball no local data for @webassemblyjs/ast@https://registry.npmjs.org/@webassemblyjs/ast/-/ast-1.14.1.tgz. Extracting by manifest.
5285 silly tarball no local data for @types/estree@https://registry.npmjs.org/@types/estree/-/estree-1.0.9.tgz. Extracting by manifest.
5286 silly tarball no local data for defaults@https://registry.npmjs.org/defaults/-/defaults-1.0.4.tgz. Extracting by manifest.
5287 silly tarball no local data for clone@https://registry.npmjs.org/clone/-/clone-1.0.4.tgz. Extracting by manifest.
5288 silly tarball no local data for tmpl@https://registry.npmjs.org/tmpl/-/tmpl-1.0.5.tgz. Extracting by manifest.
5289 silly tarball no local data for makeerror@https://registry.npmjs.org/makeerror/-/makeerror-1.0.12.tgz. Extracting by manifest.
5290 silly tarball no local data for escalade@https://registry.npmjs.org/escalade/-/escalade-3.2.0.tgz. Extracting by manifest.
5291 silly tarball no local data for @lukeed/csprng@https://registry.npmjs.org/@lukeed/csprng/-/csprng-1.1.0.tgz. Extracting by manifest.
5292 silly tarball no local data for v8-compile-cache-lib@https://registry.npmjs.org/v8-compile-cache-lib/-/v8-compile-cache-lib-3.0.1.tgz. Extracting by manifest.
5293 silly tarball no local data for yn@https://registry.npmjs.org/yn/-/yn-3.1.1.tgz. Extracting by manifest.
5294 silly tarball no local data for media-typer@https://registry.npmjs.org/media-typer/-/media-typer-1.1.1.tgz. Extracting by manifest.
5295 silly tarball no local data for diff@https://registry.npmjs.org/diff/-/diff-4.0.4.tgz. Extracting by manifest.
5296 silly tarball no local data for create-require@https://registry.npmjs.org/create-require/-/create-require-1.1.1.tgz. Extracting by manifest.
5297 silly tarball no local data for arg@https://registry.npmjs.org/arg/-/arg-4.1.3.tgz. Extracting by manifest.
5298 silly tarball no local data for acorn-walk@https://registry.npmjs.org/acorn-walk/-/acorn-walk-8.3.5.tgz. Extracting by manifest.
5299 silly tarball no local data for @tsconfig/node16@https://registry.npmjs.org/@tsconfig/node16/-/node16-1.0.4.tgz. Extracting by manifest.
5300 silly tarball no local data for @tsconfig/node14@https://registry.npmjs.org/@tsconfig/node14/-/node14-1.0.3.tgz. Extracting by manifest.
5301 silly tarball no local data for @tsconfig/node10@https://registry.npmjs.org/@tsconfig/node10/-/node10-1.0.13.tgz. Extracting by manifest.
5302 silly tarball no local data for @tsconfig/node12@https://registry.npmjs.org/@tsconfig/node12/-/node12-1.0.11.tgz. Extracting by manifest.
5303 silly tarball no local data for @cspotcode/source-map-support@https://registry.npmjs.org/@cspotcode/source-map-support/-/source-map-support-0.8.1.tgz. Extracting by manifest.
5304 silly tarball no local data for acorn@https://registry.npmjs.org/acorn/-/acorn-8.18.0.tgz. Extracting by manifest.
5305 silly tarball no local data for uglify-js@https://registry.npmjs.org/uglify-js/-/uglify-js-3.19.3.tgz. Extracting by manifest.
5306 silly tarball no local data for neo-async@https://registry.npmjs.org/neo-async/-/neo-async-2.6.2.tgz. Extracting by manifest.
5307 silly tarball no local data for wordwrap@https://registry.npmjs.org/wordwrap/-/wordwrap-1.0.0.tgz. Extracting by manifest.
5308 silly tarball no local data for lodash.memoize@https://registry.npmjs.org/lodash.memoize/-/lodash.memoize-4.1.2.tgz. Extracting by manifest.
5309 silly tarball no local data for handlebars@https://registry.npmjs.org/handlebars/-/handlebars-4.7.9.tgz. Extracting by manifest.
5310 silly tarball no local data for bs-logger@https://registry.npmjs.org/bs-logger/-/bs-logger-0.2.6.tgz. Extracting by manifest.
5311 silly tarball no local data for @borewit/text-codec@https://registry.npmjs.org/@borewit/text-codec/-/text-codec-0.2.2.tgz. Extracting by manifest.
5312 silly tarball no local data for make-error@https://registry.npmjs.org/make-error/-/make-error-1.3.6.tgz. Extracting by manifest.
5313 silly tarball no local data for is-number@https://registry.npmjs.org/is-number/-/is-number-7.0.0.tgz. Extracting by manifest.
5314 silly tarball no local data for minizlib@https://registry.npmjs.org/minizlib/-/minizlib-2.1.2.tgz. Extracting by manifest.
5315 silly tarball no local data for chownr@https://registry.npmjs.org/chownr/-/chownr-2.0.0.tgz. Extracting by manifest.
5316 silly tarball no local data for has-flag@https://registry.npmjs.org/has-flag/-/has-flag-4.0.0.tgz. Extracting by manifest.
5317 silly tarball no local data for fs-minipass@https://registry.npmjs.org/fs-minipass/-/fs-minipass-2.1.0.tgz. Extracting by manifest.
5318 silly tarball no local data for asap@https://registry.npmjs.org/asap/-/asap-2.0.6.tgz. Extracting by manifest.
5319 silly tarball no local data for @noble/hashes@https://registry.npmjs.org/@noble/hashes/-/hashes-1.8.0.tgz. Extracting by manifest.
5320 silly tarball no local data for @paralleldrive/cuid2@https://registry.npmjs.org/@paralleldrive/cuid2/-/cuid2-2.3.1.tgz. Extracting by manifest.
5321 silly tarball no local data for dezalgo@https://registry.npmjs.org/dezalgo/-/dezalgo-1.0.4.tgz. Extracting by manifest.
5322 silly tarball no local data for formidable@https://registry.npmjs.org/formidable/-/formidable-3.5.4.tgz. Extracting by manifest.
5323 silly tarball no local data for cookiejar@https://registry.npmjs.org/cookiejar/-/cookiejar-2.1.4.tgz. Extracting by manifest.
5324 silly tarball no local data for superagent@https://registry.npmjs.org/superagent/-/superagent-10.3.0.tgz. Extracting by manifest.
5325 silly tarball no local data for component-emitter@https://registry.npmjs.org/component-emitter/-/component-emitter-1.3.1.tgz. Extracting by manifest.
5326 silly tarball no local data for client-only@https://registry.npmjs.org/client-only/-/client-only-0.0.1.tgz. Extracting by manifest.
5327 silly tarball no local data for mime@https://registry.npmjs.org/mime/-/mime-2.6.0.tgz. Extracting by manifest.
5328 silly tarball no local data for methods@https://registry.npmjs.org/methods/-/methods-1.1.2.tgz. Extracting by manifest.
5329 silly tarball no local data for @tokenizer/token@https://registry.npmjs.org/@tokenizer/token/-/token-0.3.0.tgz. Extracting by manifest.
5330 silly tarball no local data for is-fullwidth-code-point@https://registry.npmjs.org/is-fullwidth-code-point/-/is-fullwidth-code-point-3.0.0.tgz. Extracting by manifest.
5331 silly tarball no local data for emoji-regex@https://registry.npmjs.org/emoji-regex/-/emoji-regex-8.0.0.tgz. Extracting by manifest.
5332 silly tarball no local data for ansi-regex@https://registry.npmjs.org/ansi-regex/-/ansi-regex-5.0.1.tgz. Extracting by manifest.
5333 silly tarball no local data for escape-string-regexp@https://registry.npmjs.org/escape-string-regexp/-/escape-string-regexp-2.0.0.tgz. Extracting by manifest.
5334 silly tarball no local data for char-regex@https://registry.npmjs.org/char-regex/-/char-regex-1.0.2.tgz. Extracting by manifest.
5335 silly tarball no local data for call-bound@https://registry.npmjs.org/call-bound/-/call-bound-1.0.4.tgz. Extracting by manifest.
5336 silly tarball no local data for side-channel-weakmap@https://registry.npmjs.org/side-channel-weakmap/-/side-channel-weakmap-1.0.2.tgz. Extracting by manifest.
5337 silly tarball no local data for side-channel-list@https://registry.npmjs.org/side-channel-list/-/side-channel-list-1.0.1.tgz. Extracting by manifest.
5338 silly tarball no local data for object-inspect@https://registry.npmjs.org/object-inspect/-/object-inspect-1.13.4.tgz. Extracting by manifest.
5339 silly tarball no local data for side-channel-map@https://registry.npmjs.org/side-channel-map/-/side-channel-map-1.0.1.tgz. Extracting by manifest.
5340 silly tarball no local data for shebang-regex@https://registry.npmjs.org/shebang-regex/-/shebang-regex-3.0.0.tgz. Extracting by manifest.
5341 silly tarball no local data for @img/sharp-libvips-darwin-arm64@https://registry.npmjs.org/@img/sharp-libvips-darwin-arm64/-/sharp-libvips-darwin-arm64-1.2.4.tgz. Extracting by manifest.
5342 silly tarball no local data for @img/sharp-darwin-arm64@https://registry.npmjs.org/@img/sharp-darwin-arm64/-/sharp-darwin-arm64-0.34.5.tgz. Extracting by manifest.
5343 silly tarball no local data for @img/colour@https://registry.npmjs.org/@img/colour/-/colour-1.1.0.tgz. Extracting by manifest.
5344 silly tarball no local data for @types/json-schema@https://registry.npmjs.org/@types/json-schema/-/json-schema-7.0.15.tgz. Extracting by manifest.
5345 silly tarball no local data for supports-preserve-symlinks-flag@https://registry.npmjs.org/supports-preserve-symlinks-flag/-/supports-preserve-symlinks-flag-1.0.0.tgz. Extracting by manifest.
5346 silly tarball no local data for path-parse@https://registry.npmjs.org/path-parse/-/path-parse-1.0.7.tgz. Extracting by manifest.
5347 silly tarball no local data for util-deprecate@https://registry.npmjs.org/util-deprecate/-/util-deprecate-1.0.2.tgz. Extracting by manifest.
5348 silly tarball no local data for string_decoder@https://registry.npmjs.org/string_decoder/-/string_decoder-1.1.1.tgz. Extracting by manifest.
5349 silly tarball no local data for process-nextick-args@https://registry.npmjs.org/process-nextick-args/-/process-nextick-args-2.0.1.tgz. Extracting by manifest.
5350 silly tarball no local data for is-core-module@https://registry.npmjs.org/is-core-module/-/is-core-module-2.16.2.tgz. Extracting by manifest.
5351 silly tarball no local data for isarray@https://registry.npmjs.org/isarray/-/isarray-1.0.0.tgz. Extracting by manifest.
5352 silly tarball no local data for is-promise@https://registry.npmjs.org/is-promise/-/is-promise-4.0.0.tgz. Extracting by manifest.
5353 silly tarball no local data for scheduler@https://registry.npmjs.org/scheduler/-/scheduler-0.27.0.tgz. Extracting by manifest.
5354 silly tarball no local data for destr@https://registry.npmjs.org/destr/-/destr-2.0.5.tgz. Extracting by manifest.
5355 silly tarball no local data for core-util-is@https://registry.npmjs.org/core-util-is/-/core-util-is-1.0.3.tgz. Extracting by manifest.
5356 silly tarball no local data for unpipe@https://registry.npmjs.org/unpipe/-/unpipe-1.0.0.tgz. Extracting by manifest.
5357 silly tarball no local data for forwarded@https://registry.npmjs.org/forwarded/-/forwarded-0.2.0.tgz. Extracting by manifest.
5358 silly tarball no local data for sisteransi@https://registry.npmjs.org/sisteransi/-/sisteransi-1.0.5.tgz. Extracting by manifest.
5359 silly tarball no local data for side-channel@https://registry.npmjs.org/side-channel/-/side-channel-1.1.1.tgz. Extracting by manifest.
5360 silly tarball no local data for kleur@https://registry.npmjs.org/kleur/-/kleur-3.0.3.tgz. Extracting by manifest.
5361 silly tarball no local data for tinyexec@https://registry.npmjs.org/tinyexec/-/tinyexec-1.3.0.tgz. Extracting by manifest.
5362 silly tarball no local data for nypm@https://registry.npmjs.org/nypm/-/nypm-0.6.9.tgz. Extracting by manifest.
5363 silly tarball no local data for node-fetch-native@https://registry.npmjs.org/node-fetch-native/-/node-fetch-native-1.6.7.tgz. Extracting by manifest.
5364 silly tarball no local data for consola@https://registry.npmjs.org/consola/-/consola-3.4.2.tgz. Extracting by manifest.
5365 silly tarball no local data for ipaddr.js@https://registry.npmjs.org/ipaddr.js/-/ipaddr.js-1.9.1.tgz. Extracting by manifest.
5366 silly tarball no local data for citty@https://registry.npmjs.org/citty/-/citty-0.1.6.tgz. Extracting by manifest.
5367 silly tarball no local data for fast-check@https://registry.npmjs.org/fast-check/-/fast-check-3.23.2.tgz. Extracting by manifest.
5368 silly tarball no local data for rc9@https://registry.npmjs.org/rc9/-/rc9-2.1.2.tgz. Extracting by manifest.
5369 silly tarball no local data for pkg-types@https://registry.npmjs.org/pkg-types/-/pkg-types-2.3.1.tgz. Extracting by manifest.
5370 silly tarball no local data for @standard-schema/spec@https://registry.npmjs.org/@standard-schema/spec/-/spec-1.1.0.tgz. Extracting by manifest.
5371 silly tarball no local data for perfect-debounce@https://registry.npmjs.org/perfect-debounce/-/perfect-debounce-1.0.0.tgz. Extracting by manifest.
5372 silly tarball no local data for pathe@https://registry.npmjs.org/pathe/-/pathe-2.0.3.tgz. Extracting by manifest.
5373 silly tarball no local data for ohash@https://registry.npmjs.org/ohash/-/ohash-2.0.12.tgz. Extracting by manifest.
5374 silly tarball no local data for giget@https://registry.npmjs.org/giget/-/giget-2.0.0.tgz. Extracting by manifest.
5375 silly tarball no local data for exsolve@https://registry.npmjs.org/exsolve/-/exsolve-1.1.1.tgz. Extracting by manifest.
5376 silly tarball no local data for defu@https://registry.npmjs.org/defu/-/defu-6.1.7.tgz. Extracting by manifest.
5377 silly tarball no local data for confbox@https://registry.npmjs.org/confbox/-/confbox-0.2.4.tgz. Extracting by manifest.
5378 silly tarball no local data for @prisma/fetch-engine@https://registry.npmjs.org/@prisma/fetch-engine/-/fetch-engine-6.19.3.tgz. Extracting by manifest.
5379 silly tarball no local data for @prisma/engines-version@https://registry.npmjs.org/@prisma/engines-version/-/engines-version-7.1.1-3.c2990dca591cba766e3b7ef5d9e8a84796e47ab7.tgz. Extracting by manifest.
5380 silly tarball no local data for @prisma/debug@https://registry.npmjs.org/@prisma/debug/-/debug-6.19.3.tgz. Extracting by manifest.
5381 silly tarball no local data for @prisma/get-platform@https://registry.npmjs.org/@prisma/get-platform/-/get-platform-6.19.3.tgz. Extracting by manifest.
5382 silly tarball no local data for empathic@https://registry.npmjs.org/empathic/-/empathic-2.0.0.tgz. Extracting by manifest.
5383 silly tarball no local data for effect@https://registry.npmjs.org/effect/-/effect-3.21.0.tgz. Extracting by manifest.
5384 silly tarball no local data for c12@https://registry.npmjs.org/c12/-/c12-3.1.0.tgz. Extracting by manifest.
5385 silly tarball no local data for @prisma/engines@https://registry.npmjs.org/@prisma/engines/-/engines-6.19.3.tgz. Extracting by manifest.
5386 silly tarball no local data for react-is@https://registry.npmjs.org/react-is/-/react-is-18.3.1.tgz. Extracting by manifest.
5387 silly tarball no local data for nanoid@https://registry.npmjs.org/nanoid/-/nanoid-3.3.18.tgz. Extracting by manifest.
5388 silly tarball no local data for utils-merge@https://registry.npmjs.org/utils-merge/-/utils-merge-1.0.1.tgz. Extracting by manifest.
5389 silly tarball no local data for pause@https://registry.npmjs.org/pause/-/pause-0.0.1.tgz. Extracting by manifest.
5390 silly tarball no local data for deepmerge-ts@https://registry.npmjs.org/deepmerge-ts/-/deepmerge-ts-7.1.5.tgz. Extracting by manifest.
5391 silly tarball no local data for passport-strategy@https://registry.npmjs.org/passport-strategy/-/passport-strategy-1.0.0.tgz. Extracting by manifest.
5392 silly tarball no local data for @prisma/config@https://registry.npmjs.org/@prisma/config/-/config-6.19.3.tgz. Extracting by manifest.
5393 silly tarball no local data for lines-and-columns@https://registry.npmjs.org/lines-and-columns/-/lines-and-columns-1.2.4.tgz. Extracting by manifest.
5394 silly tarball no local data for error-ex@https://registry.npmjs.org/error-ex/-/error-ex-1.3.4.tgz. Extracting by manifest.
5395 silly tarball no local data for yocto-queue@https://registry.npmjs.org/yocto-queue/-/yocto-queue-0.1.0.tgz. Extracting by manifest.
5396 silly tarball no local data for json-parse-even-better-errors@https://registry.npmjs.org/json-parse-even-better-errors/-/json-parse-even-better-errors-2.3.1.tgz. Extracting by manifest.
5397 silly tarball no local data for restore-cursor@https://registry.npmjs.org/restore-cursor/-/restore-cursor-3.1.0.tgz. Extracting by manifest.
5398 silly tarball no local data for ieee754@https://registry.npmjs.org/ieee754/-/ieee754-1.2.1.tgz. Extracting by manifest.
5399 silly tarball no local data for buffer@https://registry.npmjs.org/buffer/-/buffer-5.7.1.tgz. Extracting by manifest.
5400 silly tarball no local data for wcwidth@https://registry.npmjs.org/wcwidth/-/wcwidth-1.0.1.tgz. Extracting by manifest.
5401 silly tarball no local data for is-arrayish@https://registry.npmjs.org/is-arrayish/-/is-arrayish-0.2.1.tgz. Extracting by manifest.
5402 silly tarball no local data for log-symbols@https://registry.npmjs.org/log-symbols/-/log-symbols-4.1.0.tgz. Extracting by manifest.
5403 silly tarball no local data for is-unicode-supported@https://registry.npmjs.org/is-unicode-supported/-/is-unicode-supported-0.1.0.tgz. Extracting by manifest.
5404 silly tarball no local data for base64-js@https://registry.npmjs.org/base64-js/-/base64-js-1.5.1.tgz. Extracting by manifest.
5405 silly tarball no local data for cli-spinners@https://registry.npmjs.org/cli-spinners/-/cli-spinners-2.9.2.tgz. Extracting by manifest.
5406 silly tarball no local data for bl@https://registry.npmjs.org/bl/-/bl-4.1.0.tgz. Extracting by manifest.
5407 silly tarball no local data for mimic-fn@https://registry.npmjs.org/mimic-fn/-/mimic-fn-2.1.0.tgz. Extracting by manifest.
5408 silly tarball no local data for wrappy@https://registry.npmjs.org/wrappy/-/wrappy-1.0.2.tgz. Extracting by manifest.
5409 silly tarball no local data for is-interactive@https://registry.npmjs.org/is-interactive/-/is-interactive-1.0.0.tgz. Extracting by manifest.
5410 silly tarball no local data for wide-align@https://registry.npmjs.org/wide-align/-/wide-align-1.1.5.tgz. Extracting by manifest.
5411 silly tarball no local data for has-unicode@https://registry.npmjs.org/has-unicode/-/has-unicode-2.0.1.tgz. Extracting by manifest.
5412 silly tarball no local data for color-support@https://registry.npmjs.org/color-support/-/color-support-1.1.3.tgz. Extracting by manifest.
5413 silly tarball no local data for aproba@https://registry.npmjs.org/aproba/-/aproba-2.1.0.tgz. Extracting by manifest.
5414 silly tarball no local data for delegates@https://registry.npmjs.org/delegates/-/delegates-1.0.0.tgz. Extracting by manifest.
5415 silly tarball no local data for set-blocking@https://registry.npmjs.org/set-blocking/-/set-blocking-2.0.0.tgz. Extracting by manifest.
5416 silly tarball no local data for gauge@https://registry.npmjs.org/gauge/-/gauge-3.0.2.tgz. Extracting by manifest.
5417 silly tarball no local data for console-control-strings@https://registry.npmjs.org/console-control-strings/-/console-control-strings-1.1.0.tgz. Extracting by manifest.
5418 silly tarball no local data for are-we-there-yet@https://registry.npmjs.org/are-we-there-yet/-/are-we-there-yet-2.0.0.tgz. Extracting by manifest.
5419 silly tarball no local data for abbrev@https://registry.npmjs.org/abbrev/-/abbrev-1.1.1.tgz. Extracting by manifest.
5420 silly tarball no local data for whatwg-url@https://registry.npmjs.org/whatwg-url/-/whatwg-url-5.0.0.tgz. Extracting by manifest.
5421 silly tarball no local data for ee-first@https://registry.npmjs.org/ee-first/-/ee-first-1.1.1.tgz. Extracting by manifest.
5422 silly tarball no local data for styled-jsx@https://registry.npmjs.org/styled-jsx/-/styled-jsx-5.1.6.tgz. Extracting by manifest.
5423 silly tarball no local data for cli-cursor@https://registry.npmjs.org/cli-cursor/-/cli-cursor-3.1.0.tgz. Extracting by manifest.
5424 silly tarball no local data for @next/swc-darwin-arm64@https://registry.npmjs.org/@next/swc-darwin-arm64/-/swc-darwin-arm64-15.5.23.tgz. Extracting by manifest.
5425 silly tarball no local data for @next/env@https://registry.npmjs.org/@next/env/-/env-15.5.23.tgz. Extracting by manifest.
5426 silly tarball no local data for sharp@https://registry.npmjs.org/sharp/-/sharp-0.34.5.tgz. Extracting by manifest.
5427 silly tarball no local data for @swc/helpers@https://registry.npmjs.org/@swc/helpers/-/helpers-0.5.15.tgz. Extracting by manifest.
5428 silly tarball no local data for typedarray@https://registry.npmjs.org/typedarray/-/typedarray-0.0.6.tgz. Extracting by manifest.
5429 silly tarball no local data for readable-stream@https://registry.npmjs.org/readable-stream/-/readable-stream-2.3.8.tgz. Extracting by manifest.
5430 silly tarball no local data for streamsearch@https://registry.npmjs.org/streamsearch/-/streamsearch-1.1.0.tgz. Extracting by manifest.
5431 silly tarball no local data for xtend@https://registry.npmjs.org/xtend/-/xtend-4.0.2.tgz. Extracting by manifest.
5432 silly tarball no local data for minimist@https://registry.npmjs.org/minimist/-/minimist-1.2.8.tgz. Extracting by manifest.
5433 silly tarball no local data for buffer-from@https://registry.npmjs.org/buffer-from/-/buffer-from-1.1.2.tgz. Extracting by manifest.
5434 silly tarball no local data for mkdirp@https://registry.npmjs.org/mkdirp/-/mkdirp-0.5.6.tgz. Extracting by manifest.
5435 silly tarball no local data for busboy@https://registry.npmjs.org/busboy/-/busboy-1.6.0.tgz. Extracting by manifest.
5436 silly tarball no local data for concat-stream@https://registry.npmjs.org/concat-stream/-/concat-stream-1.6.2.tgz. Extracting by manifest.
5437 silly tarball no local data for motion-utils@https://registry.npmjs.org/motion-utils/-/motion-utils-12.39.0.tgz. Extracting by manifest.
5438 silly tarball no local data for motion-dom@https://registry.npmjs.org/motion-dom/-/motion-dom-12.43.0.tgz. Extracting by manifest.
5439 silly tarball no local data for append-field@https://registry.npmjs.org/append-field/-/append-field-1.0.0.tgz. Extracting by manifest.
5440 silly tarball no local data for concat-map@https://registry.npmjs.org/concat-map/-/concat-map-0.0.1.tgz. Extracting by manifest.
5441 silly tarball no local data for balanced-match@https://registry.npmjs.org/balanced-match/-/balanced-match-1.0.2.tgz. Extracting by manifest.
5442 silly tarball no local data for brace-expansion@https://registry.npmjs.org/brace-expansion/-/brace-expansion-1.1.18.tgz. Extracting by manifest.
5443 silly tarball no local data for mime-db@https://registry.npmjs.org/mime-db/-/mime-db-1.54.0.tgz. Extracting by manifest.
5444 silly tarball no local data for framer-motion@https://registry.npmjs.org/framer-motion/-/framer-motion-12.43.0.tgz. Extracting by manifest.
5445 silly tarball no local data for to-regex-range@https://registry.npmjs.org/to-regex-range/-/to-regex-range-5.0.1.tgz. Extracting by manifest.
5446 silly tarball no local data for fill-range@https://registry.npmjs.org/fill-range/-/fill-range-7.1.1.tgz. Extracting by manifest.
5447 silly tarball no local data for fs-monkey@https://registry.npmjs.org/fs-monkey/-/fs-monkey-1.1.0.tgz. Extracting by manifest.
5448 silly tarball no local data for braces@https://registry.npmjs.org/braces/-/braces-3.0.3.tgz. Extracting by manifest.
5449 silly tarball no local data for p-locate@https://registry.npmjs.org/p-locate/-/p-locate-4.1.0.tgz. Extracting by manifest.
5450 silly tarball no local data for lightningcss-darwin-arm64@https://registry.npmjs.org/lightningcss-darwin-arm64/-/lightningcss-darwin-arm64-1.32.0.tgz. Extracting by manifest.
5451 silly tarball no local data for buffer-equal-constant-time@https://registry.npmjs.org/buffer-equal-constant-time/-/buffer-equal-constant-time-1.0.1.tgz. Extracting by manifest.
5452 silly tarball no local data for safe-buffer@https://registry.npmjs.org/safe-buffer/-/safe-buffer-5.2.1.tgz. Extracting by manifest.
5453 silly tarball no local data for jwa@https://registry.npmjs.org/jwa/-/jwa-2.0.1.tgz. Extracting by manifest.
5454 silly tarball no local data for ecdsa-sig-formatter@https://registry.npmjs.org/ecdsa-sig-formatter/-/ecdsa-sig-formatter-1.0.11.tgz. Extracting by manifest.
5455 silly tarball no local data for lodash.isstring@https://registry.npmjs.org/lodash.isstring/-/lodash.isstring-4.0.1.tgz. Extracting by manifest.
5456 silly tarball no local data for lodash.isplainobject@https://registry.npmjs.org/lodash.isplainobject/-/lodash.isplainobject-4.0.6.tgz. Extracting by manifest.
5457 silly tarball no local data for yallist@https://registry.npmjs.org/yallist/-/yallist-3.1.1.tgz. Extracting by manifest.
5458 silly tarball no local data for lodash.isnumber@https://registry.npmjs.org/lodash.isnumber/-/lodash.isnumber-3.0.3.tgz. Extracting by manifest.
5459 silly tarball no local data for lodash.isboolean@https://registry.npmjs.org/lodash.isboolean/-/lodash.isboolean-3.0.3.tgz. Extracting by manifest.
5460 silly tarball no local data for lodash.once@https://registry.npmjs.org/lodash.once/-/lodash.once-4.1.1.tgz. Extracting by manifest.
5461 silly tarball no local data for lodash.isinteger@https://registry.npmjs.org/lodash.isinteger/-/lodash.isinteger-4.0.4.tgz. Extracting by manifest.
5462 silly tarball no local data for lodash.includes@https://registry.npmjs.org/lodash.includes/-/lodash.includes-4.3.0.tgz. Extracting by manifest.
5463 silly tarball no local data for jws@https://registry.npmjs.org/jws/-/jws-4.0.1.tgz. Extracting by manifest.
5464 silly tarball no local data for argparse@https://registry.npmjs.org/argparse/-/argparse-2.0.1.tgz. Extracting by manifest.
5465 silly tarball no local data for @babel/plugin-syntax-typescript@https://registry.npmjs.org/@babel/plugin-syntax-typescript/-/plugin-syntax-typescript-7.29.7.tgz. Extracting by manifest.
5466 silly tarball no local data for natural-compare@https://registry.npmjs.org/natural-compare/-/natural-compare-1.4.0.tgz. Extracting by manifest.
5467 silly tarball no local data for leven@https://registry.npmjs.org/leven/-/leven-3.1.0.tgz. Extracting by manifest.
5468 silly tarball no local data for @babel/plugin-syntax-jsx@https://registry.npmjs.org/@babel/plugin-syntax-jsx/-/plugin-syntax-jsx-7.29.7.tgz. Extracting by manifest.
5469 silly tarball no local data for callsites@https://registry.npmjs.org/callsites/-/callsites-3.1.0.tgz. Extracting by manifest.
5470 silly tarball no local data for strip-bom@https://registry.npmjs.org/strip-bom/-/strip-bom-4.0.0.tgz. Extracting by manifest.
5471 silly tarball no local data for @jest/source-map@https://registry.npmjs.org/@jest/source-map/-/source-map-29.6.3.tgz. Extracting by manifest.
5472 silly tarball no local data for @jest/globals@https://registry.npmjs.org/@jest/globals/-/globals-29.7.0.tgz. Extracting by manifest.
5473 silly tarball no local data for jest-leak-detector@https://registry.npmjs.org/jest-leak-detector/-/jest-leak-detector-29.7.0.tgz. Extracting by manifest.
5474 silly tarball no local data for jest-docblock@https://registry.npmjs.org/jest-docblock/-/jest-docblock-29.7.0.tgz. Extracting by manifest.
5475 silly tarball no local data for cjs-module-lexer@https://registry.npmjs.org/cjs-module-lexer/-/cjs-module-lexer-1.4.3.tgz. Extracting by manifest.
5476 silly tarball no local data for resolve.exports@https://registry.npmjs.org/resolve.exports/-/resolve.exports-2.0.3.tgz. Extracting by manifest.
5477 silly tarball no local data for detect-newline@https://registry.npmjs.org/detect-newline/-/detect-newline-3.1.0.tgz. Extracting by manifest.
5478 silly tarball no local data for emittery@https://registry.npmjs.org/emittery/-/emittery-0.13.1.tgz. Extracting by manifest.
5479 silly tarball no local data for resolve@https://registry.npmjs.org/resolve/-/resolve-1.22.12.tgz. Extracting by manifest.
5480 silly tarball no local data for jest-pnp-resolver@https://registry.npmjs.org/jest-pnp-resolver/-/jest-pnp-resolver-1.2.3.tgz. Extracting by manifest.
5481 silly tarball no local data for @types/stack-utils@https://registry.npmjs.org/@types/stack-utils/-/stack-utils-2.0.3.tgz. Extracting by manifest.
5482 silly tarball no local data for diff-sequences@https://registry.npmjs.org/diff-sequences/-/diff-sequences-29.6.3.tgz. Extracting by manifest.
5483 silly tarball no local data for node-int64@https://registry.npmjs.org/node-int64/-/node-int64-0.4.0.tgz. Extracting by manifest.
5484 silly tarball no local data for jest-diff@https://registry.npmjs.org/jest-diff/-/jest-diff-29.7.0.tgz. Extracting by manifest.
5485 silly tarball no local data for bser@https://registry.npmjs.org/bser/-/bser-2.1.1.tgz. Extracting by manifest.
5486 silly tarball no local data for normalize-path@https://registry.npmjs.org/normalize-path/-/normalize-path-3.0.0.tgz. Extracting by manifest.
5487 silly tarball no local data for walker@https://registry.npmjs.org/walker/-/walker-1.0.8.tgz. Extracting by manifest.
5488 silly tarball no local data for fb-watchman@https://registry.npmjs.org/fb-watchman/-/fb-watchman-2.0.2.tgz. Extracting by manifest.
5489 silly tarball no local data for fsevents@https://registry.npmjs.org/fsevents/-/fsevents-2.3.3.tgz. Extracting by manifest.
5490 silly tarball no local data for @types/graceful-fs@https://registry.npmjs.org/@types/graceful-fs/-/graceful-fs-4.1.9.tgz. Extracting by manifest.
5491 silly tarball no local data for type-detect@https://registry.npmjs.org/type-detect/-/type-detect-4.0.8.tgz. Extracting by manifest.
5492 silly tarball no local data for @sinonjs/commons@https://registry.npmjs.org/@sinonjs/commons/-/commons-3.0.1.tgz. Extracting by manifest.
5493 silly tarball no local data for @sinonjs/fake-timers@https://registry.npmjs.org/@sinonjs/fake-timers/-/fake-timers-10.3.0.tgz. Extracting by manifest.
5494 silly tarball no local data for jest-mock@https://registry.npmjs.org/jest-mock/-/jest-mock-29.7.0.tgz. Extracting by manifest.
5495 silly tarball no local data for stack-utils@https://registry.npmjs.org/stack-utils/-/stack-utils-2.0.6.tgz. Extracting by manifest.
5496 silly tarball no local data for @jest/fake-timers@https://registry.npmjs.org/@jest/fake-timers/-/fake-timers-29.7.0.tgz. Extracting by manifest.
5497 silly tarball no local data for pure-rand@https://registry.npmjs.org/pure-rand/-/pure-rand-6.1.0.tgz. Extracting by manifest.
5498 silly tarball no local data for is-generator-fn@https://registry.npmjs.org/is-generator-fn/-/is-generator-fn-2.1.0.tgz. Extracting by manifest.
5499 silly tarball no local data for jest-each@https://registry.npmjs.org/jest-each/-/jest-each-29.7.0.tgz. Extracting by manifest.
5500 silly tarball no local data for dedent@https://registry.npmjs.org/dedent/-/dedent-1.7.2.tgz. Extracting by manifest.
5501 silly tarball no local data for @jest/expect@https://registry.npmjs.org/@jest/expect/-/expect-29.7.0.tgz. Extracting by manifest.
5502 silly tarball no local data for @jest/environment@https://registry.npmjs.org/@jest/environment/-/environment-29.7.0.tgz. Extracting by manifest.
5503 silly tarball no local data for anymatch@https://registry.npmjs.org/anymatch/-/anymatch-3.1.3.tgz. Extracting by manifest.
5504 silly tarball no local data for co@https://registry.npmjs.org/co/-/co-4.6.0.tgz. Extracting by manifest.
5505 silly tarball no local data for @babel/plugin-syntax-private-property-in-object@https://registry.npmjs.org/@babel/plugin-syntax-private-property-in-object/-/plugin-syntax-private-property-in-object-7.14.5.tgz. Extracting by manifest.
5506 silly tarball no local data for @babel/plugin-syntax-optional-chaining@https://registry.npmjs.org/@babel/plugin-syntax-optional-chaining/-/plugin-syntax-optional-chaining-7.8.3.tgz. Extracting by manifest.
5507 silly tarball no local data for @babel/plugin-syntax-optional-catch-binding@https://registry.npmjs.org/@babel/plugin-syntax-optional-catch-binding/-/plugin-syntax-optional-catch-binding-7.8.3.tgz. Extracting by manifest.
5508 silly tarball no local data for @babel/plugin-syntax-top-level-await@https://registry.npmjs.org/@babel/plugin-syntax-top-level-await/-/plugin-syntax-top-level-await-7.14.5.tgz. Extracting by manifest.
5509 silly tarball no local data for @babel/plugin-syntax-numeric-separator@https://registry.npmjs.org/@babel/plugin-syntax-numeric-separator/-/plugin-syntax-numeric-separator-7.10.4.tgz. Extracting by manifest.
5510 silly tarball no local data for @babel/plugin-syntax-nullish-coalescing-operator@https://registry.npmjs.org/@babel/plugin-syntax-nullish-coalescing-operator/-/plugin-syntax-nullish-coalescing-operator-7.8.3.tgz. Extracting by manifest.
5511 silly tarball no local data for @babel/plugin-syntax-object-rest-spread@https://registry.npmjs.org/@babel/plugin-syntax-object-rest-spread/-/plugin-syntax-object-rest-spread-7.8.3.tgz. Extracting by manifest.
5512 silly tarball no local data for @babel/plugin-syntax-json-strings@https://registry.npmjs.org/@babel/plugin-syntax-json-strings/-/plugin-syntax-json-strings-7.8.3.tgz. Extracting by manifest.
5513 silly tarball no local data for @babel/plugin-syntax-logical-assignment-operators@https://registry.npmjs.org/@babel/plugin-syntax-logical-assignment-operators/-/plugin-syntax-logical-assignment-operators-7.10.4.tgz. Extracting by manifest.
5514 silly tarball no local data for @babel/plugin-syntax-import-meta@https://registry.npmjs.org/@babel/plugin-syntax-import-meta/-/plugin-syntax-import-meta-7.10.4.tgz. Extracting by manifest.
5515 silly tarball no local data for @babel/plugin-syntax-import-attributes@https://registry.npmjs.org/@babel/plugin-syntax-import-attributes/-/plugin-syntax-import-attributes-7.29.7.tgz. Extracting by manifest.
5516 silly tarball no local data for @babel/plugin-syntax-class-static-block@https://registry.npmjs.org/@babel/plugin-syntax-class-static-block/-/plugin-syntax-class-static-block-7.14.5.tgz. Extracting by manifest.
5517 silly tarball no local data for babel-preset-current-node-syntax@https://registry.npmjs.org/babel-preset-current-node-syntax/-/babel-preset-current-node-syntax-1.2.0.tgz. Extracting by manifest.
5518 silly tarball no local data for @babel/plugin-syntax-class-properties@https://registry.npmjs.org/@babel/plugin-syntax-class-properties/-/plugin-syntax-class-properties-7.12.13.tgz. Extracting by manifest.
5519 silly tarball no local data for babel-plugin-jest-hoist@https://registry.npmjs.org/babel-plugin-jest-hoist/-/babel-plugin-jest-hoist-29.6.3.tgz. Extracting by manifest.
5520 silly tarball no local data for @babel/plugin-syntax-bigint@https://registry.npmjs.org/@babel/plugin-syntax-bigint/-/plugin-syntax-bigint-7.8.3.tgz. Extracting by manifest.
5521 silly tarball no local data for @types/babel__traverse@https://registry.npmjs.org/@types/babel__traverse/-/babel__traverse-7.28.0.tgz. Extracting by manifest.
5522 silly tarball no local data for @babel/plugin-syntax-async-generators@https://registry.npmjs.org/@babel/plugin-syntax-async-generators/-/plugin-syntax-async-generators-7.8.4.tgz. Extracting by manifest.
5523 silly tarball no local data for @types/babel__template@https://registry.npmjs.org/@types/babel__template/-/babel__template-7.4.4.tgz. Extracting by manifest.
5524 silly tarball no local data for @types/babel__generator@https://registry.npmjs.org/@types/babel__generator/-/babel__generator-7.27.0.tgz. Extracting by manifest.
5525 silly tarball no local data for babel-preset-jest@https://registry.npmjs.org/babel-preset-jest/-/babel-preset-jest-29.6.3.tgz. Extracting by manifest.
5526 silly tarball no local data for @types/babel__core@https://registry.npmjs.org/@types/babel__core/-/babel__core-7.20.5.tgz. Extracting by manifest.
5527 silly tarball no local data for strip-json-comments@https://registry.npmjs.org/strip-json-comments/-/strip-json-comments-3.1.1.tgz. Extracting by manifest.
5528 silly tarball no local data for jest-environment-node@https://registry.npmjs.org/jest-environment-node/-/jest-environment-node-29.7.0.tgz. Extracting by manifest.
5529 silly tarball no local data for babel-jest@https://registry.npmjs.org/babel-jest/-/babel-jest-29.7.0.tgz. Extracting by manifest.
5530 silly tarball no local data for jest-circus@https://registry.npmjs.org/jest-circus/-/jest-circus-29.7.0.tgz. Extracting by manifest.
5531 silly tarball no local data for @jest/test-sequencer@https://registry.npmjs.org/@jest/test-sequencer/-/test-sequencer-29.7.0.tgz. Extracting by manifest.
5532 silly tarball no local data for prompts@https://registry.npmjs.org/prompts/-/prompts-2.4.2.tgz. Extracting by manifest.
5533 silly tarball no local data for create-jest@https://registry.npmjs.org/create-jest/-/create-jest-29.7.0.tgz. Extracting by manifest.
5534 silly tarball no local data for yargs@https://registry.npmjs.org/yargs/-/yargs-17.7.3.tgz. Extracting by manifest.
5535 silly tarball no local data for which@https://registry.npmjs.org/which/-/which-2.0.2.tgz. Extracting by manifest.
5536 silly tarball no local data for shebang-command@https://registry.npmjs.org/shebang-command/-/shebang-command-2.0.0.tgz. Extracting by manifest.
5537 silly tarball no local data for path-key@https://registry.npmjs.org/path-key/-/path-key-3.1.1.tgz. Extracting by manifest.
5538 silly tarball no local data for strip-final-newline@https://registry.npmjs.org/strip-final-newline/-/strip-final-newline-2.0.0.tgz. Extracting by manifest.
5539 silly tarball no local data for onetime@https://registry.npmjs.org/onetime/-/onetime-5.1.2.tgz. Extracting by manifest.
5540 silly tarball no local data for npm-run-path@https://registry.npmjs.org/npm-run-path/-/npm-run-path-4.0.1.tgz. Extracting by manifest.
5541 silly tarball no local data for merge-stream@https://registry.npmjs.org/merge-stream/-/merge-stream-2.0.0.tgz. Extracting by manifest.
5542 silly tarball no local data for is-stream@https://registry.npmjs.org/is-stream/-/is-stream-2.0.1.tgz. Extracting by manifest.
5543 silly tarball no local data for human-signals@https://registry.npmjs.org/human-signals/-/human-signals-2.1.0.tgz. Extracting by manifest.
5544 silly tarball no local data for cross-spawn@https://registry.npmjs.org/cross-spawn/-/cross-spawn-7.0.6.tgz. Extracting by manifest.
5545 silly tarball no local data for execa@https://registry.npmjs.org/execa/-/execa-5.1.1.tgz. Extracting by manifest.
5546 silly tarball no local data for p-limit@https://registry.npmjs.org/p-limit/-/p-limit-3.1.0.tgz. Extracting by manifest.
5547 silly tarball no local data for get-stream@https://registry.npmjs.org/get-stream/-/get-stream-6.0.1.tgz. Extracting by manifest.
5548 silly tarball no local data for resolve-cwd@https://registry.npmjs.org/resolve-cwd/-/resolve-cwd-3.0.0.tgz. Extracting by manifest.
5549 silly tarball no local data for pkg-dir@https://registry.npmjs.org/pkg-dir/-/pkg-dir-4.2.0.tgz. Extracting by manifest.
5550 silly tarball no local data for path-exists@https://registry.npmjs.org/path-exists/-/path-exists-4.0.0.tgz. Extracting by manifest.
5551 silly tarball no local data for locate-path@https://registry.npmjs.org/locate-path/-/locate-path-5.0.0.tgz. Extracting by manifest.
5552 silly tarball no local data for html-escaper@https://registry.npmjs.org/html-escaper/-/html-escaper-2.0.2.tgz. Extracting by manifest.
5553 silly tarball no local data for update-browserslist-db@https://registry.npmjs.org/update-browserslist-db/-/update-browserslist-db-1.3.1.tgz. Extracting by manifest.
5554 silly tarball no local data for node-releases@https://registry.npmjs.org/node-releases/-/node-releases-2.0.53.tgz. Extracting by manifest.
5555 silly tarball no local data for electron-to-chromium@https://registry.npmjs.org/electron-to-chromium/-/electron-to-chromium-1.5.412.tgz. Extracting by manifest.
5556 silly tarball no local data for baseline-browser-mapping@https://registry.npmjs.org/baseline-browser-mapping/-/baseline-browser-mapping-2.11.17.tgz. Extracting by manifest.
5557 silly tarball no local data for caniuse-lite@https://registry.npmjs.org/caniuse-lite/-/caniuse-lite-1.0.30001809.tgz. Extracting by manifest.
5558 silly tarball no local data for get-package-type@https://registry.npmjs.org/get-package-type/-/get-package-type-0.1.0.tgz. Extracting by manifest.
5559 silly tarball no local data for find-up@https://registry.npmjs.org/find-up/-/find-up-4.1.0.tgz. Extracting by manifest.
5560 silly tarball no local data for camelcase@https://registry.npmjs.org/camelcase/-/camelcase-5.3.1.tgz. Extracting by manifest.
5561 silly tarball no local data for test-exclude@https://registry.npmjs.org/test-exclude/-/test-exclude-6.0.0.tgz. Extracting by manifest.
5562 silly tarball no local data for @istanbuljs/schema@https://registry.npmjs.org/@istanbuljs/schema/-/schema-0.1.6.tgz. Extracting by manifest.
5563 silly tarball no local data for @babel/helper-plugin-utils@https://registry.npmjs.org/@babel/helper-plugin-utils/-/helper-plugin-utils-7.29.7.tgz. Extracting by manifest.
5564 silly tarball no local data for @istanbuljs/load-nyc-config@https://registry.npmjs.org/@istanbuljs/load-nyc-config/-/load-nyc-config-1.1.0.tgz. Extracting by manifest.
5565 silly tarball no local data for @types/yargs-parser@https://registry.npmjs.org/@types/yargs-parser/-/yargs-parser-21.0.3.tgz. Extracting by manifest.
5566 silly tarball no local data for type-fest@https://registry.npmjs.org/type-fest/-/type-fest-0.21.3.tgz. Extracting by manifest.
5567 silly tarball no local data for @sinclair/typebox@https://registry.npmjs.org/@sinclair/typebox/-/typebox-0.27.12.tgz. Extracting by manifest.
5568 silly tarball no local data for @types/istanbul-reports@https://registry.npmjs.org/@types/istanbul-reports/-/istanbul-reports-3.0.4.tgz. Extracting by manifest.
5569 silly tarball no local data for @types/istanbul-lib-report@https://registry.npmjs.org/@types/istanbul-lib-report/-/istanbul-lib-report-3.0.3.tgz. Extracting by manifest.
5570 silly tarball no local data for @babel/helper-string-parser@https://registry.npmjs.org/@babel/helper-string-parser/-/helper-string-parser-7.29.7.tgz. Extracting by manifest.
5571 silly tarball no local data for @types/yargs@https://registry.npmjs.org/@types/yargs/-/yargs-17.0.35.tgz. Extracting by manifest.
5572 silly tarball no local data for @jest/schemas@https://registry.npmjs.org/@jest/schemas/-/schemas-29.6.3.tgz. Extracting by manifest.
5573 silly tarball no local data for @babel/helper-globals@https://registry.npmjs.org/@babel/helper-globals/-/helper-globals-7.29.7.tgz. Extracting by manifest.
5574 silly tarball no local data for browserslist@https://registry.npmjs.org/browserslist/-/browserslist-4.28.8.tgz. Extracting by manifest.
5575 silly tarball no local data for @babel/helper-module-imports@https://registry.npmjs.org/@babel/helper-module-imports/-/helper-module-imports-7.29.7.tgz. Extracting by manifest.
5576 silly tarball no local data for @babel/helper-validator-option@https://registry.npmjs.org/@babel/helper-validator-option/-/helper-validator-option-7.29.7.tgz. Extracting by manifest.
5577 silly tarball no local data for @babel/compat-data@https://registry.npmjs.org/@babel/compat-data/-/compat-data-7.29.7.tgz. Extracting by manifest.
5578 silly tarball no local data for jsesc@https://registry.npmjs.org/jsesc/-/jsesc-3.1.0.tgz. Extracting by manifest.
5579 silly tarball no local data for json5@https://registry.npmjs.org/json5/-/json5-2.2.3.tgz. Extracting by manifest.
5580 silly tarball no local data for lru-cache@https://registry.npmjs.org/lru-cache/-/lru-cache-5.1.1.tgz. Extracting by manifest.
5581 silly tarball no local data for gensync@https://registry.npmjs.org/gensync/-/gensync-1.0.0-beta.2.tgz. Extracting by manifest.
5582 silly tarball no local data for @babel/types@https://registry.npmjs.org/@babel/types/-/types-7.29.8.tgz. Extracting by manifest.
5583 silly tarball no local data for @babel/template@https://registry.npmjs.org/@babel/template/-/template-7.29.7.tgz. Extracting by manifest.
5584 silly tarball no local data for @babel/parser@https://registry.npmjs.org/@babel/parser/-/parser-7.29.8.tgz. Extracting by manifest.
5585 silly tarball no local data for @babel/traverse@https://registry.npmjs.org/@babel/traverse/-/traverse-7.29.8.tgz. Extracting by manifest.
5586 silly tarball no local data for @babel/helpers@https://registry.npmjs.org/@babel/helpers/-/helpers-7.29.7.tgz. Extracting by manifest.
5587 silly tarball no local data for @babel/helper-module-transforms@https://registry.npmjs.org/@babel/helper-module-transforms/-/helper-module-transforms-7.29.7.tgz. Extracting by manifest.
5588 silly tarball no local data for write-file-atomic@https://registry.npmjs.org/write-file-atomic/-/write-file-atomic-4.0.2.tgz. Extracting by manifest.
5589 silly tarball no local data for pirates@https://registry.npmjs.org/pirates/-/pirates-4.0.7.tgz. Extracting by manifest.
5590 silly tarball no local data for @babel/generator@https://registry.npmjs.org/@babel/generator/-/generator-7.29.8.tgz. Extracting by manifest.
5591 silly tarball no local data for fast-json-stable-stringify@https://registry.npmjs.org/fast-json-stable-stringify/-/fast-json-stable-stringify-2.1.0.tgz. Extracting by manifest.
5592 silly tarball no local data for @babel/helper-compilation-targets@https://registry.npmjs.org/@babel/helper-compilation-targets/-/helper-compilation-targets-7.29.7.tgz. Extracting by manifest.
5593 silly tarball no local data for babel-plugin-istanbul@https://registry.npmjs.org/babel-plugin-istanbul/-/babel-plugin-istanbul-6.1.1.tgz. Extracting by manifest.
5594 silly tarball no local data for @babel/core@https://registry.npmjs.org/@babel/core/-/core-7.29.7.tgz. Extracting by manifest.
5595 silly tarball no local data for @types/istanbul-lib-coverage@https://registry.npmjs.org/@types/istanbul-lib-coverage/-/istanbul-lib-coverage-2.0.6.tgz. Extracting by manifest.
5596 silly tarball no local data for string-length@https://registry.npmjs.org/string-length/-/string-length-4.0.2.tgz. Extracting by manifest.
5597 silly tarball no local data for convert-source-map@https://registry.npmjs.org/convert-source-map/-/convert-source-map-2.0.0.tgz. Extracting by manifest.
5598 silly tarball no local data for v8-to-istanbul@https://registry.npmjs.org/v8-to-istanbul/-/v8-to-istanbul-9.3.0.tgz. Extracting by manifest.
5599 silly tarball no local data for istanbul-reports@https://registry.npmjs.org/istanbul-reports/-/istanbul-reports-3.2.0.tgz. Extracting by manifest.
5600 silly tarball no local data for istanbul-lib-report@https://registry.npmjs.org/istanbul-lib-report/-/istanbul-lib-report-3.0.1.tgz. Extracting by manifest.
5601 silly tarball no local data for jest-worker@https://registry.npmjs.org/jest-worker/-/jest-worker-29.7.0.tgz. Extracting by manifest.
5602 silly tarball no local data for istanbul-lib-coverage@https://registry.npmjs.org/istanbul-lib-coverage/-/istanbul-lib-coverage-3.2.2.tgz. Extracting by manifest.
5603 silly tarball no local data for collect-v8-coverage@https://registry.npmjs.org/collect-v8-coverage/-/collect-v8-coverage-1.0.3.tgz. Extracting by manifest.
5604 silly tarball no local data for istanbul-lib-instrument@https://registry.npmjs.org/istanbul-lib-instrument/-/istanbul-lib-instrument-6.0.3.tgz. Extracting by manifest.
5605 silly tarball no local data for strip-ansi@https://registry.npmjs.org/strip-ansi/-/strip-ansi-6.0.1.tgz. Extracting by manifest.
5606 silly tarball no local data for slash@https://registry.npmjs.org/slash/-/slash-3.0.0.tgz. Extracting by manifest.
5607 silly tarball no local data for @bcoe/v8-coverage@https://registry.npmjs.org/@bcoe/v8-coverage/-/v8-coverage-0.2.3.tgz. Extracting by manifest.
5608 silly tarball no local data for micromatch@https://registry.npmjs.org/micromatch/-/micromatch-4.0.8.tgz. Extracting by manifest.
5609 silly tarball no local data for jest-watcher@https://registry.npmjs.org/jest-watcher/-/jest-watcher-29.7.0.tgz. Extracting by manifest.
5610 silly tarball no local data for istanbul-lib-source-maps@https://registry.npmjs.org/istanbul-lib-source-maps/-/istanbul-lib-source-maps-4.0.1.tgz. Extracting by manifest.
5611 silly tarball no local data for jest-validate@https://registry.npmjs.org/jest-validate/-/jest-validate-29.7.0.tgz. Extracting by manifest.
5612 silly tarball no local data for jest-snapshot@https://registry.npmjs.org/jest-snapshot/-/jest-snapshot-29.7.0.tgz. Extracting by manifest.
5613 silly tarball no local data for jest-runtime@https://registry.npmjs.org/jest-runtime/-/jest-runtime-29.7.0.tgz. Extracting by manifest.
5614 silly tarball no local data for jest-runner@https://registry.npmjs.org/jest-runner/-/jest-runner-29.7.0.tgz. Extracting by manifest.
5615 silly tarball no local data for jest-resolve-dependencies@https://registry.npmjs.org/jest-resolve-dependencies/-/jest-resolve-dependencies-29.7.0.tgz. Extracting by manifest.
5616 silly tarball no local data for jest-haste-map@https://registry.npmjs.org/jest-haste-map/-/jest-haste-map-29.7.0.tgz. Extracting by manifest.
5617 silly tarball no local data for jest-resolve@https://registry.npmjs.org/jest-resolve/-/jest-resolve-29.7.0.tgz. Extracting by manifest.
5618 silly tarball no local data for jest-config@https://registry.npmjs.org/jest-config/-/jest-config-29.7.0.tgz. Extracting by manifest.
5619 silly tarball no local data for exit@https://registry.npmjs.org/exit/-/exit-0.1.2.tgz. Extracting by manifest.
5620 silly tarball no local data for ci-info@https://registry.npmjs.org/ci-info/-/ci-info-3.9.0.tgz. Extracting by manifest.
5621 silly tarball no local data for jest-regex-util@https://registry.npmjs.org/jest-regex-util/-/jest-regex-util-29.6.3.tgz. Extracting by manifest.
5622 silly tarball no local data for ansi-escapes@https://registry.npmjs.org/ansi-escapes/-/ansi-escapes-4.3.2.tgz. Extracting by manifest.
5623 silly tarball no local data for jest-changed-files@https://registry.npmjs.org/jest-changed-files/-/jest-changed-files-29.7.0.tgz. Extracting by manifest.
5624 silly tarball no local data for @jest/transform@https://registry.npmjs.org/@jest/transform/-/transform-29.7.0.tgz. Extracting by manifest.
5625 silly tarball no local data for @jest/test-result@https://registry.npmjs.org/@jest/test-result/-/test-result-29.7.0.tgz. Extracting by manifest.
5626 silly tarball no local data for @jest/reporters@https://registry.npmjs.org/@jest/reporters/-/reporters-29.7.0.tgz. Extracting by manifest.
5627 silly tarball no local data for jest-cli@https://registry.npmjs.org/jest-cli/-/jest-cli-29.7.0.tgz. Extracting by manifest.
5628 silly tarball no local data for import-local@https://registry.npmjs.org/import-local/-/import-local-3.2.0.tgz. Extracting by manifest.
5629 silly tarball no local data for @jest/types@https://registry.npmjs.org/@jest/types/-/types-29.6.3.tgz. Extracting by manifest.
5630 silly tarball no local data for @jest/console@https://registry.npmjs.org/@jest/console/-/console-29.7.0.tgz. Extracting by manifest.
5631 silly tarball no local data for @jest/core@https://registry.npmjs.org/@jest/core/-/core-29.7.0.tgz. Extracting by manifest.
5632 silly tarball no local data for resolve-from@https://registry.npmjs.org/resolve-from/-/resolve-from-4.0.0.tgz. Extracting by manifest.
5633 silly tarball no local data for parent-module@https://registry.npmjs.org/parent-module/-/parent-module-1.0.1.tgz. Extracting by manifest.
5634 silly tarball no local data for agent-base@https://registry.npmjs.org/agent-base/-/agent-base-6.0.2.tgz. Extracting by manifest.
5635 silly tarball no local data for setprototypeof@https://registry.npmjs.org/setprototypeof/-/setprototypeof-1.2.0.tgz. Extracting by manifest.
5636 silly tarball no local data for toidentifier@https://registry.npmjs.org/toidentifier/-/toidentifier-1.0.1.tgz. Extracting by manifest.
5637 silly tarball no local data for safer-buffer@https://registry.npmjs.org/safer-buffer/-/safer-buffer-2.1.2.tgz. Extracting by manifest.
5638 silly tarball no local data for inherits@https://registry.npmjs.org/inherits/-/inherits-2.0.4.tgz. Extracting by manifest.
5639 silly tarball no local data for path-scurry@https://registry.npmjs.org/path-scurry/-/path-scurry-2.0.2.tgz. Extracting by manifest.
5640 silly tarball no local data for minipass@https://registry.npmjs.org/minipass/-/minipass-7.1.3.tgz. Extracting by manifest.
5641 silly tarball no local data for dunder-proto@https://registry.npmjs.org/dunder-proto/-/dunder-proto-1.0.1.tgz. Extracting by manifest.
5642 silly tarball no local data for math-intrinsics@https://registry.npmjs.org/math-intrinsics/-/math-intrinsics-1.1.0.tgz. Extracting by manifest.
5643 silly tarball no local data for has-symbols@https://registry.npmjs.org/has-symbols/-/has-symbols-1.1.0.tgz. Extracting by manifest.
5644 silly tarball no local data for gopd@https://registry.npmjs.org/gopd/-/gopd-1.2.0.tgz. Extracting by manifest.
5645 silly tarball no local data for function-bind@https://registry.npmjs.org/function-bind/-/function-bind-1.1.2.tgz. Extracting by manifest.
5646 silly tarball no local data for es-define-property@https://registry.npmjs.org/es-define-property/-/es-define-property-1.0.1.tgz. Extracting by manifest.
5647 silly tarball no local data for get-proto@https://registry.npmjs.org/get-proto/-/get-proto-1.0.1.tgz. Extracting by manifest.
5648 silly tarball no local data for es-object-atoms@https://registry.npmjs.org/es-object-atoms/-/es-object-atoms-1.1.2.tgz. Extracting by manifest.
5649 silly tarball no local data for call-bind-apply-helpers@https://registry.npmjs.org/call-bind-apply-helpers/-/call-bind-apply-helpers-1.0.2.tgz. Extracting by manifest.
5650 silly tarball no local data for universalify@https://registry.npmjs.org/universalify/-/universalify-2.0.1.tgz. Extracting by manifest.
5651 silly tarball no local data for jsonfile@https://registry.npmjs.org/jsonfile/-/jsonfile-6.2.1.tgz. Extracting by manifest.
5652 silly tarball no local data for get-intrinsic@https://registry.npmjs.org/get-intrinsic/-/get-intrinsic-1.3.0.tgz. Extracting by manifest.
5653 silly tarball no local data for has-tostringtag@https://registry.npmjs.org/has-tostringtag/-/has-tostringtag-1.0.2.tgz. Extracting by manifest.
5654 silly tarball no local data for es-errors@https://registry.npmjs.org/es-errors/-/es-errors-1.3.0.tgz. Extracting by manifest.
5655 silly tarball no local data for hasown@https://registry.npmjs.org/hasown/-/hasown-2.0.4.tgz. Extracting by manifest.
5656 silly tarball no local data for es-set-tostringtag@https://registry.npmjs.org/es-set-tostringtag/-/es-set-tostringtag-2.1.0.tgz. Extracting by manifest.
5657 silly tarball no local data for combined-stream@https://registry.npmjs.org/combined-stream/-/combined-stream-1.0.8.tgz. Extracting by manifest.
5658 silly tarball no local data for path-type@https://registry.npmjs.org/path-type/-/path-type-4.0.0.tgz. Extracting by manifest.
5659 silly tarball no local data for delayed-stream@https://registry.npmjs.org/delayed-stream/-/delayed-stream-1.0.0.tgz. Extracting by manifest.
5660 silly tarball no local data for parse-json@https://registry.npmjs.org/parse-json/-/parse-json-5.2.0.tgz. Extracting by manifest.
5661 silly tarball no local data for asynckit@https://registry.npmjs.org/asynckit/-/asynckit-0.4.0.tgz. Extracting by manifest.
5662 silly tarball no local data for color-name@https://registry.npmjs.org/color-name/-/color-name-1.1.4.tgz. Extracting by manifest.
5663 silly tarball no local data for js-yaml@https://registry.npmjs.org/js-yaml/-/js-yaml-4.3.1.tgz. Extracting by manifest.
5664 silly tarball no local data for color-convert@https://registry.npmjs.org/color-convert/-/color-convert-2.0.1.tgz. Extracting by manifest.
5665 silly tarball no local data for supports-color@https://registry.npmjs.org/supports-color/-/supports-color-7.2.0.tgz. Extracting by manifest.
5666 silly tarball no local data for import-fresh@https://registry.npmjs.org/import-fresh/-/import-fresh-3.3.1.tgz. Extracting by manifest.
5667 silly tarball no local data for ansi-styles@https://registry.npmjs.org/ansi-styles/-/ansi-styles-4.3.0.tgz. Extracting by manifest.
5668 silly tarball no local data for picocolors@https://registry.npmjs.org/picocolors/-/picocolors-1.1.1.tgz. Extracting by manifest.
5669 silly tarball no local data for @babel/helper-validator-identifier@https://registry.npmjs.org/@babel/helper-validator-identifier/-/helper-validator-identifier-7.29.7.tgz. Extracting by manifest.
5670 silly tarball no local data for schema-utils@https://registry.npmjs.org/schema-utils/-/schema-utils-3.3.0.tgz. Extracting by manifest.
5671 silly tarball no local data for minimatch@https://registry.npmjs.org/minimatch/-/minimatch-3.1.5.tgz. Extracting by manifest.
5672 silly tarball no local data for js-tokens@https://registry.npmjs.org/js-tokens/-/js-tokens-4.0.0.tgz. Extracting by manifest.
5673 silly tarball no local data for memfs@https://registry.npmjs.org/memfs/-/memfs-3.5.3.tgz. Extracting by manifest.
5674 silly tarball no local data for node-abort-controller@https://registry.npmjs.org/node-abort-controller/-/node-abort-controller-3.1.1.tgz. Extracting by manifest.
5675 silly tarball no local data for fs-extra@https://registry.npmjs.org/fs-extra/-/fs-extra-10.1.0.tgz. Extracting by manifest.
5676 silly tarball no local data for cosmiconfig@https://registry.npmjs.org/cosmiconfig/-/cosmiconfig-8.3.6.tgz. Extracting by manifest.
5677 silly tarball no local data for chalk@https://registry.npmjs.org/chalk/-/chalk-4.1.2.tgz. Extracting by manifest.
5678 silly tarball no local data for deepmerge@https://registry.npmjs.org/deepmerge/-/deepmerge-4.3.1.tgz. Extracting by manifest.
5679 silly tarball no local data for @babel/code-frame@https://registry.npmjs.org/@babel/code-frame/-/code-frame-7.29.7.tgz. Extracting by manifest.
5680 silly tarball no local data for uint8array-extras@https://registry.npmjs.org/uint8array-extras/-/uint8array-extras-1.5.0.tgz. Extracting by manifest.
5681 silly tarball no local data for strtok3@https://registry.npmjs.org/strtok3/-/strtok3-10.3.5.tgz. Extracting by manifest.
5682 silly tarball no local data for @tokenizer/inflate@https://registry.npmjs.org/@tokenizer/inflate/-/inflate-0.4.1.tgz. Extracting by manifest.
5683 silly tarball no local data for token-types@https://registry.npmjs.org/token-types/-/token-types-6.1.2.tgz. Extracting by manifest.
5684 silly tarball no local data for ms@https://registry.npmjs.org/ms/-/ms-2.1.3.tgz. Extracting by manifest.
5685 silly tarball no local data for raw-body@https://registry.npmjs.org/raw-body/-/raw-body-3.0.2.tgz. Extracting by manifest.
5686 silly tarball no local data for negotiator@https://registry.npmjs.org/negotiator/-/negotiator-1.1.0.tgz. Extracting by manifest.
5687 silly tarball no local data for statuses@https://registry.npmjs.org/statuses/-/statuses-2.0.2.tgz. Extracting by manifest.
5688 silly tarball no local data for send@https://registry.npmjs.org/send/-/send-1.2.1.tgz. Extracting by manifest.
5689 silly tarball no local data for bytes@https://registry.npmjs.org/bytes/-/bytes-3.1.2.tgz. Extracting by manifest.
5690 silly tarball no local data for serve-static@https://registry.npmjs.org/serve-static/-/serve-static-2.2.1.tgz. Extracting by manifest.
5691 silly tarball no local data for type-is@https://registry.npmjs.org/type-is/-/type-is-2.1.0.tgz. Extracting by manifest.
5692 silly tarball no local data for router@https://registry.npmjs.org/router/-/router-2.2.0.tgz. Extracting by manifest.
5693 silly tarball no local data for qs@https://registry.npmjs.org/qs/-/qs-6.15.3.tgz. Extracting by manifest.
5694 silly tarball no local data for proxy-addr@https://registry.npmjs.org/proxy-addr/-/proxy-addr-2.0.7.tgz. Extracting by manifest.
5695 silly tarball no local data for parseurl@https://registry.npmjs.org/parseurl/-/parseurl-1.3.3.tgz. Extracting by manifest.
5696 silly tarball no local data for once@https://registry.npmjs.org/once/-/once-1.4.0.tgz. Extracting by manifest.
5697 silly tarball no local data for on-finished@https://registry.npmjs.org/on-finished/-/on-finished-2.4.1.tgz. Extracting by manifest.
5698 silly tarball no local data for merge-descriptors@https://registry.npmjs.org/merge-descriptors/-/merge-descriptors-2.0.0.tgz. Extracting by manifest.
5699 silly tarball no local data for http-errors@https://registry.npmjs.org/http-errors/-/http-errors-2.0.1.tgz. Extracting by manifest.
5700 silly tarball no local data for fresh@https://registry.npmjs.org/fresh/-/fresh-2.0.0.tgz. Extracting by manifest.
5701 silly tarball no local data for finalhandler@https://registry.npmjs.org/finalhandler/-/finalhandler-2.1.1.tgz. Extracting by manifest.
5702 silly tarball no local data for range-parser@https://registry.npmjs.org/range-parser/-/range-parser-1.3.0.tgz. Extracting by manifest.
5703 silly tarball no local data for mime-types@https://registry.npmjs.org/mime-types/-/mime-types-3.0.2.tgz. Extracting by manifest.
5704 silly tarball no local data for etag@https://registry.npmjs.org/etag/-/etag-1.8.1.tgz. Extracting by manifest.
5705 silly tarball no local data for escape-html@https://registry.npmjs.org/escape-html/-/escape-html-1.0.3.tgz. Extracting by manifest.
5706 silly tarball no local data for depd@https://registry.npmjs.org/depd/-/depd-2.0.0.tgz. Extracting by manifest.
5707 silly tarball no local data for encodeurl@https://registry.npmjs.org/encodeurl/-/encodeurl-2.0.0.tgz. Extracting by manifest.
5708 silly tarball no local data for cookie-signature@https://registry.npmjs.org/cookie-signature/-/cookie-signature-1.2.2.tgz. Extracting by manifest.
5709 silly tarball no local data for debug@https://registry.npmjs.org/debug/-/debug-4.4.3.tgz. Extracting by manifest.
5710 silly tarball no local data for cookie@https://registry.npmjs.org/cookie/-/cookie-0.7.2.tgz. Extracting by manifest.
5711 silly tarball no local data for content-disposition@https://registry.npmjs.org/content-disposition/-/content-disposition-1.1.0.tgz. Extracting by manifest.
5712 silly tarball no local data for content-type@https://registry.npmjs.org/content-type/-/content-type-1.0.5.tgz. Extracting by manifest.
5713 silly tarball no local data for jest-util@https://registry.npmjs.org/jest-util/-/jest-util-29.7.0.tgz. Extracting by manifest.
5714 silly tarball no local data for accepts@https://registry.npmjs.org/accepts/-/accepts-2.0.0.tgz. Extracting by manifest.
5715 silly tarball no local data for jest-message-util@https://registry.npmjs.org/jest-message-util/-/jest-message-util-29.7.0.tgz. Extracting by manifest.
5716 silly tarball no local data for jest-matcher-utils@https://registry.npmjs.org/jest-matcher-utils/-/jest-matcher-utils-29.7.0.tgz. Extracting by manifest.
5717 silly tarball no local data for body-parser@https://registry.npmjs.org/body-parser/-/body-parser-2.3.0.tgz. Extracting by manifest.
5718 silly tarball no local data for @jest/expect-utils@https://registry.npmjs.org/@jest/expect-utils/-/expect-utils-29.7.0.tgz. Extracting by manifest.
5719 silly tarball no local data for jest-get-type@https://registry.npmjs.org/jest-get-type/-/jest-get-type-29.6.3.tgz. Extracting by manifest.
5720 silly tarball no local data for tapable@https://registry.npmjs.org/tapable/-/tapable-2.3.3.tgz. Extracting by manifest.
5721 silly tarball no local data for graceful-fs@https://registry.npmjs.org/graceful-fs/-/graceful-fs-4.2.11.tgz. Extracting by manifest.
5722 silly tarball no local data for object-assign@https://registry.npmjs.org/object-assign/-/object-assign-4.1.1.tgz. Extracting by manifest.
5723 silly tarball no local data for vary@https://registry.npmjs.org/vary/-/vary-1.1.2.tgz. Extracting by manifest.
5724 silly tarball no local data for array-timsort@https://registry.npmjs.org/array-timsort/-/array-timsort-1.0.3.tgz. Extracting by manifest.
5725 silly tarball no local data for esprima@https://registry.npmjs.org/esprima/-/esprima-4.0.1.tgz. Extracting by manifest.
5726 silly tarball no local data for @colors/colors@https://registry.npmjs.org/@colors/colors/-/colors-1.5.0.tgz. Extracting by manifest.
5727 silly tarball no local data for validator@https://registry.npmjs.org/validator/-/validator-13.15.35.tgz. Extracting by manifest.
5728 silly tarball no local data for libphonenumber-js@https://registry.npmjs.org/libphonenumber-js/-/libphonenumber-js-1.13.11.tgz. Extracting by manifest.
5729 silly tarball no local data for @types/validator@https://registry.npmjs.org/@types/validator/-/validator-13.15.10.tgz. Extracting by manifest.
5730 silly tarball no local data for readdirp@https://registry.npmjs.org/readdirp/-/readdirp-4.1.2.tgz. Extracting by manifest.
5731 silly tarball no local data for tar@https://registry.npmjs.org/tar/-/tar-6.2.1.tgz. Extracting by manifest.
5732 silly tarball no local data for semver@https://registry.npmjs.org/semver/-/semver-7.8.5.tgz. Extracting by manifest.
5733 silly tarball no local data for rimraf@https://registry.npmjs.org/rimraf/-/rimraf-3.0.2.tgz. Extracting by manifest.
5734 silly tarball no local data for npmlog@https://registry.npmjs.org/npmlog/-/npmlog-5.0.1.tgz. Extracting by manifest.
5735 silly tarball no local data for string-width@https://registry.npmjs.org/string-width/-/string-width-4.2.3.tgz. Extracting by manifest.
5736 silly tarball no local data for node-fetch@https://registry.npmjs.org/node-fetch/-/node-fetch-2.7.0.tgz. Extracting by manifest.
5737 silly tarball no local data for nopt@https://registry.npmjs.org/nopt/-/nopt-5.0.0.tgz. Extracting by manifest.
5738 silly tarball no local data for make-dir@https://registry.npmjs.org/make-dir/-/make-dir-3.1.0.tgz. Extracting by manifest.
5739 silly tarball no local data for https-proxy-agent@https://registry.npmjs.org/https-proxy-agent/-/https-proxy-agent-5.0.1.tgz. Extracting by manifest.
5740 silly tarball no local data for node-addon-api@https://registry.npmjs.org/node-addon-api/-/node-addon-api-5.1.0.tgz. Extracting by manifest.
5741 silly tarball no local data for detect-libc@https://registry.npmjs.org/detect-libc/-/detect-libc-2.1.2.tgz. Extracting by manifest.
5742 silly tarball no local data for @mapbox/node-pre-gyp@https://registry.npmjs.org/@mapbox/node-pre-gyp/-/node-pre-gyp-1.0.11.tgz. Extracting by manifest.
5743 silly tarball no local data for json-schema-traverse@https://registry.npmjs.org/json-schema-traverse/-/json-schema-traverse-1.0.0.tgz. Extracting by manifest.
5744 silly tarball no local data for require-from-string@https://registry.npmjs.org/require-from-string/-/require-from-string-2.0.2.tgz. Extracting by manifest.
5745 silly tarball no local data for fast-uri@https://registry.npmjs.org/fast-uri/-/fast-uri-3.1.5.tgz. Extracting by manifest.
5746 silly tarball no local data for fast-deep-equal@https://registry.npmjs.org/fast-deep-equal/-/fast-deep-equal-3.1.3.tgz. Extracting by manifest.
5747 silly tarball no local data for form-data@https://registry.npmjs.org/form-data/-/form-data-4.0.6.tgz. Extracting by manifest.
5748 silly tarball no local data for @types/cookiejar@https://registry.npmjs.org/@types/cookiejar/-/cookiejar-2.1.5.tgz. Extracting by manifest.
5749 silly tarball no local data for @types/methods@https://registry.npmjs.org/@types/methods/-/methods-1.1.4.tgz. Extracting by manifest.
5750 silly tarball no local data for @types/superagent@https://registry.npmjs.org/@types/superagent/-/superagent-8.1.11.tgz. Extracting by manifest.
5751 silly tarball no local data for @types/http-errors@https://registry.npmjs.org/@types/http-errors/-/http-errors-2.0.5.tgz. Extracting by manifest.
5752 silly tarball no local data for @types/passport@https://registry.npmjs.org/@types/passport/-/passport-1.0.17.tgz. Extracting by manifest.
5753 silly tarball no local data for @types/passport-strategy@https://registry.npmjs.org/@types/passport-strategy/-/passport-strategy-0.2.38.tgz. Extracting by manifest.
5754 silly tarball no local data for undici-types@https://registry.npmjs.org/undici-types/-/undici-types-6.21.0.tgz. Extracting by manifest.
5755 silly tarball no local data for csstype@https://registry.npmjs.org/csstype/-/csstype-3.2.3.tgz. Extracting by manifest.
5756 silly tarball no local data for @types/send@https://registry.npmjs.org/@types/send/-/send-1.2.1.tgz. Extracting by manifest.
5757 silly tarball no local data for @types/ms@https://registry.npmjs.org/@types/ms/-/ms-2.1.0.tgz. Extracting by manifest.
5758 silly tarball no local data for @types/range-parser@https://registry.npmjs.org/@types/range-parser/-/range-parser-1.2.7.tgz. Extracting by manifest.
5759 silly tarball no local data for expect@https://registry.npmjs.org/expect/-/expect-29.7.0.tgz. Extracting by manifest.
5760 silly tarball no local data for @types/qs@https://registry.npmjs.org/@types/qs/-/qs-6.15.1.tgz. Extracting by manifest.
5761 silly tarball no local data for pretty-format@https://registry.npmjs.org/pretty-format/-/pretty-format-29.7.0.tgz. Extracting by manifest.
5762 silly tarball no local data for @types/connect@https://registry.npmjs.org/@types/connect/-/connect-3.4.38.tgz. Extracting by manifest.
5763 silly tarball no local data for @types/serve-static@https://registry.npmjs.org/@types/serve-static/-/serve-static-2.2.0.tgz. Extracting by manifest.
5764 silly tarball no local data for @types/express-serve-static-core@https://registry.npmjs.org/@types/express-serve-static-core/-/express-serve-static-core-5.1.3.tgz. Extracting by manifest.
5765 silly tarball no local data for @types/body-parser@https://registry.npmjs.org/@types/body-parser/-/body-parser-1.19.6.tgz. Extracting by manifest.
5766 silly tarball no local data for @tailwindcss/oxide-darwin-arm64@https://registry.npmjs.org/@tailwindcss/oxide-darwin-arm64/-/oxide-darwin-arm64-4.3.3.tgz. Extracting by manifest.
5767 silly tarball no local data for @jridgewell/sourcemap-codec@https://registry.npmjs.org/@jridgewell/sourcemap-codec/-/sourcemap-codec-1.5.5.tgz. Extracting by manifest.
5768 silly tarball no local data for @jridgewell/resolve-uri@https://registry.npmjs.org/@jridgewell/resolve-uri/-/resolve-uri-3.1.2.tgz. Extracting by manifest.
5769 silly tarball no local data for @jridgewell/trace-mapping@https://registry.npmjs.org/@jridgewell/trace-mapping/-/trace-mapping-0.3.31.tgz. Extracting by manifest.
5770 silly tarball no local data for @jridgewell/gen-mapping@https://registry.npmjs.org/@jridgewell/gen-mapping/-/gen-mapping-0.3.13.tgz. Extracting by manifest.
5771 silly tarball no local data for @tanstack/query-core@https://registry.npmjs.org/@tanstack/query-core/-/query-core-5.101.4.tgz. Extracting by manifest.
5772 silly tarball no local data for lightningcss@https://registry.npmjs.org/lightningcss/-/lightningcss-1.32.0.tgz. Extracting by manifest.
5773 silly tarball no local data for source-map-js@https://registry.npmjs.org/source-map-js/-/source-map-js-1.2.1.tgz. Extracting by manifest.
5774 silly tarball no local data for jiti@https://registry.npmjs.org/jiti/-/jiti-2.7.0.tgz. Extracting by manifest.
5775 silly tarball no local data for enhanced-resolve@https://registry.npmjs.org/enhanced-resolve/-/enhanced-resolve-5.24.5.tgz. Extracting by manifest.
5776 silly tarball no local data for @tailwindcss/oxide@https://registry.npmjs.org/@tailwindcss/oxide/-/oxide-4.3.3.tgz. Extracting by manifest.
5777 silly tarball no local data for @tailwindcss/node@https://registry.npmjs.org/@tailwindcss/node/-/node-4.3.3.tgz. Extracting by manifest.
5778 silly tarball no local data for @alloc/quick-lru@https://registry.npmjs.org/@alloc/quick-lru/-/quick-lru-5.2.0.tgz. Extracting by manifest.
5779 silly tarball no local data for comment-json@https://registry.npmjs.org/comment-json/-/comment-json-5.0.0.tgz. Extracting by manifest.
5780 silly tarball no local data for pluralize@https://registry.npmjs.org/pluralize/-/pluralize-8.0.0.tgz. Extracting by manifest.
5781 silly tarball no local data for express@https://registry.npmjs.org/express/-/express-5.2.1.tgz. Extracting by manifest.
5782 silly tarball no local data for cors@https://registry.npmjs.org/cors/-/cors-2.8.6.tgz. Extracting by manifest.
5783 silly tarball no local data for jsonwebtoken@https://registry.npmjs.org/jsonwebtoken/-/jsonwebtoken-9.0.3.tgz. Extracting by manifest.
5784 silly tarball no local data for path-to-regexp@https://registry.npmjs.org/path-to-regexp/-/path-to-regexp-8.4.2.tgz. Extracting by manifest.
5785 silly tarball no local data for @types/jsonwebtoken@https://registry.npmjs.org/@types/jsonwebtoken/-/jsonwebtoken-9.0.10.tgz. Extracting by manifest.
5786 silly tarball no local data for fast-safe-stringify@https://registry.npmjs.org/fast-safe-stringify/-/fast-safe-stringify-2.1.1.tgz. Extracting by manifest.
5787 silly tarball no local data for dotenv-expand@https://registry.npmjs.org/dotenv-expand/-/dotenv-expand-12.0.3.tgz. Extracting by manifest.
5788 silly tarball no local data for dotenv@https://registry.npmjs.org/dotenv/-/dotenv-17.4.1.tgz. Extracting by manifest.
5789 silly tarball no local data for uid@https://registry.npmjs.org/uid/-/uid-2.0.2.tgz. Extracting by manifest.
5790 silly tarball no local data for tslib@https://registry.npmjs.org/tslib/-/tslib-2.8.1.tgz. Extracting by manifest.
5791 silly tarball no local data for load-esm@https://registry.npmjs.org/load-esm/-/load-esm-1.0.3.tgz. Extracting by manifest.
5792 silly tarball no local data for iterare@https://registry.npmjs.org/iterare/-/iterare-1.2.1.tgz. Extracting by manifest.
5793 silly tarball no local data for lodash@https://registry.npmjs.org/lodash/-/lodash-4.18.1.tgz. Extracting by manifest.
5794 silly tarball no local data for file-type@https://registry.npmjs.org/file-type/-/file-type-21.3.4.tgz. Extracting by manifest.
5795 silly tarball no local data for iconv-lite@https://registry.npmjs.org/iconv-lite/-/iconv-lite-0.7.3.tgz. Extracting by manifest.
5796 silly tarball no local data for chardet@https://registry.npmjs.org/chardet/-/chardet-2.2.0.tgz. Extracting by manifest.
5797 silly tarball no local data for @inquirer/external-editor@https://registry.npmjs.org/@inquirer/external-editor/-/external-editor-1.0.3.tgz. Extracting by manifest.
5798 silly tarball no local data for wrap-ansi@https://registry.npmjs.org/wrap-ansi/-/wrap-ansi-6.2.0.tgz. Extracting by manifest.
5799 silly tarball no local data for signal-exit@https://registry.npmjs.org/signal-exit/-/signal-exit-4.1.0.tgz. Extracting by manifest.
5800 silly tarball no local data for cli-width@https://registry.npmjs.org/cli-width/-/cli-width-4.1.0.tgz. Extracting by manifest.
5801 silly tarball no local data for yoctocolors-cjs@https://registry.npmjs.org/yoctocolors-cjs/-/yoctocolors-cjs-2.1.3.tgz. Extracting by manifest.
5802 silly tarball no local data for @inquirer/type@https://registry.npmjs.org/@inquirer/type/-/type-3.0.10.tgz. Extracting by manifest.
5803 silly tarball no local data for @inquirer/figures@https://registry.npmjs.org/@inquirer/figures/-/figures-1.0.15.tgz. Extracting by manifest.
5804 silly tarball no local data for mute-stream@https://registry.npmjs.org/mute-stream/-/mute-stream-2.0.0.tgz. Extracting by manifest.
5805 silly tarball no local data for @inquirer/core@https://registry.npmjs.org/@inquirer/core/-/core-10.3.2.tgz. Extracting by manifest.
5806 silly tarball no local data for @inquirer/ansi@https://registry.npmjs.org/@inquirer/ansi/-/ansi-1.0.2.tgz. Extracting by manifest.
5807 silly tarball no local data for @inquirer/select@https://registry.npmjs.org/@inquirer/select/-/select-4.4.2.tgz. Extracting by manifest.
5808 silly tarball no local data for @inquirer/search@https://registry.npmjs.org/@inquirer/search/-/search-3.2.2.tgz. Extracting by manifest.
5809 silly tarball no local data for @inquirer/rawlist@https://registry.npmjs.org/@inquirer/rawlist/-/rawlist-4.1.11.tgz. Extracting by manifest.
5810 silly tarball no local data for @inquirer/password@https://registry.npmjs.org/@inquirer/password/-/password-4.0.23.tgz. Extracting by manifest.
5811 silly tarball no local data for @inquirer/number@https://registry.npmjs.org/@inquirer/number/-/number-3.0.23.tgz. Extracting by manifest.
5812 silly tarball no local data for @inquirer/input@https://registry.npmjs.org/@inquirer/input/-/input-4.3.1.tgz. Extracting by manifest.
5813 silly tarball no local data for @inquirer/expand@https://registry.npmjs.org/@inquirer/expand/-/expand-4.0.23.tgz. Extracting by manifest.
5814 silly tarball no local data for @inquirer/confirm@https://registry.npmjs.org/@inquirer/confirm/-/confirm-5.1.21.tgz. Extracting by manifest.
5815 silly tarball no local data for @inquirer/checkbox@https://registry.npmjs.org/@inquirer/checkbox/-/checkbox-4.3.2.tgz. Extracting by manifest.
5816 silly tarball no local data for yargs-parser@https://registry.npmjs.org/yargs-parser/-/yargs-parser-21.1.1.tgz. Extracting by manifest.
5817 silly tarball no local data for @inquirer/editor@https://registry.npmjs.org/@inquirer/editor/-/editor-4.2.23.tgz. Extracting by manifest.
5818 silly tarball no local data for symbol-observable@https://registry.npmjs.org/symbol-observable/-/symbol-observable-4.0.0.tgz. Extracting by manifest.
5819 silly tarball no local data for magic-string@https://registry.npmjs.org/magic-string/-/magic-string-0.30.17.tgz. Extracting by manifest.
5820 silly tarball no local data for source-map@https://registry.npmjs.org/source-map/-/source-map-0.7.4.tgz. Extracting by manifest.
5821 silly tarball no local data for ansi-colors@https://registry.npmjs.org/ansi-colors/-/ansi-colors-4.1.3.tgz. Extracting by manifest.
5822 silly tarball no local data for picomatch@https://registry.npmjs.org/picomatch/-/picomatch-4.0.4.tgz. Extracting by manifest.
5823 silly tarball no local data for jsonc-parser@https://registry.npmjs.org/jsonc-parser/-/jsonc-parser-3.3.1.tgz. Extracting by manifest.
5824 silly tarball no local data for ajv-formats@https://registry.npmjs.org/ajv-formats/-/ajv-formats-3.0.1.tgz. Extracting by manifest.
5825 silly tarball no local data for ajv@https://registry.npmjs.org/ajv/-/ajv-8.18.0.tgz. Extracting by manifest.
5826 silly tarball no local data for tsconfig-paths-webpack-plugin@https://registry.npmjs.org/tsconfig-paths-webpack-plugin/-/tsconfig-paths-webpack-plugin-4.2.0.tgz. Extracting by manifest.
5827 silly tarball no local data for ora@https://registry.npmjs.org/ora/-/ora-5.4.1.tgz. Extracting by manifest.
5828 silly tarball no local data for webpack-node-externals@https://registry.npmjs.org/webpack-node-externals/-/webpack-node-externals-3.0.0.tgz. Extracting by manifest.
5829 silly tarball no local data for node-emoji@https://registry.npmjs.org/node-emoji/-/node-emoji-1.11.0.tgz. Extracting by manifest.
5830 silly tarball no local data for glob@https://registry.npmjs.org/glob/-/glob-13.0.6.tgz. Extracting by manifest.
5831 silly tarball no local data for fork-ts-checker-webpack-plugin@https://registry.npmjs.org/fork-ts-checker-webpack-plugin/-/fork-ts-checker-webpack-plugin-9.1.0.tgz. Extracting by manifest.
5832 silly tarball no local data for commander@https://registry.npmjs.org/commander/-/commander-4.1.1.tgz. Extracting by manifest.
5833 silly tarball no local data for cli-table3@https://registry.npmjs.org/cli-table3/-/cli-table3-0.6.5.tgz. Extracting by manifest.
5834 silly tarball no local data for ansis@https://registry.npmjs.org/ansis/-/ansis-4.2.0.tgz. Extracting by manifest.
5835 silly tarball no local data for chokidar@https://registry.npmjs.org/chokidar/-/chokidar-4.0.3.tgz. Extracting by manifest.
5836 silly tarball no local data for @inquirer/prompts@https://registry.npmjs.org/@inquirer/prompts/-/prompts-7.10.1.tgz. Extracting by manifest.
5837 silly tarball no local data for @angular-devkit/schematics@https://registry.npmjs.org/@angular-devkit/schematics/-/schematics-19.2.27.tgz. Extracting by manifest.
5838 silly tarball no local data for @angular-devkit/schematics-cli@https://registry.npmjs.org/@angular-devkit/schematics-cli/-/schematics-cli-19.2.27.tgz. Extracting by manifest.
5839 silly tarball no local data for @angular-devkit/core@https://registry.npmjs.org/@angular-devkit/core/-/core-19.2.27.tgz. Extracting by manifest.
5840 silly tarball no local data for zustand@https://registry.npmjs.org/zustand/-/zustand-5.0.15.tgz. Extracting by manifest.
5841 silly tarball no local data for @standard-schema/utils@https://registry.npmjs.org/@standard-schema/utils/-/utils-0.3.0.tgz. Extracting by manifest.
5842 silly tarball no local data for zod@https://registry.npmjs.org/zod/-/zod-3.25.76.tgz. Extracting by manifest.
5843 silly tarball no local data for tailwindcss@https://registry.npmjs.org/tailwindcss/-/tailwindcss-4.3.3.tgz. Extracting by manifest.
5844 silly tarball no local data for tailwind-merge@https://registry.npmjs.org/tailwind-merge/-/tailwind-merge-3.6.0.tgz. Extracting by manifest.
5845 silly tarball no local data for sonner@https://registry.npmjs.org/sonner/-/sonner-2.0.8.tgz. Extracting by manifest.
5846 silly tarball no local data for react-dom@https://registry.npmjs.org/react-dom/-/react-dom-19.2.8.tgz. Extracting by manifest.
5847 silly tarball no local data for postcss@https://registry.npmjs.org/postcss/-/postcss-8.5.26.tgz. Extracting by manifest.
5848 silly tarball no local data for next@https://registry.npmjs.org/next/-/next-15.5.23.tgz. Extracting by manifest.
5849 silly tarball no local data for motion@https://registry.npmjs.org/motion/-/motion-12.43.0.tgz. Extracting by manifest.
5850 silly tarball no local data for lucide-react@https://registry.npmjs.org/lucide-react/-/lucide-react-1.33.0.tgz. Extracting by manifest.
5851 silly tarball no local data for clsx@https://registry.npmjs.org/clsx/-/clsx-2.1.1.tgz. Extracting by manifest.
5852 silly tarball no local data for @types/react-dom@https://registry.npmjs.org/@types/react-dom/-/react-dom-19.2.4.tgz. Extracting by manifest.
5853 silly tarball no local data for @types/react@https://registry.npmjs.org/@types/react/-/react-19.2.18.tgz. Extracting by manifest.
5854 silly tarball no local data for @tanstack/react-query@https://registry.npmjs.org/@tanstack/react-query/-/react-query-5.101.4.tgz. Extracting by manifest.
5855 silly tarball no local data for react@https://registry.npmjs.org/react/-/react-19.2.8.tgz. Extracting by manifest.
5856 silly tarball no local data for react-hook-form@https://registry.npmjs.org/react-hook-form/-/react-hook-form-7.86.0.tgz. Extracting by manifest.
5857 silly tarball no local data for tsconfig-paths@https://registry.npmjs.org/tsconfig-paths/-/tsconfig-paths-4.2.0.tgz. Extracting by manifest.
5858 silly tarball no local data for @hookform/resolvers@https://registry.npmjs.org/@hookform/resolvers/-/resolvers-4.1.3.tgz. Extracting by manifest.
5859 silly tarball no local data for ts-node@https://registry.npmjs.org/ts-node/-/ts-node-10.9.2.tgz. Extracting by manifest.
5860 silly tarball no local data for webpack@https://registry.npmjs.org/webpack/-/webpack-5.109.2.tgz. Extracting by manifest.
5861 silly tarball no local data for ts-loader@https://registry.npmjs.org/ts-loader/-/ts-loader-9.6.2.tgz. Extracting by manifest.
5862 silly tarball no local data for ts-jest@https://registry.npmjs.org/ts-jest/-/ts-jest-29.4.12.tgz. Extracting by manifest.
5863 silly tarball no local data for supertest@https://registry.npmjs.org/supertest/-/supertest-7.2.2.tgz. Extracting by manifest.
5864 silly tarball no local data for source-map-support@https://registry.npmjs.org/source-map-support/-/source-map-support-0.5.21.tgz. Extracting by manifest.
5865 silly tarball no local data for prisma@https://registry.npmjs.org/prisma/-/prisma-6.19.3.tgz. Extracting by manifest.
5866 silly tarball no local data for passport-jwt@https://registry.npmjs.org/passport-jwt/-/passport-jwt-4.0.1.tgz. Extracting by manifest.
5867 silly tarball no local data for jest@https://registry.npmjs.org/jest/-/jest-29.7.0.tgz. Extracting by manifest.
5868 silly tarball no local data for multer@https://registry.npmjs.org/multer/-/multer-1.4.5-lts.2.tgz. Extracting by manifest.
5869 silly tarball no local data for class-validator@https://registry.npmjs.org/class-validator/-/class-validator-0.14.4.tgz. Extracting by manifest.
5870 silly tarball no local data for class-transformer@https://registry.npmjs.org/class-transformer/-/class-transformer-0.5.1.tgz. Extracting by manifest.
5871 silly tarball no local data for bcrypt@https://registry.npmjs.org/bcrypt/-/bcrypt-5.1.1.tgz. Extracting by manifest.
5872 silly tarball no local data for @types/supertest@https://registry.npmjs.org/@types/supertest/-/supertest-6.0.3.tgz. Extracting by manifest.
5873 silly tarball no local data for @types/passport-jwt@https://registry.npmjs.org/@types/passport-jwt/-/passport-jwt-4.0.1.tgz. Extracting by manifest.
5874 silly tarball no local data for @types/node@https://registry.npmjs.org/@types/node/-/node-22.20.1.tgz. Extracting by manifest.
5875 silly tarball no local data for @types/multer@https://registry.npmjs.org/@types/multer/-/multer-1.4.13.tgz. Extracting by manifest.
5876 silly tarball no local data for @types/jest@https://registry.npmjs.org/@types/jest/-/jest-29.5.14.tgz. Extracting by manifest.
5877 silly tarball no local data for @types/express@https://registry.npmjs.org/@types/express/-/express-5.0.6.tgz. Extracting by manifest.
5878 silly tarball no local data for @types/bcrypt@https://registry.npmjs.org/@types/bcrypt/-/bcrypt-5.0.2.tgz. Extracting by manifest.
5879 silly tarball no local data for @prisma/client@https://registry.npmjs.org/@prisma/client/-/client-6.19.3.tgz. Extracting by manifest.
5880 silly tarball no local data for @nestjs/testing@https://registry.npmjs.org/@nestjs/testing/-/testing-11.2.1.tgz. Extracting by manifest.
5881 silly tarball no local data for @nestjs/schematics@https://registry.npmjs.org/@nestjs/schematics/-/schematics-11.1.0.tgz. Extracting by manifest.
5882 silly tarball no local data for @nestjs/platform-express@https://registry.npmjs.org/@nestjs/platform-express/-/platform-express-11.2.1.tgz. Extracting by manifest.
5883 silly tarball no local data for passport@https://registry.npmjs.org/passport/-/passport-0.7.0.tgz. Extracting by manifest.
5884 silly tarball no local data for @nestjs/passport@https://registry.npmjs.org/@nestjs/passport/-/passport-11.0.5.tgz. Extracting by manifest.
5885 silly tarball no local data for @nestjs/jwt@https://registry.npmjs.org/@nestjs/jwt/-/jwt-11.0.2.tgz. Extracting by manifest.
5886 silly tarball no local data for @nestjs/core@https://registry.npmjs.org/@nestjs/core/-/core-11.2.1.tgz. Extracting by manifest.
5887 silly tarball no local data for reflect-metadata@https://registry.npmjs.org/reflect-metadata/-/reflect-metadata-0.2.2.tgz. Extracting by manifest.
5888 silly tarball no local data for @nestjs/config@https://registry.npmjs.org/@nestjs/config/-/config-4.0.4.tgz. Extracting by manifest.
5889 silly tarball no local data for rxjs@https://registry.npmjs.org/rxjs/-/rxjs-7.8.2.tgz. Extracting by manifest.
5890 silly tarball no local data for @nestjs/common@https://registry.npmjs.org/@nestjs/common/-/common-11.2.1.tgz. Extracting by manifest.
5891 silly tarball no local data for @nestjs/cli@https://registry.npmjs.org/@nestjs/cli/-/cli-11.0.24.tgz. Extracting by manifest.
5892 silly tarball no local data for @turbo/darwin-arm64@https://registry.npmjs.org/@turbo/darwin-arm64/-/darwin-arm64-2.10.11.tgz. Extracting by manifest.
5893 silly tarball no local data for typescript@https://registry.npmjs.org/typescript/-/typescript-5.9.3.tgz. Extracting by manifest.
5894 silly tarball no local data for turbo@https://registry.npmjs.org/turbo/-/turbo-2.10.11.tgz. Extracting by manifest.
5895 silly tarball no local data for schema-utils@https://registry.npmjs.org/schema-utils/-/schema-utils-4.3.3.tgz. Extracting by manifest.
5896 silly tarball no local data for supports-color@https://registry.npmjs.org/supports-color/-/supports-color-8.1.1.tgz. Extracting by manifest.
5897 silly tarball no local data for wrap-ansi@https://registry.npmjs.org/wrap-ansi/-/wrap-ansi-7.0.0.tgz. Extracting by manifest.
5898 silly tarball no local data for ajv-formats@https://registry.npmjs.org/ajv-formats/-/ajv-formats-2.1.1.tgz. Extracting by manifest.
5899 silly tarball no local data for commander@https://registry.npmjs.org/commander/-/commander-2.20.3.tgz. Extracting by manifest.
5900 silly tarball no local data for estraverse@https://registry.npmjs.org/estraverse/-/estraverse-5.3.0.tgz. Extracting by manifest.
5901 silly tarball no local data for jest-worker@https://registry.npmjs.org/jest-worker/-/jest-worker-27.5.1.tgz. Extracting by manifest.
5902 silly tarball no local data for ajv-formats@https://registry.npmjs.org/ajv-formats/-/ajv-formats-2.1.1.tgz. Extracting by manifest.
5903 silly tarball no local data for supports-color@https://registry.npmjs.org/supports-color/-/supports-color-8.1.1.tgz. Extracting by manifest.
5904 silly tarball no local data for jest-worker@https://registry.npmjs.org/jest-worker/-/jest-worker-27.5.1.tgz. Extracting by manifest.
5905 silly tarball no local data for @tailwindcss/postcss@https://registry.npmjs.org/@tailwindcss/postcss/-/postcss-4.3.3.tgz. Extracting by manifest.
5906 silly tarball no local data for minipass@https://registry.npmjs.org/minipass/-/minipass-3.3.6.tgz. Extracting by manifest.
5907 silly tarball no local data for yallist@https://registry.npmjs.org/yallist/-/yallist-4.0.0.tgz. Extracting by manifest.
5908 silly tarball no local data for schema-utils@https://registry.npmjs.org/schema-utils/-/schema-utils-4.3.3.tgz. Extracting by manifest.
5909 silly tarball no local data for source-map@https://registry.npmjs.org/source-map/-/source-map-0.6.1.tgz. Extracting by manifest.
5910 silly tarball no local data for @jridgewell/trace-mapping@https://registry.npmjs.org/@jridgewell/trace-mapping/-/trace-mapping-0.3.9.tgz. Extracting by manifest.
5911 silly tarball no local data for yallist@https://registry.npmjs.org/yallist/-/yallist-4.0.0.tgz. Extracting by manifest.
5912 silly tarball no local data for minipass@https://registry.npmjs.org/minipass/-/minipass-3.3.6.tgz. Extracting by manifest.
5913 silly tarball no local data for safe-buffer@https://registry.npmjs.org/safe-buffer/-/safe-buffer-5.1.2.tgz. Extracting by manifest.
5914 silly tarball no local data for dotenv@https://registry.npmjs.org/dotenv/-/dotenv-16.6.1.tgz. Extracting by manifest.
5915 silly tarball no local data for citty@https://registry.npmjs.org/citty/-/citty-0.2.2.tgz. Extracting by manifest.
5916 silly tarball no local data for signal-exit@https://registry.npmjs.org/signal-exit/-/signal-exit-3.0.7.tgz. Extracting by manifest.
5917 silly tarball no local data for signal-exit@https://registry.npmjs.org/signal-exit/-/signal-exit-3.0.7.tgz. Extracting by manifest.
5918 silly tarball no local data for readable-stream@https://registry.npmjs.org/readable-stream/-/readable-stream-3.6.2.tgz. Extracting by manifest.
5919 silly tarball no local data for safe-buffer@https://registry.npmjs.org/safe-buffer/-/safe-buffer-5.1.2.tgz. Extracting by manifest.
5920 silly tarball no local data for p-limit@https://registry.npmjs.org/p-limit/-/p-limit-2.3.0.tgz. Extracting by manifest.
5921 silly tarball no local data for picomatch@https://registry.npmjs.org/picomatch/-/picomatch-2.3.2.tgz. Extracting by manifest.
5922 silly tarball no local data for resolve-from@https://registry.npmjs.org/resolve-from/-/resolve-from-5.0.0.tgz. Extracting by manifest.
5923 silly tarball no local data for signal-exit@https://registry.npmjs.org/signal-exit/-/signal-exit-3.0.7.tgz. Extracting by manifest.
5924 silly tarball no local data for @jridgewell/remapping@https://registry.npmjs.org/@jridgewell/remapping/-/remapping-2.3.5.tgz. Extracting by manifest.
5925 silly tarball no local data for glob@https://registry.npmjs.org/glob/-/glob-7.2.3.tgz. Extracting by manifest.
5926 silly tarball no local data for readable-stream@https://registry.npmjs.org/readable-stream/-/readable-stream-3.6.2.tgz. Extracting by manifest.
5927 silly tarball no local data for resolve-from@https://registry.npmjs.org/resolve-from/-/resolve-from-5.0.0.tgz. Extracting by manifest.
5928 silly tarball no local data for js-yaml@https://registry.npmjs.org/js-yaml/-/js-yaml-3.15.1.tgz. Extracting by manifest.
5929 silly tarball no local data for signal-exit@https://registry.npmjs.org/signal-exit/-/signal-exit-3.0.7.tgz. Extracting by manifest.
5930 silly tarball no local data for argparse@https://registry.npmjs.org/argparse/-/argparse-1.0.10.tgz. Extracting by manifest.
5931 silly tarball no local data for semver@https://registry.npmjs.org/semver/-/semver-6.3.1.tgz. Extracting by manifest.
5932 silly tarball no local data for istanbul-lib-instrument@https://registry.npmjs.org/istanbul-lib-instrument/-/istanbul-lib-instrument-5.2.1.tgz. Extracting by manifest.
5933 silly tarball no local data for supports-color@https://registry.npmjs.org/supports-color/-/supports-color-8.1.1.tgz. Extracting by manifest.
5934 silly tarball no local data for semver@https://registry.npmjs.org/semver/-/semver-6.3.1.tgz. Extracting by manifest.
5935 silly tarball no local data for source-map@https://registry.npmjs.org/source-map/-/source-map-0.6.1.tgz. Extracting by manifest.
5936 silly tarball no local data for camelcase@https://registry.npmjs.org/camelcase/-/camelcase-6.3.0.tgz. Extracting by manifest.
5937 silly tarball no local data for picomatch@https://registry.npmjs.org/picomatch/-/picomatch-2.3.2.tgz. Extracting by manifest.
5938 silly tarball no local data for glob@https://registry.npmjs.org/glob/-/glob-7.2.3.tgz. Extracting by manifest.
5939 silly tarball no local data for make-dir@https://registry.npmjs.org/make-dir/-/make-dir-4.0.0.tgz. Extracting by manifest.
5940 silly tarball no local data for semver@https://registry.npmjs.org/semver/-/semver-6.3.1.tgz. Extracting by manifest.
5941 silly tarball no local data for source-map@https://registry.npmjs.org/source-map/-/source-map-0.6.1.tgz. Extracting by manifest.
5942 silly tarball no local data for source-map-support@https://registry.npmjs.org/source-map-support/-/source-map-support-0.5.13.tgz. Extracting by manifest.
5943 silly tarball no local data for glob@https://registry.npmjs.org/glob/-/glob-7.2.3.tgz. Extracting by manifest.
5944 silly tarball no local data for glob@https://registry.npmjs.org/glob/-/glob-7.2.3.tgz. Extracting by manifest.
5945 silly tarball no local data for lru-cache@https://registry.npmjs.org/lru-cache/-/lru-cache-11.5.2.tgz. Extracting by manifest.
5946 silly tarball no local data for ajv@https://registry.npmjs.org/ajv/-/ajv-6.15.0.tgz. Extracting by manifest.
5947 silly tarball no local data for ajv-keywords@https://registry.npmjs.org/ajv-keywords/-/ajv-keywords-3.5.2.tgz. Extracting by manifest.
5948 silly tarball no local data for json-schema-traverse@https://registry.npmjs.org/json-schema-traverse/-/json-schema-traverse-0.4.1.tgz. Extracting by manifest.
5949 silly tarball no local data for content-type@https://registry.npmjs.org/content-type/-/content-type-2.1.0.tgz. Extracting by manifest.
5950 silly tarball no local data for content-type@https://registry.npmjs.org/content-type/-/content-type-2.1.0.tgz. Extracting by manifest.
5951 silly tarball no local data for content-type@https://registry.npmjs.org/content-type/-/content-type-2.1.0.tgz. Extracting by manifest.
5952 silly tarball no local data for minipass@https://registry.npmjs.org/minipass/-/minipass-5.0.0.tgz. Extracting by manifest.
5953 silly tarball no local data for yallist@https://registry.npmjs.org/yallist/-/yallist-4.0.0.tgz. Extracting by manifest.
5954 silly tarball no local data for glob@https://registry.npmjs.org/glob/-/glob-7.2.3.tgz. Extracting by manifest.
5955 silly tarball no local data for mkdirp@https://registry.npmjs.org/mkdirp/-/mkdirp-1.0.4.tgz. Extracting by manifest.
5956 silly tarball no local data for semver@https://registry.npmjs.org/semver/-/semver-6.3.1.tgz. Extracting by manifest.
5957 silly tarball no local data for mime-db@https://registry.npmjs.org/mime-db/-/mime-db-1.52.0.tgz. Extracting by manifest.
5958 silly tarball no local data for picomatch@https://registry.npmjs.org/picomatch/-/picomatch-2.3.2.tgz. Extracting by manifest.
5959 silly tarball no local data for mime-types@https://registry.npmjs.org/mime-types/-/mime-types-2.1.35.tgz. Extracting by manifest.
5960 silly tarball no local data for ansi-styles@https://registry.npmjs.org/ansi-styles/-/ansi-styles-5.2.0.tgz. Extracting by manifest.
5961 silly tarball no local data for magic-string@https://registry.npmjs.org/magic-string/-/magic-string-0.30.21.tgz. Extracting by manifest.
5962 silly tarball no local data for dotenv@https://registry.npmjs.org/dotenv/-/dotenv-16.6.1.tgz. Extracting by manifest.
5963 silly tarball no local data for minimatch@https://registry.npmjs.org/minimatch/-/minimatch-10.2.6.tgz. Extracting by manifest.
5964 silly tarball no local data for balanced-match@https://registry.npmjs.org/balanced-match/-/balanced-match-4.0.4.tgz. Extracting by manifest.
5965 silly tarball no local data for @inquirer/prompts@https://registry.npmjs.org/@inquirer/prompts/-/prompts-7.3.2.tgz. Extracting by manifest.
5966 silly tarball no local data for rxjs@https://registry.npmjs.org/rxjs/-/rxjs-7.8.1.tgz. Extracting by manifest.
5967 silly tarball no local data for postcss@https://registry.npmjs.org/postcss/-/postcss-8.4.31.tgz. Extracting by manifest.
5968 silly tarball no local data for rxjs@https://registry.npmjs.org/rxjs/-/rxjs-7.8.1.tgz. Extracting by manifest.
5969 silly tarball no local data for brace-expansion@https://registry.npmjs.org/brace-expansion/-/brace-expansion-5.0.9.tgz. Extracting by manifest.
5970 silly tarball no local data for strip-bom@https://registry.npmjs.org/strip-bom/-/strip-bom-3.0.0.tgz. Extracting by manifest.
5971 silly tarball no local data for ajv-formats@https://registry.npmjs.org/ajv-formats/-/ajv-formats-2.1.1.tgz. Extracting by manifest.
5972 silly tarball no local data for schema-utils@https://registry.npmjs.org/schema-utils/-/schema-utils-4.3.3.tgz. Extracting by manifest.
5973 silly tarball no local data for type-fest@https://registry.npmjs.org/type-fest/-/type-fest-4.41.0.tgz. Extracting by manifest.
5974 silly tarball no local data for mime-db@https://registry.npmjs.org/mime-db/-/mime-db-1.52.0.tgz. Extracting by manifest.
5975 silly tarball no local data for source-map@https://registry.npmjs.org/source-map/-/source-map-0.6.1.tgz. Extracting by manifest.
5976 silly tarball no local data for type-is@https://registry.npmjs.org/type-is/-/type-is-1.6.18.tgz. Extracting by manifest.
5977 silly tarball no local data for mime-types@https://registry.npmjs.org/mime-types/-/mime-types-2.1.35.tgz. Extracting by manifest.
5978 silly tarball no local data for rxjs@https://registry.npmjs.org/rxjs/-/rxjs-7.8.1.tgz. Extracting by manifest.
5979 silly tarball no local data for @angular-devkit/core@https://registry.npmjs.org/@angular-devkit/core/-/core-19.2.24.tgz. Extracting by manifest.
5980 silly tarball no local data for media-typer@https://registry.npmjs.org/media-typer/-/media-typer-0.3.0.tgz. Extracting by manifest.
5981 silly tarball no local data for @angular-devkit/schematics@https://registry.npmjs.org/@angular-devkit/schematics/-/schematics-19.2.24.tgz. Extracting by manifest.
5982 silly tarball no local data for mime-db@https://registry.npmjs.org/mime-db/-/mime-db-1.52.0.tgz. Extracting by manifest.
5983 silly tarball no local data for mime-types@https://registry.npmjs.org/mime-types/-/mime-types-2.1.35.tgz. Extracting by manifest.
5984 silly tarball no local data for type-is@https://registry.npmjs.org/type-is/-/type-is-1.6.18.tgz. Extracting by manifest.
5985 silly tarball no local data for media-typer@https://registry.npmjs.org/media-typer/-/media-typer-0.3.0.tgz. Extracting by manifest.
5986 silly tarball no local data for readable-stream@https://registry.npmjs.org/readable-stream/-/readable-stream-3.6.2.tgz. Extracting by manifest.
5987 silly tarball no local data for concat-stream@https://registry.npmjs.org/concat-stream/-/concat-stream-2.0.0.tgz. Extracting by manifest.
5988 silly tarball no local data for multer@https://registry.npmjs.org/multer/-/multer-2.2.0.tgz. Extracting by manifest.
5989 silly tarball no local data for ajv-formats@https://registry.npmjs.org/ajv-formats/-/ajv-formats-2.1.1.tgz. Extracting by manifest.
5990 silly tarball no local data for schema-utils@https://registry.npmjs.org/schema-utils/-/schema-utils-4.3.3.tgz. Extracting by manifest.
5991 silly tarball no local data for webpack@https://registry.npmjs.org/webpack/-/webpack-5.106.2.tgz. Extracting by manifest.
5992 http fetch POST 200 https://registry.npmjs.org/-/npm/v1/security/advisories/bulk 457ms
5993 silly audit report {
5993 silly audit report   postcss: [
5993 silly audit report     {
5993 silly audit report       id: 1130709,
5993 silly audit report       url: 'https://github.com/advisories/GHSA-fxqj-rqcc-2cmp',
5993 silly audit report       title: 'PostCSS: incomplete fix of GHSA-6g55-p6wh-862q — attacker-controlled sourceMappingURL reads arbitrary .map files when `from` is unset',
5993 silly audit report       severity: 'moderate',
5993 silly audit report       vulnerable_versions: '<=8.5.22',
5993 silly audit report       cwe: [Array],
5993 silly audit report       cvss: [Object]
5993 silly audit report     },
5993 silly audit report     {
5993 silly audit report       id: 1117015,
5993 silly audit report       url: 'https://github.com/advisories/GHSA-qx2v-qp2m-jg93',
5993 silly audit report       title: 'PostCSS has XSS via Unescaped </style> in its CSS Stringify Output',
5993 silly audit report       severity: 'moderate',
5993 silly audit report       vulnerable_versions: '<8.5.10',
5993 silly audit report       cwe: [Array],
5993 silly audit report       cvss: [Object]
5993 silly audit report     },
5993 silly audit report     {
5993 silly audit report       id: 1124252,
5993 silly audit report       url: 'https://github.com/advisories/GHSA-6g55-p6wh-862q',
5993 silly audit report       title: 'PostCSS: Arbitrary file read and information disclosure via attacker-controlled sourceMappingURL in CSS comments',
5993 silly audit report       severity: 'high',
5993 silly audit report       vulnerable_versions: '<=8.5.11',
5993 silly audit report       cwe: [Array],
5993 silly audit report       cvss: [Object]
5993 silly audit report     },
5993 silly audit report     {
5993 silly audit report       id: 1139510,
5993 silly audit report       url: 'https://github.com/advisories/GHSA-r28c-9q8g-f849',
5993 silly audit report       title: 'PostCSS: Path Traversal in Previous Source Map Auto-Loading (sourceMappingURL) leads to Arbitrary .map File Disclosure',
5993 silly audit report       severity: 'high',
5993 silly audit report       vulnerable_versions: '<=8.5.17',
5993 silly audit report       cwe: [Array],
5993 silly audit report       cvss: [Object]
5993 silly audit report     }
5993 silly audit report   ],
5993 silly audit report   tar: [
5993 silly audit report     {
5993 silly audit report       id: 1112659,
5993 silly audit report       url: 'https://github.com/advisories/GHSA-34x7-hfp2-rc4v',
5993 silly audit report       title: 'node-tar Vulnerable to Arbitrary File Creation/Overwrite via Hardlink Path Traversal',
5993 silly audit report       severity: 'high',
5993 silly audit report       vulnerable_versions: '<7.5.7',
5993 silly audit report       cwe: [Array],
5993 silly audit report       cvss: [Object]
5993 silly audit report     },
5993 silly audit report     {
5993 silly audit report       id: 1113300,
5993 silly audit report       url: 'https://github.com/advisories/GHSA-8qq5-rm4j-mr97',
5993 silly audit report       title: 'node-tar is Vulnerable to Arbitrary File Overwrite and Symlink Poisoning via Insufficient Path Sanitization',
5993 silly audit report       severity: 'high',
5993 silly audit report       vulnerable_versions: '<=7.5.2',
5993 silly audit report       cwe: [Array],
5993 silly audit report       cvss: [Object]
5993 silly audit report     },
5993 silly audit report     {
5993 silly audit report       id: 1113375,
5993 silly audit report       url: 'https://github.com/advisories/GHSA-83g3-92jg-28cx',
5993 silly audit report       title: 'Arbitrary File Read/Write via Hardlink Target Escape Through Symlink Chain in node-tar Extraction',
5993 silly audit report       severity: 'high',
5993 silly audit report       vulnerable_versions: '<7.5.8',
5993 silly audit report       cwe: [Array],
5993 silly audit report       cvss: [Object]
5993 silly audit report     },
5993 silly audit report     {
5993 silly audit report       id: 1114200,
5993 silly audit report       url: 'https://github.com/advisories/GHSA-qffp-2rhf-9h96',
5993 silly audit report       title: 'tar has Hardlink Path Traversal via Drive-Relative Linkpath',
5993 silly audit report       severity: 'high',
5993 silly audit report       vulnerable_versions: '<=7.5.9',
5993 silly audit report       cwe: [Array],
5993 silly audit report       cvss: [Object]
5993 silly audit report     },
5993 silly audit report     {
5993 silly audit report       id: 1114302,
5993 silly audit report       url: 'https://github.com/advisories/GHSA-9ppj-qmqm-q256',
5993 silly audit report       title: 'node-tar Symlink Path Traversal via Drive-Relative Linkpath',
5993 silly audit report       severity: 'high',
5993 silly audit report       vulnerable_versions: '<=7.5.10',
5993 silly audit report       cwe: [Array],
5993 silly audit report       cvss: [Object]
5993 silly audit report     },
5993 silly audit report     {
5993 silly audit report       id: 1120782,
5993 silly audit report       url: 'https://github.com/advisories/GHSA-vmf3-w455-68vh',
5993 silly audit report       title: 'node-tar applies PAX size override to intermediary GNU long-name/long-link headers, causing tar parser interpretation differential (file smuggling)',
5993 silly audit report       severity: 'moderate',
5993 silly audit report       vulnerable_versions: '<=7.5.15',
5993 silly audit report       cwe: [Array],
5993 silly audit report       cvss: [Object]
5993 silly audit report     },
5993 silly audit report     {
5993 silly audit report       id: 1114680,
5993 silly audit report       url: 'https://github.com/advisories/GHSA-r6q2-hw4h-h46w',
5993 silly audit report       title: 'Race Condition in node-tar Path Reservations via Unicode Ligature Collisions on macOS APFS',
5993 silly audit report       severity: 'high',
5993 silly audit report       vulnerable_versions: '<=7.5.3',
5993 silly audit report       cwe: [Array],
5993 silly audit report       cvss: [Object]
5993 silly audit report     },
5993 silly audit report     {
5993 silly audit report       id: 1123939,
5993 silly audit report       url: 'https://github.com/advisories/GHSA-w8wr-v893-vjvp',
5993 silly audit report       title: 'node-tar: Process crash via PAX numeric path type confusion',
5993 silly audit report       severity: 'moderate',
5993 silly audit report       vulnerable_versions: '<=7.5.17',
5993 silly audit report       cwe: [Array],
5993 silly audit report       cvss: [Object]
5993 silly audit report     },
5993 silly audit report     {
5993 silly audit report       id: 1123940,
5993 silly audit report       url: 'https://github.com/advisories/GHSA-23hp-3jrh-7fpw',
5993 silly audit report       title: 'node-tar: Decompression/parse DoS via unlimited input',
5993 silly audit report       severity: 'critical',
5993 silly audit report       vulnerable_versions: '<=7.5.18',
5993 silly audit report       cwe: [Array],
5993 silly audit report       cvss: [Object]
5993 silly audit report     },
5993 silly audit report     {
5993 silly audit report       id: 1123941,
5993 silly audit report       url: 'https://github.com/advisories/GHSA-8x88-c5mf-7j5w',
5993 silly audit report       title: 'node-tar: Negative tar entry size causes infinite loop in archive replace',
5993 silly audit report       severity: 'high',
5993 silly audit report       vulnerable_versions: '<=7.5.17',
5993 silly audit report       cwe: [Array],
5993 silly audit report       cvss: [Object]
5993 silly audit report     },
5993 silly audit report     {
5993 silly audit report       id: 1123942,
5993 silly audit report       url: 'https://github.com/advisories/GHSA-gvwx-54wh-qm9j',
5993 silly audit report       title: 'node-tar: Uncaught Exception DoS via NUL byte in PAX path/linkpath records',
5993 silly audit report       severity: 'moderate',
5993 silly audit report       vulnerable_versions: '<=7.5.16',
5993 silly audit report       cwe: [Array],
5993 silly audit report       cvss: [Object]
5993 silly audit report     },
5993 silly audit report     {
5993 silly audit report       id: 1145647,
5993 silly audit report       url: 'https://github.com/advisories/GHSA-r292-9mhp-454m',
5993 silly audit report       title: 'node-tar: Uncontrolled recursion in mapHas/filesFilter allows uncatchable stack-overflow DoS via crafted long-path tar with member selection',
5993 silly audit report       severity: 'high',
5993 silly audit report       vulnerable_versions: '<=7.5.20',
5993 silly audit report       cwe: [Array],
5993 silly audit report       cvss: [Object]
5993 silly audit report     }
5993 silly audit report   ],
5993 silly audit report   sharp: [
5993 silly audit report     {
5993 silly audit report       id: 1124066,
5993 silly audit report       url: 'https://github.com/advisories/GHSA-f88m-g3jw-g9cj',
5993 silly audit report       title: 'sharp inherited vulnerabilities in libvips: CVE-2026-33327, CVE-2026-33328, CVE-2026-35590, CVE-2026-35591',
5993 silly audit report       severity: 'high',
5993 silly audit report       vulnerable_versions: '<0.35.0',
5993 silly audit report       cwe: [Array],
5993 silly audit report       cvss: [Object]
5993 silly audit report     }
5993 silly audit report   ],
5993 silly audit report   'deepmerge-ts': [
5993 silly audit report     {
5993 silly audit report       id: 1145093,
5993 silly audit report       url: 'https://github.com/advisories/GHSA-ggr8-5vv4-36mx',
5993 silly audit report       title: 'DeepmergeTS has stack exhaustion when merging recursive object graphs',
5993 silly audit report       severity: 'high',
5993 silly audit report       vulnerable_versions: '<8.0.0',
5993 silly audit report       cwe: [Array],
5993 silly audit report       cvss: [Object]
5993 silly audit report     }
5993 silly audit report   ]
5993 silly audit report }
5994 silly packumentCache corgi:https://registry.npmjs.org/postcss cache-miss
5995 silly packumentCache corgi:https://registry.npmjs.org/tar cache-miss
5996 silly packumentCache corgi:https://registry.npmjs.org/sharp cache-miss
5997 silly packumentCache corgi:https://registry.npmjs.org/deepmerge-ts cache-miss
5998 http fetch GET 200 https://registry.npmjs.org/punycode/-/punycode-2.3.1.tgz 286ms (cache miss)
5999 http fetch GET 200 https://registry.npmjs.org/loader-runner/-/loader-runner-4.3.2.tgz 285ms (cache miss)
6000 http fetch GET 200 https://registry.npmjs.org/p-try/-/p-try-2.2.0.tgz 285ms (cache miss)
6001 http fetch GET 200 https://registry.npmjs.org/uri-js/-/uri-js-4.4.1.tgz 302ms (cache miss)
6002 http fetch GET 200 https://registry.npmjs.org/require-directory/-/require-directory-2.1.1.tgz 304ms (cache miss)
6003 http fetch GET 200 https://registry.npmjs.org/get-caller-file/-/get-caller-file-2.0.5.tgz 318ms (cache miss)
6004 http fetch GET 200 https://registry.npmjs.org/cliui/-/cliui-8.0.1.tgz 318ms (cache miss)
6005 http fetch GET 200 https://registry.npmjs.org/inflight/-/inflight-1.0.6.tgz 319ms (cache miss)
6006 warn deprecated inflight@1.0.6: This module is not supported, and leaks memory. Do not use it. Check out lru-cache if you want a good and tested way to coalesce async requests by a key value, which is much more comprehensive and powerful.
6007 http fetch GET 200 https://registry.npmjs.org/isexe/-/isexe-2.0.0.tgz 321ms (cache miss)
6008 http fetch GET 200 https://registry.npmjs.org/imurmurhash/-/imurmurhash-0.1.4.tgz 323ms (cache miss)
6009 http fetch GET 200 https://registry.npmjs.org/ajv-keywords/-/ajv-keywords-5.1.0.tgz 338ms (cache miss)
6010 http fetch GET 200 https://registry.npmjs.org/tr46/-/tr46-0.0.3.tgz 350ms (cache miss)
6011 http fetch GET 200 https://registry.npmjs.org/webidl-conversions/-/webidl-conversions-3.0.1.tgz 375ms (cache miss)
6012 http fetch GET 200 https://registry.npmjs.org/esrecurse/-/esrecurse-4.3.0.tgz 378ms (cache miss)
6013 http fetch GET 200 https://registry.npmjs.org/estraverse/-/estraverse-4.3.0.tgz 381ms (cache miss)
6014 http fetch GET 200 https://registry.npmjs.org/@jridgewell/source-map/-/source-map-0.3.11.tgz 384ms (cache miss)
6015 http fetch GET 200 https://registry.npmjs.org/path-is-absolute/-/path-is-absolute-1.0.1.tgz 400ms (cache miss)
6016 http fetch GET 200 https://registry.npmjs.org/acorn-import-phases/-/acorn-import-phases-1.0.4.tgz 402ms (cache miss)
6017 http fetch GET 200 https://registry.npmjs.org/glob-to-regexp/-/glob-to-regexp-0.4.1.tgz 402ms (cache miss)
6018 http fetch GET 200 https://registry.npmjs.org/@xtuc/ieee754/-/ieee754-1.2.0.tgz 399ms (cache miss)
6019 http fetch GET 200 https://registry.npmjs.org/@types/eslint-scope/-/eslint-scope-3.7.7.tgz 410ms (cache miss)
6020 http fetch GET 200 https://registry.npmjs.org/fs.realpath/-/fs.realpath-1.0.0.tgz 410ms (cache miss)
6021 http fetch GET 200 https://registry.npmjs.org/y18n/-/y18n-5.0.8.tgz 412ms (cache miss)
6022 http fetch GET 200 https://registry.npmjs.org/sprintf-js/-/sprintf-js-1.0.3.tgz 422ms (cache miss)
6023 http fetch GET 200 https://registry.npmjs.org/terser-webpack-plugin/-/terser-webpack-plugin-5.6.1.tgz 424ms (cache miss)
6024 http fetch GET 200 https://registry.npmjs.org/@types/eslint/-/eslint-9.6.1.tgz 426ms (cache miss)
6025 http fetch GET 200 https://registry.npmjs.org/terser/-/terser-5.50.0.tgz 424ms (cache miss)
6026 http fetch GET 200 https://registry.npmjs.org/@webassemblyjs/wasm-opt/-/wasm-opt-1.14.1.tgz 430ms (cache miss)
6027 http fetch GET 200 https://registry.npmjs.org/@webassemblyjs/wasm-gen/-/wasm-gen-1.14.1.tgz 431ms (cache miss)
6028 http fetch GET 200 https://registry.npmjs.org/@webassemblyjs/utf8/-/utf8-1.13.2.tgz 432ms (cache miss)
6029 http fetch GET 200 https://registry.npmjs.org/@webassemblyjs/ieee754/-/ieee754-1.13.2.tgz 437ms (cache miss)
6030 http fetch GET 200 https://registry.npmjs.org/@webassemblyjs/helper-wasm-bytecode/-/helper-wasm-bytecode-1.13.2.tgz 449ms (cache miss)
6031 http fetch GET 200 https://registry.npmjs.org/@webassemblyjs/helper-api-error/-/helper-api-error-1.13.2.tgz 450ms (cache miss)
6032 http fetch GET 200 https://registry.npmjs.org/@webassemblyjs/floating-point-hex-parser/-/floating-point-hex-parser-1.13.2.tgz 450ms (cache miss)
6033 http fetch GET 200 https://registry.npmjs.org/@webassemblyjs/wast-printer/-/wast-printer-1.14.1.tgz 451ms (cache miss)
6034 http fetch GET 200 https://registry.npmjs.org/@webassemblyjs/helper-wasm-section/-/helper-wasm-section-1.14.1.tgz 454ms (cache miss)
6035 http fetch GET 200 https://registry.npmjs.org/@webassemblyjs/helper-buffer/-/helper-buffer-1.14.1.tgz 454ms (cache miss)
6036 http fetch GET 200 https://registry.npmjs.org/@xtuc/long/-/long-4.2.2.tgz 458ms (cache miss)
6037 http fetch GET 200 https://registry.npmjs.org/@webassemblyjs/helper-numbers/-/helper-numbers-1.13.2.tgz 461ms (cache miss)
6038 http fetch GET 200 https://registry.npmjs.org/webpack-sources/-/webpack-sources-3.5.1.tgz 462ms (cache miss)
6039 http fetch GET 200 https://registry.npmjs.org/minimizer-webpack-plugin/-/minimizer-webpack-plugin-5.6.1.tgz 463ms (cache miss)
6040 http fetch GET 200 https://registry.npmjs.org/chrome-trace-event/-/chrome-trace-event-1.0.4.tgz 486ms (cache miss)
6041 http fetch GET 200 https://registry.npmjs.org/watchpack/-/watchpack-2.5.2.tgz 490ms (cache miss)
6042 http fetch GET 200 https://registry.npmjs.org/events/-/events-3.3.0.tgz 491ms (cache miss)
6043 http fetch GET 200 https://registry.npmjs.org/tmpl/-/tmpl-1.0.5.tgz 509ms (cache miss)
6044 http fetch GET 200 https://registry.npmjs.org/clone/-/clone-1.0.4.tgz 511ms (cache miss)
6045 http fetch GET 200 https://registry.npmjs.org/defaults/-/defaults-1.0.4.tgz 511ms (cache miss)
6046 http fetch GET 200 https://registry.npmjs.org/@types/estree/-/estree-1.0.9.tgz 514ms (cache miss)
6047 http fetch GET 200 https://registry.npmjs.org/@webassemblyjs/wasm-edit/-/wasm-edit-1.14.1.tgz 515ms (cache miss)
6048 http fetch GET 200 https://registry.npmjs.org/es-module-lexer/-/es-module-lexer-2.3.2.tgz 518ms (cache miss)
6049 http fetch GET 200 https://registry.npmjs.org/makeerror/-/makeerror-1.0.12.tgz 517ms (cache miss)
6050 http fetch GET 200 https://registry.npmjs.org/@webassemblyjs/wasm-parser/-/wasm-parser-1.14.1.tgz 518ms (cache miss)
6051 http fetch GET 200 https://registry.npmjs.org/eslint-scope/-/eslint-scope-5.1.1.tgz 521ms (cache miss)
6052 http fetch GET 200 https://registry.npmjs.org/escalade/-/escalade-3.2.0.tgz 521ms (cache miss)
6053 http fetch GET 200 https://registry.npmjs.org/v8-compile-cache-lib/-/v8-compile-cache-lib-3.0.1.tgz 520ms (cache miss)
6054 http fetch GET 200 https://registry.npmjs.org/yn/-/yn-3.1.1.tgz 527ms (cache miss)
6055 http fetch GET 200 https://registry.npmjs.org/acorn-walk/-/acorn-walk-8.3.5.tgz 545ms (cache miss)
6056 http fetch GET 200 https://registry.npmjs.org/arg/-/arg-4.1.3.tgz 556ms (cache miss)
6057 http fetch GET 200 https://registry.npmjs.org/create-require/-/create-require-1.1.1.tgz 556ms (cache miss)
6058 http fetch GET 200 https://registry.npmjs.org/@tsconfig/node14/-/node14-1.0.3.tgz 556ms (cache miss)
6059 http fetch GET 200 https://registry.npmjs.org/media-typer/-/media-typer-1.1.1.tgz 557ms (cache miss)
6060 http fetch GET 200 https://registry.npmjs.org/@tsconfig/node16/-/node16-1.0.4.tgz 557ms (cache miss)
6061 http fetch GET 200 https://registry.npmjs.org/@tsconfig/node12/-/node12-1.0.11.tgz 569ms (cache miss)
6062 http fetch GET 200 https://registry.npmjs.org/diff/-/diff-4.0.4.tgz 572ms (cache miss)
6063 http fetch GET 200 https://registry.npmjs.org/acorn/-/acorn-8.18.0.tgz 575ms (cache miss)
6064 http fetch GET 200 https://registry.npmjs.org/@cspotcode/source-map-support/-/source-map-support-0.8.1.tgz 583ms (cache miss)
6065 http fetch GET 200 https://registry.npmjs.org/make-error/-/make-error-1.3.6.tgz 613ms (cache miss)
6066 http fetch GET 200 https://registry.npmjs.org/lodash.memoize/-/lodash.memoize-4.1.2.tgz 617ms (cache miss)
6067 http fetch GET 200 https://registry.npmjs.org/wordwrap/-/wordwrap-1.0.0.tgz 623ms (cache miss)
6068 http fetch GET 200 https://registry.npmjs.org/is-number/-/is-number-7.0.0.tgz 860ms (cache miss)
6069 http fetch GET 200 https://registry.npmjs.org/minizlib/-/minizlib-2.1.2.tgz 865ms (cache miss)
6070 http fetch GET 200 https://registry.npmjs.org/chownr/-/chownr-2.0.0.tgz 866ms (cache miss)
6071 http fetch GET 200 https://registry.npmjs.org/has-flag/-/has-flag-4.0.0.tgz 868ms (cache miss)
6072 http fetch GET 200 https://registry.npmjs.org/fs-minipass/-/fs-minipass-2.1.0.tgz 897ms (cache miss)
6073 http fetch GET 200 https://registry.npmjs.org/dezalgo/-/dezalgo-1.0.4.tgz 916ms (cache miss)
6074 http fetch GET 200 https://registry.npmjs.org/component-emitter/-/component-emitter-1.3.1.tgz 915ms (cache miss)
6075 http fetch GET 200 https://registry.npmjs.org/cookiejar/-/cookiejar-2.1.4.tgz 916ms (cache miss)
6076 http fetch GET 200 https://registry.npmjs.org/emoji-regex/-/emoji-regex-8.0.0.tgz 915ms (cache miss)
6077 http fetch GET 200 https://registry.npmjs.org/methods/-/methods-1.1.2.tgz 916ms (cache miss)
6078 http fetch GET 200 https://registry.npmjs.org/escape-string-regexp/-/escape-string-regexp-2.0.0.tgz 915ms (cache miss)
6079 http fetch GET 200 https://registry.npmjs.org/char-regex/-/char-regex-1.0.2.tgz 915ms (cache miss)
6080 http fetch GET 200 https://registry.npmjs.org/is-fullwidth-code-point/-/is-fullwidth-code-point-3.0.0.tgz 917ms (cache miss)
6081 http fetch GET 200 https://registry.npmjs.org/asap/-/asap-2.0.6.tgz 924ms (cache miss)
6082 http fetch GET 200 https://registry.npmjs.org/client-only/-/client-only-0.0.1.tgz 923ms (cache miss)
6083 http fetch GET 200 https://registry.npmjs.org/@tokenizer/token/-/token-0.3.0.tgz 924ms (cache miss)
6084 http fetch GET 200 https://registry.npmjs.org/@lukeed/csprng/-/csprng-1.1.0.tgz 930ms (cache miss)
6085 http fetch GET 200 https://registry.npmjs.org/@tsconfig/node10/-/node10-1.0.13.tgz 928ms (cache miss)
6086 http fetch GET 200 https://registry.npmjs.org/call-bound/-/call-bound-1.0.4.tgz 924ms (cache miss)
6087 http fetch GET 200 https://registry.npmjs.org/@borewit/text-codec/-/text-codec-0.2.2.tgz 928ms (cache miss)
6088 http fetch GET 200 https://registry.npmjs.org/ansi-regex/-/ansi-regex-5.0.1.tgz 926ms (cache miss)
6089 http fetch GET 200 https://registry.npmjs.org/@paralleldrive/cuid2/-/cuid2-2.3.1.tgz 928ms (cache miss)
6090 http fetch GET 200 https://registry.npmjs.org/bs-logger/-/bs-logger-0.2.6.tgz 941ms (cache miss)
6091 http fetch GET 200 https://registry.npmjs.org/neo-async/-/neo-async-2.6.2.tgz 942ms (cache miss)
6092 http fetch GET 200 https://registry.npmjs.org/shebang-regex/-/shebang-regex-3.0.0.tgz 940ms (cache miss)
6093 http fetch GET 200 https://registry.npmjs.org/side-channel-map/-/side-channel-map-1.0.1.tgz 941ms (cache miss)
6094 http fetch GET 200 https://registry.npmjs.org/path-parse/-/path-parse-1.0.7.tgz 948ms (cache miss)
6095 http fetch GET 200 https://registry.npmjs.org/side-channel-weakmap/-/side-channel-weakmap-1.0.2.tgz 950ms (cache miss)
6096 http fetch GET 200 https://registry.npmjs.org/util-deprecate/-/util-deprecate-1.0.2.tgz 948ms (cache miss)
6097 http fetch GET 200 https://registry.npmjs.org/@webassemblyjs/leb128/-/leb128-1.13.2.tgz 965ms (cache miss)
6098 http fetch GET 200 https://registry.npmjs.org/supports-preserve-symlinks-flag/-/supports-preserve-symlinks-flag-1.0.0.tgz 950ms (cache miss)
6099 http fetch GET 200 https://registry.npmjs.org/process-nextick-args/-/process-nextick-args-2.0.1.tgz 949ms (cache miss)
6100 http fetch GET 200 https://registry.npmjs.org/@types/json-schema/-/json-schema-7.0.15.tgz 952ms (cache miss)
6101 http fetch GET 200 https://registry.npmjs.org/string_decoder/-/string_decoder-1.1.1.tgz 951ms (cache miss)
6102 http fetch GET 200 https://registry.npmjs.org/isarray/-/isarray-1.0.0.tgz 955ms (cache miss)
6103 http fetch GET 200 https://registry.npmjs.org/@img/colour/-/colour-1.1.0.tgz 957ms (cache miss)
6104 http fetch GET 200 https://registry.npmjs.org/side-channel-list/-/side-channel-list-1.0.1.tgz 958ms (cache miss)
6105 http fetch GET 200 https://registry.npmjs.org/is-core-module/-/is-core-module-2.16.2.tgz 957ms (cache miss)
6106 http fetch GET 200 https://registry.npmjs.org/is-promise/-/is-promise-4.0.0.tgz 958ms (cache miss)
6107 http fetch GET 200 https://registry.npmjs.org/mime/-/mime-2.6.0.tgz 965ms (cache miss)
6108 http fetch GET 200 https://registry.npmjs.org/core-util-is/-/core-util-is-1.0.3.tgz 967ms (cache miss)
6109 http fetch GET 200 https://registry.npmjs.org/forwarded/-/forwarded-0.2.0.tgz 968ms (cache miss)
6110 http fetch GET 200 https://registry.npmjs.org/unpipe/-/unpipe-1.0.0.tgz 968ms (cache miss)
6111 http fetch GET 200 https://registry.npmjs.org/destr/-/destr-2.0.5.tgz 971ms (cache miss)
6112 http fetch GET 200 https://registry.npmjs.org/scheduler/-/scheduler-0.27.0.tgz 973ms (cache miss)
6113 http fetch GET 200 https://registry.npmjs.org/sisteransi/-/sisteransi-1.0.5.tgz 972ms (cache miss)
6114 http fetch GET 200 https://registry.npmjs.org/kleur/-/kleur-3.0.3.tgz 973ms (cache miss)
6115 http fetch GET 200 https://registry.npmjs.org/side-channel/-/side-channel-1.1.1.tgz 978ms (cache miss)
6116 http fetch GET 200 https://registry.npmjs.org/object-inspect/-/object-inspect-1.13.4.tgz 1006ms (cache miss)
6117 http fetch GET 200 https://registry.npmjs.org/nypm/-/nypm-0.6.9.tgz 1003ms (cache miss)
6118 http fetch GET 200 https://registry.npmjs.org/tinyexec/-/tinyexec-1.3.0.tgz 1003ms (cache miss)
6119 http fetch GET 200 https://registry.npmjs.org/ipaddr.js/-/ipaddr.js-1.9.1.tgz 1008ms (cache miss)
6120 http fetch GET 200 https://registry.npmjs.org/uglify-js/-/uglify-js-3.19.3.tgz 1019ms (cache miss)
6121 http fetch GET 200 https://registry.npmjs.org/citty/-/citty-0.1.6.tgz 1009ms (cache miss)
6122 http fetch GET 200 https://registry.npmjs.org/rc9/-/rc9-2.1.2.tgz 1011ms (cache miss)
6123 http fetch GET 200 https://registry.npmjs.org/pkg-types/-/pkg-types-2.3.1.tgz 1016ms (cache miss)
6124 http fetch GET 200 https://registry.npmjs.org/perfect-debounce/-/perfect-debounce-1.0.0.tgz 1023ms (cache miss)
6125 http fetch GET 200 https://registry.npmjs.org/pathe/-/pathe-2.0.3.tgz 1024ms (cache miss)
6126 http fetch GET 200 https://registry.npmjs.org/formidable/-/formidable-3.5.4.tgz 1035ms (cache miss)
6127 http fetch GET 200 https://registry.npmjs.org/superagent/-/superagent-10.3.0.tgz 1037ms (cache miss)
6128 http fetch GET 200 https://registry.npmjs.org/@webassemblyjs/ast/-/ast-1.14.1.tgz 1044ms (cache miss)
6129 http fetch GET 200 https://registry.npmjs.org/@standard-schema/spec/-/spec-1.1.0.tgz 1032ms (cache miss)
6130 http fetch GET 200 https://registry.npmjs.org/ohash/-/ohash-2.0.12.tgz 1046ms (cache miss)
6131 http fetch GET 200 https://registry.npmjs.org/defu/-/defu-6.1.7.tgz 1057ms (cache miss)
6132 http fetch GET 200 https://registry.npmjs.org/exsolve/-/exsolve-1.1.1.tgz 1060ms (cache miss)
6133 http fetch GET 200 https://registry.npmjs.org/giget/-/giget-2.0.0.tgz 1064ms (cache miss)
6134 http fetch GET 200 https://registry.npmjs.org/@prisma/debug/-/debug-6.19.3.tgz 1069ms (cache miss)
6135 http fetch GET 200 https://registry.npmjs.org/empathic/-/empathic-2.0.0.tgz 1072ms (cache miss)
6136 http fetch GET 200 https://registry.npmjs.org/c12/-/c12-3.1.0.tgz 1075ms (cache miss)
6137 http fetch GET 200 https://registry.npmjs.org/node-fetch-native/-/node-fetch-native-1.6.7.tgz 1084ms (cache miss)
6138 http fetch GET 200 https://registry.npmjs.org/consola/-/consola-3.4.2.tgz 1084ms (cache miss)
6139 http fetch GET 200 https://registry.npmjs.org/utils-merge/-/utils-merge-1.0.1.tgz 1105ms (cache miss)
6140 http fetch GET 200 https://registry.npmjs.org/react-is/-/react-is-18.3.1.tgz 1106ms (cache miss)
6141 http fetch GET 200 https://registry.npmjs.org/confbox/-/confbox-0.2.4.tgz 1113ms (cache miss)
6142 http fetch GET 200 https://registry.npmjs.org/pause/-/pause-0.0.1.tgz 1125ms (cache miss)
6143 http fetch GET 200 https://registry.npmjs.org/passport-strategy/-/passport-strategy-1.0.0.tgz 1127ms (cache miss)
6144 http fetch GET 200 https://registry.npmjs.org/nanoid/-/nanoid-3.3.18.tgz 1131ms (cache miss)
6145 http fetch GET 200 https://registry.npmjs.org/@prisma/engines/-/engines-6.19.3.tgz 1135ms (cache miss)
6146 http fetch GET 200 https://registry.npmjs.org/deepmerge-ts/-/deepmerge-ts-7.1.5.tgz 1134ms (cache miss)
6147 http fetch GET 200 https://registry.npmjs.org/lines-and-columns/-/lines-and-columns-1.2.4.tgz 1155ms (cache miss)
6148 http fetch GET 200 https://registry.npmjs.org/@prisma/config/-/config-6.19.3.tgz 1160ms (cache miss)
6149 http fetch GET 200 https://registry.npmjs.org/yocto-queue/-/yocto-queue-0.1.0.tgz 1160ms (cache miss)
6150 http fetch GET 200 https://registry.npmjs.org/error-ex/-/error-ex-1.3.4.tgz 1161ms (cache miss)
6151 http fetch GET 200 https://registry.npmjs.org/json-parse-even-better-errors/-/json-parse-even-better-errors-2.3.1.tgz 1180ms (cache miss)
6152 http fetch GET 200 https://registry.npmjs.org/ieee754/-/ieee754-1.2.1.tgz 1200ms (cache miss)
6153 http fetch GET 200 https://registry.npmjs.org/wcwidth/-/wcwidth-1.0.1.tgz 1201ms (cache miss)
6154 http fetch GET 200 https://registry.npmjs.org/restore-cursor/-/restore-cursor-3.1.0.tgz 1202ms (cache miss)
6155 http fetch GET 200 https://registry.npmjs.org/buffer/-/buffer-5.7.1.tgz 1203ms (cache miss)
6156 http fetch GET 200 https://registry.npmjs.org/@img/sharp-darwin-arm64/-/sharp-darwin-arm64-0.34.5.tgz 1213ms (cache miss)
6157 http fetch GET 200 https://registry.npmjs.org/is-arrayish/-/is-arrayish-0.2.1.tgz 1221ms (cache miss)
6158 http fetch GET 200 https://registry.npmjs.org/log-symbols/-/log-symbols-4.1.0.tgz 1222ms (cache miss)
6159 http fetch GET 200 https://registry.npmjs.org/base64-js/-/base64-js-1.5.1.tgz 1223ms (cache miss)
6160 http fetch GET 200 https://registry.npmjs.org/is-unicode-supported/-/is-unicode-supported-0.1.0.tgz 1224ms (cache miss)
6161 http fetch GET 200 https://registry.npmjs.org/cli-spinners/-/cli-spinners-2.9.2.tgz 1252ms (cache miss)
6162 http fetch GET 200 https://registry.npmjs.org/is-interactive/-/is-interactive-1.0.0.tgz 1266ms (cache miss)
6163 http fetch GET 200 https://registry.npmjs.org/@noble/hashes/-/hashes-1.8.0.tgz 1289ms (cache miss)
6164 http fetch GET 200 https://registry.npmjs.org/mimic-fn/-/mimic-fn-2.1.0.tgz 1276ms (cache miss)
6165 http fetch GET 200 https://registry.npmjs.org/wrappy/-/wrappy-1.0.2.tgz 1276ms (cache miss)
6166 http fetch GET 200 https://registry.npmjs.org/bl/-/bl-4.1.0.tgz 1278ms (cache miss)
6167 http fetch GET 200 https://registry.npmjs.org/has-unicode/-/has-unicode-2.0.1.tgz 1300ms (cache miss)
6168 http fetch GET 200 https://registry.npmjs.org/wide-align/-/wide-align-1.1.5.tgz 1301ms (cache miss)
6169 http fetch GET 200 https://registry.npmjs.org/aproba/-/aproba-2.1.0.tgz 1318ms (cache miss)
6170 http fetch GET 200 https://registry.npmjs.org/color-support/-/color-support-1.1.3.tgz 1319ms (cache miss)
6171 http fetch GET 200 https://registry.npmjs.org/delegates/-/delegates-1.0.0.tgz 1319ms (cache miss)
6172 http fetch GET 200 https://registry.npmjs.org/@prisma/engines-version/-/engines-version-7.1.1-3.c2990dca591cba766e3b7ef5d9e8a84796e47ab7.tgz 1361ms (cache miss)
6173 http fetch GET 200 https://registry.npmjs.org/handlebars/-/handlebars-4.7.9.tgz 1426ms (cache miss)
6174 http fetch GET 200 https://registry.npmjs.org/console-control-strings/-/console-control-strings-1.1.0.tgz 1422ms (cache miss)
6175 http fetch GET 200 https://registry.npmjs.org/are-we-there-yet/-/are-we-there-yet-2.0.0.tgz 1424ms (cache miss)
6176 http fetch GET 200 https://registry.npmjs.org/set-blocking/-/set-blocking-2.0.0.tgz 1424ms (cache miss)
6177 http fetch GET 200 https://registry.npmjs.org/abbrev/-/abbrev-1.1.1.tgz 1425ms (cache miss)
6178 warn deprecated are-we-there-yet@2.0.0: This package is no longer supported.
6179 http fetch GET 200 https://registry.npmjs.org/gauge/-/gauge-3.0.2.tgz 1431ms (cache miss)
6180 http fetch GET 200 https://registry.npmjs.org/ee-first/-/ee-first-1.1.1.tgz 1430ms (cache miss)
6181 warn deprecated gauge@3.0.2: This package is no longer supported.
6182 http fetch GET 200 https://registry.npmjs.org/whatwg-url/-/whatwg-url-5.0.0.tgz 1432ms (cache miss)
6183 http fetch GET 200 https://registry.npmjs.org/cli-cursor/-/cli-cursor-3.1.0.tgz 1435ms (cache miss)
6184 http fetch GET 200 https://registry.npmjs.org/styled-jsx/-/styled-jsx-5.1.6.tgz 1464ms (cache miss)
6185 http fetch GET 200 https://registry.npmjs.org/@next/env/-/env-15.5.23.tgz 1465ms (cache miss)
6186 http fetch GET 200 https://registry.npmjs.org/@prisma/get-platform/-/get-platform-6.19.3.tgz 1507ms (cache miss)
6187 http fetch GET 200 https://registry.npmjs.org/@prisma/fetch-engine/-/fetch-engine-6.19.3.tgz 1508ms (cache miss)
6188 http fetch GET 200 https://registry.npmjs.org/typedarray/-/typedarray-0.0.6.tgz 1502ms (cache miss)
6189 http fetch GET 200 https://registry.npmjs.org/xtend/-/xtend-4.0.2.tgz 1502ms (cache miss)
6190 http fetch GET 200 https://registry.npmjs.org/buffer-from/-/buffer-from-1.1.2.tgz 1502ms (cache miss)
6191 http fetch GET 200 https://registry.npmjs.org/streamsearch/-/streamsearch-1.1.0.tgz 1504ms (cache miss)
6192 http fetch GET 200 https://registry.npmjs.org/mkdirp/-/mkdirp-0.5.6.tgz 1503ms (cache miss)
6193 http fetch GET 200 https://registry.npmjs.org/concat-stream/-/concat-stream-1.6.2.tgz 1517ms (cache miss)
6194 http fetch GET 200 https://registry.npmjs.org/minimist/-/minimist-1.2.8.tgz 1519ms (cache miss)
6195 http fetch GET 200 https://registry.npmjs.org/readable-stream/-/readable-stream-2.3.8.tgz 1522ms (cache miss)
6196 http fetch GET 200 https://registry.npmjs.org/busboy/-/busboy-1.6.0.tgz 1526ms (cache miss)
6197 http fetch GET 200 https://registry.npmjs.org/balanced-match/-/balanced-match-1.0.2.tgz 1538ms (cache miss)
6198 http fetch GET 200 https://registry.npmjs.org/to-regex-range/-/to-regex-range-5.0.1.tgz 1537ms (cache miss)
6199 http fetch GET 200 https://registry.npmjs.org/fill-range/-/fill-range-7.1.1.tgz 1537ms (cache miss)
6200 http fetch GET 200 https://registry.npmjs.org/fs-monkey/-/fs-monkey-1.1.0.tgz 1537ms (cache miss)
6201 http fetch GET 200 https://registry.npmjs.org/concat-map/-/concat-map-0.0.1.tgz 1539ms (cache miss)
6202 http fetch GET 200 https://registry.npmjs.org/append-field/-/append-field-1.0.0.tgz 1554ms (cache miss)
6203 http fetch GET 200 https://registry.npmjs.org/brace-expansion/-/brace-expansion-1.1.18.tgz 1561ms (cache miss)
6204 http fetch GET 200 https://registry.npmjs.org/mime-db/-/mime-db-1.54.0.tgz 1568ms (cache miss)
6205 http fetch GET 200 https://registry.npmjs.org/sharp/-/sharp-0.34.5.tgz 1573ms (cache miss)
6206 http fetch GET 200 https://registry.npmjs.org/p-locate/-/p-locate-4.1.0.tgz 1582ms (cache miss)
6207 http fetch GET 200 https://registry.npmjs.org/braces/-/braces-3.0.3.tgz 1589ms (cache miss)
6208 http fetch GET 200 https://registry.npmjs.org/jwa/-/jwa-2.0.1.tgz 1591ms (cache miss)
6209 http fetch GET 200 https://registry.npmjs.org/safe-buffer/-/safe-buffer-5.2.1.tgz 1591ms (cache miss)
6210 http fetch GET 200 https://registry.npmjs.org/ecdsa-sig-formatter/-/ecdsa-sig-formatter-1.0.11.tgz 1592ms (cache miss)
6211 http fetch GET 200 https://registry.npmjs.org/buffer-equal-constant-time/-/buffer-equal-constant-time-1.0.1.tgz 1592ms (cache miss)
6212 http fetch GET 200 https://registry.npmjs.org/lodash.isstring/-/lodash.isstring-4.0.1.tgz 1606ms (cache miss)
6213 http fetch GET 200 https://registry.npmjs.org/lodash.isplainobject/-/lodash.isplainobject-4.0.6.tgz 1607ms (cache miss)
6214 http fetch GET 200 https://registry.npmjs.org/yallist/-/yallist-3.1.1.tgz 1631ms (cache miss)
6215 http fetch GET 200 https://registry.npmjs.org/lodash.once/-/lodash.once-4.1.1.tgz 1634ms (cache miss)
6216 http fetch GET 200 https://registry.npmjs.org/lodash.isnumber/-/lodash.isnumber-3.0.3.tgz 1637ms (cache miss)
6217 http fetch GET 200 https://registry.npmjs.org/lodash.isboolean/-/lodash.isboolean-3.0.3.tgz 1648ms (cache miss)
6218 http fetch GET 200 https://registry.npmjs.org/lodash.includes/-/lodash.includes-4.3.0.tgz 1651ms (cache miss)
6219 http fetch GET 200 https://registry.npmjs.org/jws/-/jws-4.0.1.tgz 1652ms (cache miss)
6220 http fetch GET 200 https://registry.npmjs.org/lodash.isinteger/-/lodash.isinteger-4.0.4.tgz 1653ms (cache miss)
6221 http fetch GET 200 https://registry.npmjs.org/argparse/-/argparse-2.0.1.tgz 1656ms (cache miss)
6222 http fetch GET 200 https://registry.npmjs.org/motion-utils/-/motion-utils-12.39.0.tgz 1685ms (cache miss)
6223 http fetch GET 200 https://registry.npmjs.org/@babel/plugin-syntax-typescript/-/plugin-syntax-typescript-7.29.7.tgz 1691ms (cache miss)
6224 http fetch GET 200 https://registry.npmjs.org/callsites/-/callsites-3.1.0.tgz 1707ms (cache miss)
6225 http fetch GET 200 https://registry.npmjs.org/natural-compare/-/natural-compare-1.4.0.tgz 1709ms (cache miss)
6226 http fetch GET 200 https://registry.npmjs.org/@babel/plugin-syntax-jsx/-/plugin-syntax-jsx-7.29.7.tgz 1714ms (cache miss)
6227 http fetch GET 200 https://registry.npmjs.org/leven/-/leven-3.1.0.tgz 1716ms (cache miss)
6228 http fetch GET 200 https://registry.npmjs.org/strip-bom/-/strip-bom-4.0.0.tgz 1720ms (cache miss)
6229 http fetch GET 200 https://registry.npmjs.org/jest-leak-detector/-/jest-leak-detector-29.7.0.tgz 1720ms (cache miss)
6230 http fetch GET 200 https://registry.npmjs.org/jest-docblock/-/jest-docblock-29.7.0.tgz 1720ms (cache miss)
6231 http fetch GET 200 https://registry.npmjs.org/@jest/source-map/-/source-map-29.6.3.tgz 1723ms (cache miss)
6232 http fetch GET 200 https://registry.npmjs.org/@img/sharp-libvips-darwin-arm64/-/sharp-libvips-darwin-arm64-1.2.4.tgz 1749ms (cache miss)
6233 http fetch GET 200 https://registry.npmjs.org/cjs-module-lexer/-/cjs-module-lexer-1.4.3.tgz 1787ms (cache miss)
6234 http fetch GET 200 https://registry.npmjs.org/resolve.exports/-/resolve.exports-2.0.3.tgz 1791ms (cache miss)
6235 http fetch GET 200 https://registry.npmjs.org/detect-newline/-/detect-newline-3.1.0.tgz 1817ms (cache miss)
6236 http fetch GET 200 https://registry.npmjs.org/emittery/-/emittery-0.13.1.tgz 1818ms (cache miss)
6237 http fetch GET 200 https://registry.npmjs.org/@types/stack-utils/-/stack-utils-2.0.3.tgz 1817ms (cache miss)
6238 http fetch GET 200 https://registry.npmjs.org/diff-sequences/-/diff-sequences-29.6.3.tgz 1818ms (cache miss)
6239 http fetch GET 200 https://registry.npmjs.org/node-int64/-/node-int64-0.4.0.tgz 1819ms (cache miss)
6240 http fetch GET 200 https://registry.npmjs.org/jest-pnp-resolver/-/jest-pnp-resolver-1.2.3.tgz 1820ms (cache miss)
6241 http fetch GET 200 https://registry.npmjs.org/jest-diff/-/jest-diff-29.7.0.tgz 1834ms (cache miss)
6242 http fetch GET 200 https://registry.npmjs.org/bser/-/bser-2.1.1.tgz 1874ms (cache miss)
6243 http fetch GET 200 https://registry.npmjs.org/normalize-path/-/normalize-path-3.0.0.tgz 1873ms (cache miss)
6244 http fetch GET 200 https://registry.npmjs.org/type-detect/-/type-detect-4.0.8.tgz 1915ms (cache miss)
6245 http fetch GET 200 https://registry.npmjs.org/walker/-/walker-1.0.8.tgz 1918ms (cache miss)
6246 http fetch GET 200 https://registry.npmjs.org/@types/graceful-fs/-/graceful-fs-4.1.9.tgz 1918ms (cache miss)
6247 http fetch GET 200 https://registry.npmjs.org/jest-mock/-/jest-mock-29.7.0.tgz 1918ms (cache miss)
6248 http fetch GET 200 https://registry.npmjs.org/fsevents/-/fsevents-2.3.3.tgz 1923ms (cache miss)
6249 http fetch GET 200 https://registry.npmjs.org/fb-watchman/-/fb-watchman-2.0.2.tgz 1924ms (cache miss)
6250 http fetch GET 200 https://registry.npmjs.org/@sinonjs/fake-timers/-/fake-timers-10.3.0.tgz 1950ms (cache miss)
6251 http fetch GET 200 https://registry.npmjs.org/@sinonjs/commons/-/commons-3.0.1.tgz 1983ms (cache miss)
6252 http fetch GET 200 https://registry.npmjs.org/resolve/-/resolve-1.22.12.tgz 2000ms (cache miss)
6253 http fetch GET 200 https://registry.npmjs.org/stack-utils/-/stack-utils-2.0.6.tgz 2007ms (cache miss)
6254 http fetch GET 200 https://registry.npmjs.org/@jest/fake-timers/-/fake-timers-29.7.0.tgz 2045ms (cache miss)
6255 http fetch GET 200 https://registry.npmjs.org/is-generator-fn/-/is-generator-fn-2.1.0.tgz 2047ms (cache miss)
6256 http fetch GET 200 https://registry.npmjs.org/jest-each/-/jest-each-29.7.0.tgz 2081ms (cache miss)
6257 http fetch GET 200 https://registry.npmjs.org/@jest/expect/-/expect-29.7.0.tgz 2083ms (cache miss)
6258 http fetch GET 200 https://registry.npmjs.org/anymatch/-/anymatch-3.1.3.tgz 2082ms (cache miss)
6259 http fetch GET 200 https://registry.npmjs.org/dedent/-/dedent-1.7.2.tgz 2085ms (cache miss)
6260 http fetch GET 200 https://registry.npmjs.org/co/-/co-4.6.0.tgz 2090ms (cache miss)
6261 http fetch GET 200 https://registry.npmjs.org/@babel/plugin-syntax-private-property-in-object/-/plugin-syntax-private-property-in-object-7.14.5.tgz 2096ms (cache miss)
6262 http fetch GET 200 https://registry.npmjs.org/@babel/plugin-syntax-optional-chaining/-/plugin-syntax-optional-chaining-7.8.3.tgz 2161ms (cache miss)
6263 http fetch GET 200 https://registry.npmjs.org/@babel/plugin-syntax-nullish-coalescing-operator/-/plugin-syntax-nullish-coalescing-operator-7.8.3.tgz 2204ms (cache miss)
6264 http fetch GET 200 https://registry.npmjs.org/@babel/plugin-syntax-top-level-await/-/plugin-syntax-top-level-await-7.14.5.tgz 2205ms (cache miss)
6265 http fetch GET 200 https://registry.npmjs.org/@babel/plugin-syntax-numeric-separator/-/plugin-syntax-numeric-separator-7.10.4.tgz 2206ms (cache miss)
6266 http fetch GET 200 https://registry.npmjs.org/@babel/plugin-syntax-optional-catch-binding/-/plugin-syntax-optional-catch-binding-7.8.3.tgz 2228ms (cache miss)
6267 http fetch GET 200 https://registry.npmjs.org/@babel/plugin-syntax-object-rest-spread/-/plugin-syntax-object-rest-spread-7.8.3.tgz 2230ms (cache miss)
6268 http fetch GET 200 https://registry.npmjs.org/@babel/plugin-syntax-import-meta/-/plugin-syntax-import-meta-7.10.4.tgz 2229ms (cache miss)
6269 http fetch GET 200 https://registry.npmjs.org/@swc/helpers/-/helpers-0.5.15.tgz 2245ms (cache miss)
6270 http fetch GET 200 https://registry.npmjs.org/@babel/plugin-syntax-json-strings/-/plugin-syntax-json-strings-7.8.3.tgz 2234ms (cache miss)
6271 http fetch GET 200 https://registry.npmjs.org/pure-rand/-/pure-rand-6.1.0.tgz 2237ms (cache miss)
6272 http fetch GET 200 https://registry.npmjs.org/@babel/plugin-syntax-logical-assignment-operators/-/plugin-syntax-logical-assignment-operators-7.10.4.tgz 2237ms (cache miss)
6273 http fetch GET 200 https://registry.npmjs.org/@babel/plugin-syntax-import-attributes/-/plugin-syntax-import-attributes-7.29.7.tgz 2244ms (cache miss)
6274 http fetch GET 200 https://registry.npmjs.org/@babel/plugin-syntax-class-static-block/-/plugin-syntax-class-static-block-7.14.5.tgz 2252ms (cache miss)
6275 http fetch GET 200 https://registry.npmjs.org/@jest/globals/-/globals-29.7.0.tgz 2267ms (cache miss)
6276 http fetch GET 200 https://registry.npmjs.org/babel-preset-current-node-syntax/-/babel-preset-current-node-syntax-1.2.0.tgz 2278ms (cache miss)
6277 http fetch GET 200 https://registry.npmjs.org/@jest/environment/-/environment-29.7.0.tgz 2287ms (cache miss)
6278 http fetch GET 200 https://registry.npmjs.org/babel-plugin-jest-hoist/-/babel-plugin-jest-hoist-29.6.3.tgz 2303ms (cache miss)
6279 http fetch GET 200 https://registry.npmjs.org/@babel/plugin-syntax-class-properties/-/plugin-syntax-class-properties-7.12.13.tgz 2304ms (cache miss)
6280 http fetch GET 200 https://registry.npmjs.org/@babel/plugin-syntax-bigint/-/plugin-syntax-bigint-7.8.3.tgz 2313ms (cache miss)
6281 http fetch GET 200 https://registry.npmjs.org/@types/babel__template/-/babel__template-7.4.4.tgz 2334ms (cache miss)
6282 http fetch GET 200 https://registry.npmjs.org/@types/babel__traverse/-/babel__traverse-7.28.0.tgz 2334ms (cache miss)
6283 http fetch GET 200 https://registry.npmjs.org/@types/babel__generator/-/babel__generator-7.27.0.tgz 2334ms (cache miss)
6284 http fetch GET 200 https://registry.npmjs.org/@babel/plugin-syntax-async-generators/-/plugin-syntax-async-generators-7.8.4.tgz 2335ms (cache miss)
6285 http fetch GET 200 https://registry.npmjs.org/babel-preset-jest/-/babel-preset-jest-29.6.3.tgz 2336ms (cache miss)
6286 http fetch GET 200 https://registry.npmjs.org/@types/babel__core/-/babel__core-7.20.5.tgz 2337ms (cache miss)
6287 http fetch GET 200 https://registry.npmjs.org/jest-environment-node/-/jest-environment-node-29.7.0.tgz 2350ms (cache miss)
6288 http fetch GET 200 https://registry.npmjs.org/strip-json-comments/-/strip-json-comments-3.1.1.tgz 2352ms (cache miss)
6289 http fetch GET 200 https://registry.npmjs.org/babel-jest/-/babel-jest-29.7.0.tgz 2352ms (cache miss)
6290 http fetch GET 200 https://registry.npmjs.org/@jest/test-sequencer/-/test-sequencer-29.7.0.tgz 2375ms (cache miss)
6291 http fetch GET 200 https://registry.npmjs.org/jest-circus/-/jest-circus-29.7.0.tgz 2379ms (cache miss)
6292 http fetch GET 200 https://registry.npmjs.org/path-key/-/path-key-3.1.1.tgz 2398ms (cache miss)
6293 http fetch GET 200 https://registry.npmjs.org/create-jest/-/create-jest-29.7.0.tgz 2400ms (cache miss)
6294 http fetch GET 200 https://registry.npmjs.org/which/-/which-2.0.2.tgz 2399ms (cache miss)
6295 http fetch GET 200 https://registry.npmjs.org/shebang-command/-/shebang-command-2.0.0.tgz 2400ms (cache miss)
6296 http fetch GET 200 https://registry.npmjs.org/strip-final-newline/-/strip-final-newline-2.0.0.tgz 2402ms (cache miss)
6297 http fetch GET 200 https://registry.npmjs.org/onetime/-/onetime-5.1.2.tgz 2418ms (cache miss)
6298 http fetch GET 200 https://registry.npmjs.org/npm-run-path/-/npm-run-path-4.0.1.tgz 2419ms (cache miss)
6299 http fetch GET 200 https://registry.npmjs.org/is-stream/-/is-stream-2.0.1.tgz 2419ms (cache miss)
6300 http fetch GET 200 https://registry.npmjs.org/merge-stream/-/merge-stream-2.0.0.tgz 2425ms (cache miss)
6301 http fetch GET 200 https://registry.npmjs.org/human-signals/-/human-signals-2.1.0.tgz 2451ms (cache miss)
6302 http fetch GET 200 https://registry.npmjs.org/cross-spawn/-/cross-spawn-7.0.6.tgz 2453ms (cache miss)
6303 http fetch GET 200 https://registry.npmjs.org/execa/-/execa-5.1.1.tgz 2476ms (cache miss)
6304 http fetch GET 200 https://registry.npmjs.org/pkg-dir/-/pkg-dir-4.2.0.tgz 2477ms (cache miss)
6305 http fetch GET 200 https://registry.npmjs.org/get-stream/-/get-stream-6.0.1.tgz 2477ms (cache miss)
6306 http fetch GET 200 https://registry.npmjs.org/resolve-cwd/-/resolve-cwd-3.0.0.tgz 2478ms (cache miss)
6307 http fetch GET 200 https://registry.npmjs.org/path-exists/-/path-exists-4.0.0.tgz 2485ms (cache miss)
6308 http fetch GET 200 https://registry.npmjs.org/p-limit/-/p-limit-3.1.0.tgz 2488ms (cache miss)
6309 http fetch GET 200 https://registry.npmjs.org/update-browserslist-db/-/update-browserslist-db-1.3.1.tgz 2498ms (cache miss)
6310 http fetch GET 200 https://registry.npmjs.org/node-releases/-/node-releases-2.0.53.tgz 2498ms (cache miss)
6311 http fetch GET 200 https://registry.npmjs.org/html-escaper/-/html-escaper-2.0.2.tgz 2499ms (cache miss)
6312 http fetch GET 200 https://registry.npmjs.org/locate-path/-/locate-path-5.0.0.tgz 2499ms (cache miss)
6313 http fetch GET 200 https://registry.npmjs.org/electron-to-chromium/-/electron-to-chromium-1.5.412.tgz 2514ms (cache miss)
6314 http fetch GET 200 https://registry.npmjs.org/get-package-type/-/get-package-type-0.1.0.tgz 2518ms (cache miss)
6315 http fetch GET 200 https://registry.npmjs.org/test-exclude/-/test-exclude-6.0.0.tgz 2531ms (cache miss)
6316 http fetch GET 200 https://registry.npmjs.org/baseline-browser-mapping/-/baseline-browser-mapping-2.11.17.tgz 2533ms (cache miss)
6317 http fetch GET 200 https://registry.npmjs.org/camelcase/-/camelcase-5.3.1.tgz 2533ms (cache miss)
6318 http fetch GET 200 https://registry.npmjs.org/find-up/-/find-up-4.1.0.tgz 2535ms (cache miss)
6319 http fetch GET 200 https://registry.npmjs.org/@babel/helper-plugin-utils/-/helper-plugin-utils-7.29.7.tgz 2535ms (cache miss)
6320 http fetch GET 200 https://registry.npmjs.org/@istanbuljs/schema/-/schema-0.1.6.tgz 2536ms (cache miss)
6321 http fetch GET 200 https://registry.npmjs.org/prompts/-/prompts-2.4.2.tgz 2571ms (cache miss)
6322 http fetch GET 200 https://registry.npmjs.org/@types/yargs-parser/-/yargs-parser-21.0.3.tgz 2567ms (cache miss)
6323 http fetch GET 200 https://registry.npmjs.org/yargs/-/yargs-17.7.3.tgz 2581ms (cache miss)
6324 http fetch GET 200 https://registry.npmjs.org/@istanbuljs/load-nyc-config/-/load-nyc-config-1.1.0.tgz 2581ms (cache miss)
6325 http fetch GET 200 https://registry.npmjs.org/@types/istanbul-reports/-/istanbul-reports-3.0.4.tgz 2582ms (cache miss)
6326 http fetch GET 200 https://registry.npmjs.org/@types/yargs/-/yargs-17.0.35.tgz 2603ms (cache miss)
6327 http fetch GET 200 https://registry.npmjs.org/@types/istanbul-lib-report/-/istanbul-lib-report-3.0.3.tgz 2604ms (cache miss)
6328 http fetch GET 200 https://registry.npmjs.org/@babel/helper-string-parser/-/helper-string-parser-7.29.7.tgz 2611ms (cache miss)
6329 http fetch GET 200 https://registry.npmjs.org/@jest/schemas/-/schemas-29.6.3.tgz 2617ms (cache miss)
6330 http fetch GET 200 https://registry.npmjs.org/@babel/helper-module-imports/-/helper-module-imports-7.29.7.tgz 2617ms (cache miss)
6331 http fetch GET 200 https://registry.npmjs.org/browserslist/-/browserslist-4.28.8.tgz 2617ms (cache miss)
6332 http fetch GET 200 https://registry.npmjs.org/type-fest/-/type-fest-0.21.3.tgz 2623ms (cache miss)
6333 http fetch GET 200 https://registry.npmjs.org/lightningcss-darwin-arm64/-/lightningcss-darwin-arm64-1.32.0.tgz 2683ms (cache miss)
6334 http fetch GET 200 https://registry.npmjs.org/@babel/helper-validator-option/-/helper-validator-option-7.29.7.tgz 2672ms (cache miss)
6335 http fetch GET 200 https://registry.npmjs.org/@babel/compat-data/-/compat-data-7.29.7.tgz 2703ms (cache miss)
6336 http fetch GET 200 https://registry.npmjs.org/jsesc/-/jsesc-3.1.0.tgz 2715ms (cache miss)
6337 http fetch GET 200 https://registry.npmjs.org/gensync/-/gensync-1.0.0-beta.2.tgz 2738ms (cache miss)
6338 http fetch GET 200 https://registry.npmjs.org/lru-cache/-/lru-cache-5.1.1.tgz 2739ms (cache miss)
6339 http fetch GET 200 https://registry.npmjs.org/json5/-/json5-2.2.3.tgz 2768ms (cache miss)
6340 http fetch GET 200 https://registry.npmjs.org/@babel/template/-/template-7.29.7.tgz 2770ms (cache miss)
6341 http fetch GET 200 https://registry.npmjs.org/write-file-atomic/-/write-file-atomic-4.0.2.tgz 2819ms (cache miss)
6342 http fetch GET 200 https://registry.npmjs.org/pirates/-/pirates-4.0.7.tgz 2819ms (cache miss)
6343 http fetch GET 200 https://registry.npmjs.org/fast-json-stable-stringify/-/fast-json-stable-stringify-2.1.0.tgz 2832ms (cache miss)
6344 http fetch GET 200 https://registry.npmjs.org/@babel/parser/-/parser-7.29.8.tgz 2838ms (cache miss)
6345 http fetch GET 200 https://registry.npmjs.org/babel-plugin-istanbul/-/babel-plugin-istanbul-6.1.1.tgz 2842ms (cache miss)
6346 http fetch GET 200 https://registry.npmjs.org/@babel/helper-compilation-targets/-/helper-compilation-targets-7.29.7.tgz 2847ms (cache miss)
6347 http fetch GET 200 https://registry.npmjs.org/string-length/-/string-length-4.0.2.tgz 2874ms (cache miss)
6348 http fetch GET 200 https://registry.npmjs.org/@babel/helper-module-transforms/-/helper-module-transforms-7.29.7.tgz 2881ms (cache miss)
6349 http fetch GET 200 https://registry.npmjs.org/@babel/helper-globals/-/helper-globals-7.29.7.tgz 2884ms (cache miss)
6350 http fetch GET 200 https://registry.npmjs.org/convert-source-map/-/convert-source-map-2.0.0.tgz 2884ms (cache miss)
6351 http fetch GET 200 https://registry.npmjs.org/v8-to-istanbul/-/v8-to-istanbul-9.3.0.tgz 2895ms (cache miss)
6352 http fetch GET 200 https://registry.npmjs.org/istanbul-lib-coverage/-/istanbul-lib-coverage-3.2.2.tgz 2912ms (cache miss)
6353 http fetch GET 200 https://registry.npmjs.org/istanbul-lib-report/-/istanbul-lib-report-3.0.1.tgz 2926ms (cache miss)
6354 http fetch GET 200 https://registry.npmjs.org/collect-v8-coverage/-/collect-v8-coverage-1.0.3.tgz 2928ms (cache miss)
6355 http fetch GET 200 https://registry.npmjs.org/slash/-/slash-3.0.0.tgz 2973ms (cache miss)
6356 http fetch GET 200 https://registry.npmjs.org/strip-ansi/-/strip-ansi-6.0.1.tgz 2974ms (cache miss)
6357 http fetch GET 200 https://registry.npmjs.org/micromatch/-/micromatch-4.0.8.tgz 2973ms (cache miss)
6358 http fetch GET 200 https://registry.npmjs.org/jest-watcher/-/jest-watcher-29.7.0.tgz 2974ms (cache miss)
6359 http fetch GET 200 https://registry.npmjs.org/jest-worker/-/jest-worker-29.7.0.tgz 2990ms (cache miss)
6360 http fetch GET 200 https://registry.npmjs.org/istanbul-lib-instrument/-/istanbul-lib-instrument-6.0.3.tgz 2992ms (cache miss)
6361 http fetch GET 200 https://registry.npmjs.org/jest-validate/-/jest-validate-29.7.0.tgz 2992ms (cache miss)
6362 http fetch GET 200 https://registry.npmjs.org/istanbul-lib-source-maps/-/istanbul-lib-source-maps-4.0.1.tgz 2999ms (cache miss)
6363 http fetch GET 200 https://registry.npmjs.org/jest-resolve-dependencies/-/jest-resolve-dependencies-29.7.0.tgz 3002ms (cache miss)
6364 http fetch GET 200 https://registry.npmjs.org/jest-runner/-/jest-runner-29.7.0.tgz 3002ms (cache miss)
6365 http fetch GET 200 https://registry.npmjs.org/jest-runtime/-/jest-runtime-29.7.0.tgz 3004ms (cache miss)
6366 http fetch GET 200 https://registry.npmjs.org/jest-snapshot/-/jest-snapshot-29.7.0.tgz 3024ms (cache miss)
6367 http fetch GET 200 https://registry.npmjs.org/@sinclair/typebox/-/typebox-0.27.12.tgz 3031ms (cache miss)
6368 http fetch GET 200 https://registry.npmjs.org/jest-resolve/-/jest-resolve-29.7.0.tgz 3053ms (cache miss)
6369 http fetch GET 200 https://registry.npmjs.org/ci-info/-/ci-info-3.9.0.tgz 3053ms (cache miss)
6370 http fetch GET 200 https://registry.npmjs.org/jest-regex-util/-/jest-regex-util-29.6.3.tgz 3058ms (cache miss)
6371 http fetch GET 200 https://registry.npmjs.org/@types/istanbul-lib-coverage/-/istanbul-lib-coverage-2.0.6.tgz 3068ms (cache miss)
6372 http fetch GET 200 https://registry.npmjs.org/ansi-escapes/-/ansi-escapes-4.3.2.tgz 3068ms (cache miss)
6373 http fetch GET 200 https://registry.npmjs.org/jest-changed-files/-/jest-changed-files-29.7.0.tgz 3073ms (cache miss)
6374 http fetch GET 200 https://registry.npmjs.org/@babel/generator/-/generator-7.29.8.tgz 3100ms (cache miss)
6375 http fetch GET 200 https://registry.npmjs.org/jest-cli/-/jest-cli-29.7.0.tgz 3119ms (cache miss)
6376 http fetch GET 200 https://registry.npmjs.org/@jest/transform/-/transform-29.7.0.tgz 3120ms (cache miss)
6377 http fetch GET 200 https://registry.npmjs.org/@jest/test-result/-/test-result-29.7.0.tgz 3120ms (cache miss)
6378 http fetch GET 200 https://registry.npmjs.org/import-local/-/import-local-3.2.0.tgz 3121ms (cache miss)
6379 http fetch GET 200 https://registry.npmjs.org/@jest/types/-/types-29.6.3.tgz 3132ms (cache miss)
6380 http fetch GET 200 https://registry.npmjs.org/resolve-from/-/resolve-from-4.0.0.tgz 3149ms (cache miss)
6381 http fetch GET 200 https://registry.npmjs.org/toidentifier/-/toidentifier-1.0.1.tgz 3149ms (cache miss)
6382 http fetch GET 200 https://registry.npmjs.org/parent-module/-/parent-module-1.0.1.tgz 3150ms (cache miss)
6383 http fetch GET 200 https://registry.npmjs.org/agent-base/-/agent-base-6.0.2.tgz 3150ms (cache miss)
6384 http fetch GET 200 https://registry.npmjs.org/safer-buffer/-/safer-buffer-2.1.2.tgz 3150ms (cache miss)
6385 http fetch GET 200 https://registry.npmjs.org/setprototypeof/-/setprototypeof-1.2.0.tgz 3151ms (cache miss)
6386 http fetch GET 200 https://registry.npmjs.org/@babel/traverse/-/traverse-7.29.8.tgz 3165ms (cache miss)
6387 http fetch GET 200 https://registry.npmjs.org/inherits/-/inherits-2.0.4.tgz 3161ms (cache miss)
6388 http fetch GET 200 https://registry.npmjs.org/jest-config/-/jest-config-29.7.0.tgz 3167ms (cache miss)
6389 http fetch GET 200 https://registry.npmjs.org/dunder-proto/-/dunder-proto-1.0.1.tgz 3184ms (cache miss)
6390 http fetch GET 200 https://registry.npmjs.org/math-intrinsics/-/math-intrinsics-1.1.0.tgz 3185ms (cache miss)
6391 http fetch GET 200 https://registry.npmjs.org/exit/-/exit-0.1.2.tgz 3192ms (cache miss)
6392 http fetch GET 200 https://registry.npmjs.org/function-bind/-/function-bind-1.1.2.tgz 3198ms (cache miss)
6393 http fetch GET 200 https://registry.npmjs.org/gopd/-/gopd-1.2.0.tgz 3202ms (cache miss)
6394 http fetch GET 200 https://registry.npmjs.org/get-proto/-/get-proto-1.0.1.tgz 3205ms (cache miss)
6395 http fetch GET 200 https://registry.npmjs.org/es-define-property/-/es-define-property-1.0.1.tgz 3207ms (cache miss)
6396 http fetch GET 200 https://registry.npmjs.org/jest-haste-map/-/jest-haste-map-29.7.0.tgz 3215ms (cache miss)
6397 http fetch GET 200 https://registry.npmjs.org/es-object-atoms/-/es-object-atoms-1.1.2.tgz 3215ms (cache miss)
6398 http fetch GET 200 https://registry.npmjs.org/jsonfile/-/jsonfile-6.2.1.tgz 3219ms (cache miss)
6399 http fetch GET 200 https://registry.npmjs.org/call-bind-apply-helpers/-/call-bind-apply-helpers-1.0.2.tgz 3219ms (cache miss)
6400 http fetch GET 200 https://registry.npmjs.org/universalify/-/universalify-2.0.1.tgz 3220ms (cache miss)
6401 http fetch GET 200 https://registry.npmjs.org/get-intrinsic/-/get-intrinsic-1.3.0.tgz 3223ms (cache miss)
6402 http fetch GET 200 https://registry.npmjs.org/has-tostringtag/-/has-tostringtag-1.0.2.tgz 3230ms (cache miss)
6403 http fetch GET 200 https://registry.npmjs.org/es-set-tostringtag/-/es-set-tostringtag-2.1.0.tgz 3232ms (cache miss)
6404 http fetch GET 200 https://registry.npmjs.org/hasown/-/hasown-2.0.4.tgz 3234ms (cache miss)
6405 http fetch GET 200 https://registry.npmjs.org/has-symbols/-/has-symbols-1.1.0.tgz 3237ms (cache miss)
6406 http fetch GET 200 https://registry.npmjs.org/delayed-stream/-/delayed-stream-1.0.0.tgz 3235ms (cache miss)
6407 http fetch GET 200 https://registry.npmjs.org/combined-stream/-/combined-stream-1.0.8.tgz 3236ms (cache miss)
6408 http fetch GET 200 https://registry.npmjs.org/asynckit/-/asynckit-0.4.0.tgz 3236ms (cache miss)
6409 http fetch GET 200 https://registry.npmjs.org/path-type/-/path-type-4.0.0.tgz 3239ms (cache miss)
6410 http fetch GET 200 https://registry.npmjs.org/color-name/-/color-name-1.1.4.tgz 3239ms (cache miss)
6411 http fetch GET 200 https://registry.npmjs.org/supports-color/-/supports-color-7.2.0.tgz 3239ms (cache miss)
6412 http fetch GET 200 https://registry.npmjs.org/parse-json/-/parse-json-5.2.0.tgz 3241ms (cache miss)
6413 http fetch GET 200 https://registry.npmjs.org/color-convert/-/color-convert-2.0.1.tgz 3245ms (cache miss)
6414 http fetch GET 200 https://registry.npmjs.org/import-fresh/-/import-fresh-3.3.1.tgz 3252ms (cache miss)
6415 http fetch GET 200 https://registry.npmjs.org/ansi-styles/-/ansi-styles-4.3.0.tgz 3253ms (cache miss)
6416 http fetch GET 200 https://registry.npmjs.org/es-errors/-/es-errors-1.3.0.tgz 3258ms (cache miss)
6417 http fetch GET 200 https://registry.npmjs.org/istanbul-reports/-/istanbul-reports-3.2.0.tgz 3275ms (cache miss)
6418 http fetch GET 200 https://registry.npmjs.org/minimatch/-/minimatch-3.1.5.tgz 3272ms (cache miss)
6419 http fetch GET 200 https://registry.npmjs.org/picocolors/-/picocolors-1.1.1.tgz 3273ms (cache miss)
6420 http fetch GET 200 https://registry.npmjs.org/js-tokens/-/js-tokens-4.0.0.tgz 3279ms (cache miss)
6421 http fetch GET 200 https://registry.npmjs.org/node-abort-controller/-/node-abort-controller-3.1.1.tgz 3281ms (cache miss)
6422 http fetch GET 200 https://registry.npmjs.org/deepmerge/-/deepmerge-4.3.1.tgz 3286ms (cache miss)
6423 http fetch GET 200 https://registry.npmjs.org/chalk/-/chalk-4.1.2.tgz 3296ms (cache miss)
6424 http fetch GET 200 https://registry.npmjs.org/@babel/helper-validator-identifier/-/helper-validator-identifier-7.29.7.tgz 3299ms (cache miss)
6425 http fetch GET 200 https://registry.npmjs.org/@jest/reporters/-/reporters-29.7.0.tgz 3314ms (cache miss)
6426 http fetch GET 200 https://registry.npmjs.org/@babel/code-frame/-/code-frame-7.29.7.tgz 3308ms (cache miss)
6427 http fetch GET 200 https://registry.npmjs.org/uint8array-extras/-/uint8array-extras-1.5.0.tgz 3308ms (cache miss)
6428 http fetch GET 200 https://registry.npmjs.org/negotiator/-/negotiator-1.1.0.tgz 3320ms (cache miss)
6429 http fetch GET 200 https://registry.npmjs.org/token-types/-/token-types-6.1.2.tgz 3322ms (cache miss)
6430 http fetch GET 200 https://registry.npmjs.org/send/-/send-1.2.1.tgz 3321ms (cache miss)
6431 http fetch GET 200 https://registry.npmjs.org/raw-body/-/raw-body-3.0.2.tgz 3322ms (cache miss)
6432 http fetch GET 200 https://registry.npmjs.org/strtok3/-/strtok3-10.3.5.tgz 3323ms (cache miss)
6433 http fetch GET 200 https://registry.npmjs.org/ms/-/ms-2.1.3.tgz 3323ms (cache miss)
6434 http fetch GET 200 https://registry.npmjs.org/bytes/-/bytes-3.1.2.tgz 3324ms (cache miss)
6435 http fetch GET 200 https://registry.npmjs.org/statuses/-/statuses-2.0.2.tgz 3325ms (cache miss)
6436 http fetch GET 200 https://registry.npmjs.org/minipass/-/minipass-7.1.3.tgz 3335ms (cache miss)
6437 http fetch GET 200 https://registry.npmjs.org/type-is/-/type-is-2.1.0.tgz 3327ms (cache miss)
6438 http fetch GET 200 https://registry.npmjs.org/serve-static/-/serve-static-2.2.1.tgz 3333ms (cache miss)
6439 http fetch GET 200 https://registry.npmjs.org/router/-/router-2.2.0.tgz 3335ms (cache miss)
6440 http fetch GET 200 https://registry.npmjs.org/path-scurry/-/path-scurry-2.0.2.tgz 3344ms (cache miss)
6441 http fetch GET 200 https://registry.npmjs.org/proxy-addr/-/proxy-addr-2.0.7.tgz 3339ms (cache miss)
6442 http fetch GET 200 https://registry.npmjs.org/@jest/console/-/console-29.7.0.tgz 3350ms (cache miss)
6443 http fetch GET 200 https://registry.npmjs.org/once/-/once-1.4.0.tgz 3355ms (cache miss)
6444 http fetch GET 200 https://registry.npmjs.org/parseurl/-/parseurl-1.3.3.tgz 3356ms (cache miss)
6445 http fetch GET 200 https://registry.npmjs.org/@tokenizer/inflate/-/inflate-0.4.1.tgz 3360ms (cache miss)
6446 http fetch GET 200 https://registry.npmjs.org/merge-descriptors/-/merge-descriptors-2.0.0.tgz 3364ms (cache miss)
6447 http fetch GET 200 https://registry.npmjs.org/on-finished/-/on-finished-2.4.1.tgz 3365ms (cache miss)
6448 http fetch GET 200 https://registry.npmjs.org/mime-types/-/mime-types-3.0.2.tgz 3365ms (cache miss)
6449 http fetch GET 200 https://registry.npmjs.org/schema-utils/-/schema-utils-3.3.0.tgz 3371ms (cache miss)
6450 http fetch GET 200 https://registry.npmjs.org/finalhandler/-/finalhandler-2.1.1.tgz 3367ms (cache miss)
6451 http fetch GET 200 https://registry.npmjs.org/etag/-/etag-1.8.1.tgz 3366ms (cache miss)
6452 http fetch GET 200 https://registry.npmjs.org/range-parser/-/range-parser-1.3.0.tgz 3367ms (cache miss)
6453 http fetch GET 200 https://registry.npmjs.org/fresh/-/fresh-2.0.0.tgz 3367ms (cache miss)
6454 http fetch GET 200 https://registry.npmjs.org/http-errors/-/http-errors-2.0.1.tgz 3368ms (cache miss)
6455 http fetch GET 200 https://registry.npmjs.org/escape-html/-/escape-html-1.0.3.tgz 3371ms (cache miss)
6456 http fetch GET 200 https://registry.npmjs.org/cookie-signature/-/cookie-signature-1.2.2.tgz 3375ms (cache miss)
6457 http fetch GET 200 https://registry.npmjs.org/encodeurl/-/encodeurl-2.0.0.tgz 3381ms (cache miss)
6458 http fetch GET 200 https://registry.npmjs.org/depd/-/depd-2.0.0.tgz 3384ms (cache miss)
6459 http fetch GET 200 https://registry.npmjs.org/content-disposition/-/content-disposition-1.1.0.tgz 3391ms (cache miss)
6460 http fetch GET 200 https://registry.npmjs.org/@bcoe/v8-coverage/-/v8-coverage-0.2.3.tgz 3408ms (cache miss)
6461 http fetch GET 200 https://registry.npmjs.org/cookie/-/cookie-0.7.2.tgz 3398ms (cache miss)
6462 http fetch GET 200 https://registry.npmjs.org/accepts/-/accepts-2.0.0.tgz 3405ms (cache miss)
6463 http fetch GET 200 https://registry.npmjs.org/jest-message-util/-/jest-message-util-29.7.0.tgz 3406ms (cache miss)
6464 http fetch GET 200 https://registry.npmjs.org/content-type/-/content-type-1.0.5.tgz 3407ms (cache miss)
6465 http fetch GET 200 https://registry.npmjs.org/debug/-/debug-4.4.3.tgz 3411ms (cache miss)
6466 http fetch GET 200 https://registry.npmjs.org/cosmiconfig/-/cosmiconfig-8.3.6.tgz 3432ms (cache miss)
6467 http fetch GET 200 https://registry.npmjs.org/jest-get-type/-/jest-get-type-29.6.3.tgz 3443ms (cache miss)
6468 http fetch GET 200 https://registry.npmjs.org/jest-matcher-utils/-/jest-matcher-utils-29.7.0.tgz 3445ms (cache miss)
6469 http fetch GET 200 https://registry.npmjs.org/graceful-fs/-/graceful-fs-4.2.11.tgz 3449ms (cache miss)
6470 http fetch GET 200 https://registry.npmjs.org/object-assign/-/object-assign-4.1.1.tgz 3454ms (cache miss)
6471 http fetch GET 200 https://registry.npmjs.org/vary/-/vary-1.1.2.tgz 3456ms (cache miss)
6472 http fetch GET 200 https://registry.npmjs.org/qs/-/qs-6.15.3.tgz 3475ms (cache miss)
6473 http fetch GET 200 https://registry.npmjs.org/@jest/expect-utils/-/expect-utils-29.7.0.tgz 3472ms (cache miss)
6474 http fetch GET 200 https://registry.npmjs.org/array-timsort/-/array-timsort-1.0.3.tgz 3475ms (cache miss)
6475 http fetch GET 200 https://registry.npmjs.org/memfs/-/memfs-3.5.3.tgz 3484ms (cache miss)
6476 http fetch GET 200 https://registry.npmjs.org/readdirp/-/readdirp-4.1.2.tgz 3476ms (cache miss)
6477 http fetch GET 200 https://registry.npmjs.org/body-parser/-/body-parser-2.3.0.tgz 3478ms (cache miss)
6478 http fetch GET 200 https://registry.npmjs.org/esprima/-/esprima-4.0.1.tgz 3486ms (cache miss)
6479 http fetch GET 200 https://registry.npmjs.org/fs-extra/-/fs-extra-10.1.0.tgz 3497ms (cache miss)
6480 http fetch GET 200 https://registry.npmjs.org/tapable/-/tapable-2.3.3.tgz 3495ms (cache miss)
6481 http fetch GET 200 https://registry.npmjs.org/@jest/core/-/core-29.7.0.tgz 3510ms (cache miss)
6482 http fetch GET 200 https://registry.npmjs.org/jest-util/-/jest-util-29.7.0.tgz 3500ms (cache miss)
6483 http fetch GET 200 https://registry.npmjs.org/framer-motion/-/framer-motion-12.43.0.tgz 3562ms (cache miss)
6484 http fetch GET 200 https://registry.npmjs.org/@colors/colors/-/colors-1.5.0.tgz 3514ms (cache miss)
6485 http fetch GET 200 https://registry.npmjs.org/js-yaml/-/js-yaml-4.3.1.tgz 3544ms (cache miss)
6486 http fetch GET 200 https://registry.npmjs.org/https-proxy-agent/-/https-proxy-agent-5.0.1.tgz 3537ms (cache miss)
6487 http fetch GET 200 https://registry.npmjs.org/nopt/-/nopt-5.0.0.tgz 3537ms (cache miss)
6488 http fetch GET 200 https://registry.npmjs.org/make-dir/-/make-dir-3.1.0.tgz 3538ms (cache miss)
6489 http fetch GET 200 https://registry.npmjs.org/npmlog/-/npmlog-5.0.1.tgz 3538ms (cache miss)
6490 warn deprecated npmlog@5.0.1: This package is no longer supported.
6491 http fetch GET 200 https://registry.npmjs.org/string-width/-/string-width-4.2.3.tgz 3538ms (cache miss)
6492 http fetch GET 200 https://registry.npmjs.org/rimraf/-/rimraf-3.0.2.tgz 3540ms (cache miss)
6493 warn deprecated rimraf@3.0.2: Rimraf versions prior to v4 are no longer supported
6494 http fetch GET 200 https://registry.npmjs.org/detect-libc/-/detect-libc-2.1.2.tgz 3539ms (cache miss)
6495 http fetch GET 200 https://registry.npmjs.org/json-schema-traverse/-/json-schema-traverse-1.0.0.tgz 3540ms (cache miss)
6496 http fetch GET 200 https://registry.npmjs.org/node-fetch/-/node-fetch-2.7.0.tgz 3547ms (cache miss)
6497 http fetch GET 200 https://registry.npmjs.org/node-addon-api/-/node-addon-api-5.1.0.tgz 3576ms (cache miss)
6498 http fetch GET 200 https://registry.npmjs.org/require-from-string/-/require-from-string-2.0.2.tgz 3583ms (cache miss)
6499 http fetch GET 200 https://registry.npmjs.org/fast-deep-equal/-/fast-deep-equal-3.1.3.tgz 3585ms (cache miss)
6500 http fetch GET 200 https://registry.npmjs.org/@types/cookiejar/-/cookiejar-2.1.5.tgz 3589ms (cache miss)
6501 http fetch GET 200 https://registry.npmjs.org/@types/send/-/send-1.2.1.tgz 3588ms (cache miss)
6502 http fetch GET 200 https://registry.npmjs.org/@types/methods/-/methods-1.1.4.tgz 3590ms (cache miss)
6503 http fetch GET 200 https://registry.npmjs.org/@types/passport/-/passport-1.0.17.tgz 3592ms (cache miss)
6504 http fetch GET 200 https://registry.npmjs.org/@types/superagent/-/superagent-8.1.11.tgz 3593ms (cache miss)
6505 http fetch GET 200 https://registry.npmjs.org/@types/passport-strategy/-/passport-strategy-0.2.38.tgz 3593ms (cache miss)
6506 http fetch GET 200 https://registry.npmjs.org/form-data/-/form-data-4.0.6.tgz 3595ms (cache miss)
6507 http fetch GET 200 https://registry.npmjs.org/tar/-/tar-6.2.1.tgz 3612ms (cache miss)
6508 warn deprecated tar@6.2.1: Old versions of tar are not supported, and contain widely publicized security vulnerabilities, which have been fixed in the current version. Please update. Support for old versions may be purchased (at exorbitant rates) by contacting i@izs.me
6509 http fetch GET 200 https://registry.npmjs.org/undici-types/-/undici-types-6.21.0.tgz 3632ms (cache miss)
6510 http fetch GET 200 https://registry.npmjs.org/@types/ms/-/ms-2.1.0.tgz 3633ms (cache miss)
6511 http fetch GET 200 https://registry.npmjs.org/@types/range-parser/-/range-parser-1.2.7.tgz 3637ms (cache miss)
6512 http fetch GET 200 https://registry.npmjs.org/pretty-format/-/pretty-format-29.7.0.tgz 3637ms (cache miss)
6513 http fetch GET 200 https://registry.npmjs.org/@types/connect/-/connect-3.4.38.tgz 3639ms (cache miss)
6514 http fetch GET 200 https://registry.npmjs.org/@types/body-parser/-/body-parser-1.19.6.tgz 3638ms (cache miss)
6515 http fetch GET 200 https://registry.npmjs.org/@types/express-serve-static-core/-/express-serve-static-core-5.1.3.tgz 3642ms (cache miss)
6516 http fetch GET 200 https://registry.npmjs.org/@types/qs/-/qs-6.15.1.tgz 3645ms (cache miss)
6517 http fetch GET 200 https://registry.npmjs.org/@types/serve-static/-/serve-static-2.2.0.tgz 3645ms (cache miss)
6518 http fetch GET 200 https://registry.npmjs.org/@jridgewell/resolve-uri/-/resolve-uri-3.1.2.tgz 3652ms (cache miss)
6519 http fetch GET 200 https://registry.npmjs.org/semver/-/semver-7.8.5.tgz 3788ms (cache miss)
6520 http fetch GET 200 https://registry.npmjs.org/csstype/-/csstype-3.2.3.tgz 3794ms (cache miss)
6521 http fetch GET 200 https://registry.npmjs.org/@alloc/quick-lru/-/quick-lru-5.2.0.tgz 3791ms (cache miss)
6522 http fetch GET 200 https://registry.npmjs.org/@tailwindcss/oxide/-/oxide-4.3.3.tgz 3791ms (cache miss)
6523 http fetch GET 200 https://registry.npmjs.org/expect/-/expect-29.7.0.tgz 3795ms (cache miss)
6524 http fetch GET 200 https://registry.npmjs.org/pluralize/-/pluralize-8.0.0.tgz 3799ms (cache miss)
6525 http fetch GET 200 https://registry.npmjs.org/cors/-/cors-2.8.6.tgz 3806ms (cache miss)
6526 http fetch GET 200 https://registry.npmjs.org/fast-safe-stringify/-/fast-safe-stringify-2.1.1.tgz 3819ms (cache miss)
6527 http fetch GET 200 https://registry.npmjs.org/@types/jsonwebtoken/-/jsonwebtoken-9.0.10.tgz 3820ms (cache miss)
6528 http fetch GET 200 https://registry.npmjs.org/path-to-regexp/-/path-to-regexp-8.4.2.tgz 3821ms (cache miss)
6529 http fetch GET 200 https://registry.npmjs.org/dotenv-expand/-/dotenv-expand-12.0.3.tgz 3821ms (cache miss)
6530 http fetch GET 200 https://registry.npmjs.org/comment-json/-/comment-json-5.0.0.tgz 3824ms (cache miss)
6531 http fetch GET 200 https://registry.npmjs.org/@types/http-errors/-/http-errors-2.0.5.tgz 3831ms (cache miss)
6532 http fetch GET 200 https://registry.npmjs.org/fast-uri/-/fast-uri-3.1.5.tgz 3838ms (cache miss)
6533 http fetch GET 200 https://registry.npmjs.org/@tailwindcss/node/-/node-4.3.3.tgz 3840ms (cache miss)
6534 http fetch GET 200 https://registry.npmjs.org/load-esm/-/load-esm-1.0.3.tgz 3845ms (cache miss)
6535 http fetch GET 200 https://registry.npmjs.org/express/-/express-5.2.1.tgz 3852ms (cache miss)
6536 http fetch GET 200 https://registry.npmjs.org/uid/-/uid-2.0.2.tgz 3855ms (cache miss)
6537 http fetch GET 200 https://registry.npmjs.org/file-type/-/file-type-21.3.4.tgz 3860ms (cache miss)
6538 http fetch GET 200 https://registry.npmjs.org/cli-width/-/cli-width-4.1.0.tgz 3864ms (cache miss)
6539 http fetch GET 200 https://registry.npmjs.org/jsonwebtoken/-/jsonwebtoken-9.0.3.tgz 3867ms (cache miss)
6540 http fetch GET 200 https://registry.npmjs.org/wrap-ansi/-/wrap-ansi-6.2.0.tgz 3867ms (cache miss)
6541 http fetch GET 200 https://registry.npmjs.org/yoctocolors-cjs/-/yoctocolors-cjs-2.1.3.tgz 3867ms (cache miss)
6542 http fetch GET 200 https://registry.npmjs.org/@inquirer/external-editor/-/external-editor-1.0.3.tgz 3869ms (cache miss)
6543 http fetch GET 200 https://registry.npmjs.org/dotenv/-/dotenv-17.4.1.tgz 3873ms (cache miss)
6544 http fetch GET 200 https://registry.npmjs.org/tslib/-/tslib-2.8.1.tgz 3874ms (cache miss)
6545 http fetch GET 200 https://registry.npmjs.org/mute-stream/-/mute-stream-2.0.0.tgz 3874ms (cache miss)
6546 http fetch GET 200 https://registry.npmjs.org/@inquirer/figures/-/figures-1.0.15.tgz 3875ms (cache miss)
6547 http fetch GET 200 https://registry.npmjs.org/source-map-js/-/source-map-js-1.2.1.tgz 3881ms (cache miss)
6548 http fetch GET 200 https://registry.npmjs.org/@jridgewell/sourcemap-codec/-/sourcemap-codec-1.5.5.tgz 3891ms (cache miss)
6549 http fetch GET 200 https://registry.npmjs.org/@inquirer/search/-/search-3.2.2.tgz 3890ms (cache miss)
6550 http fetch GET 200 https://registry.npmjs.org/lightningcss/-/lightningcss-1.32.0.tgz 3897ms (cache miss)
6551 http fetch GET 200 https://registry.npmjs.org/@inquirer/rawlist/-/rawlist-4.1.11.tgz 3903ms (cache miss)
6552 http fetch GET 200 https://registry.npmjs.org/@inquirer/ansi/-/ansi-1.0.2.tgz 3905ms (cache miss)
6553 http fetch GET 200 https://registry.npmjs.org/@inquirer/password/-/password-4.0.23.tgz 3914ms (cache miss)
6554 http fetch GET 200 https://registry.npmjs.org/@inquirer/expand/-/expand-4.0.23.tgz 3922ms (cache miss)
6555 http fetch GET 200 https://registry.npmjs.org/@inquirer/input/-/input-4.3.1.tgz 3923ms (cache miss)
6556 http fetch GET 200 https://registry.npmjs.org/symbol-observable/-/symbol-observable-4.0.0.tgz 3919ms (cache miss)
6557 http fetch GET 200 https://registry.npmjs.org/@inquirer/editor/-/editor-4.2.23.tgz 3922ms (cache miss)
6558 http fetch GET 200 https://registry.npmjs.org/@inquirer/checkbox/-/checkbox-4.3.2.tgz 3924ms (cache miss)
6559 http fetch GET 200 https://registry.npmjs.org/@inquirer/confirm/-/confirm-5.1.21.tgz 3926ms (cache miss)
6560 http fetch GET 200 https://registry.npmjs.org/@inquirer/number/-/number-3.0.23.tgz 3939ms (cache miss)
6561 http fetch GET 200 https://registry.npmjs.org/@jridgewell/gen-mapping/-/gen-mapping-0.3.13.tgz 3964ms (cache miss)
6562 http fetch GET 200 https://registry.npmjs.org/ansi-colors/-/ansi-colors-4.1.3.tgz 3954ms (cache miss)
6563 http fetch GET 200 https://registry.npmjs.org/yargs-parser/-/yargs-parser-21.1.1.tgz 3964ms (cache miss)
6564 http fetch GET 200 https://registry.npmjs.org/ora/-/ora-5.4.1.tgz 4002ms (cache miss)
6565 http fetch GET 200 https://registry.npmjs.org/webpack-node-externals/-/webpack-node-externals-3.0.0.tgz 4003ms (cache miss)
6566 http fetch GET 200 https://registry.npmjs.org/@mapbox/node-pre-gyp/-/node-pre-gyp-1.0.11.tgz 4028ms (cache miss)
6567 http fetch GET 200 https://registry.npmjs.org/picomatch/-/picomatch-4.0.4.tgz 4029ms (cache miss)
6568 http fetch GET 200 https://registry.npmjs.org/@inquirer/type/-/type-3.0.10.tgz 4046ms (cache miss)
6569 http fetch GET 200 https://registry.npmjs.org/ansis/-/ansis-4.2.0.tgz 4040ms (cache miss)
6570 http fetch GET 200 https://registry.npmjs.org/commander/-/commander-4.1.1.tgz 4042ms (cache miss)
6571 http fetch GET 200 https://registry.npmjs.org/cli-table3/-/cli-table3-0.6.5.tgz 4061ms (cache miss)
6572 http fetch GET 200 https://registry.npmjs.org/node-emoji/-/node-emoji-1.11.0.tgz 4066ms (cache miss)
6573 http fetch GET 200 https://registry.npmjs.org/@standard-schema/utils/-/utils-0.3.0.tgz 4074ms (cache miss)
6574 http fetch GET 200 https://registry.npmjs.org/ajv-formats/-/ajv-formats-3.0.1.tgz 4078ms (cache miss)
6575 http fetch GET 200 https://registry.npmjs.org/@inquirer/prompts/-/prompts-7.10.1.tgz 4082ms (cache miss)
6576 http fetch GET 200 https://registry.npmjs.org/chokidar/-/chokidar-4.0.3.tgz 4084ms (cache miss)
6577 http fetch GET 200 https://registry.npmjs.org/magic-string/-/magic-string-0.30.17.tgz 4091ms (cache miss)
6578 http fetch GET 200 https://registry.npmjs.org/source-map/-/source-map-0.7.4.tgz 4097ms (cache miss)
6579 http fetch GET 200 https://registry.npmjs.org/jiti/-/jiti-2.7.0.tgz 4108ms (cache miss)
6580 http fetch GET 200 https://registry.npmjs.org/sonner/-/sonner-2.0.8.tgz 4095ms (cache miss)
6581 http fetch GET 200 https://registry.npmjs.org/@babel/core/-/core-7.29.7.tgz 4143ms (cache miss)
6582 http fetch GET 200 https://registry.npmjs.org/@jridgewell/trace-mapping/-/trace-mapping-0.3.31.tgz 4117ms (cache miss)
6583 http fetch GET 200 https://registry.npmjs.org/iconv-lite/-/iconv-lite-0.7.3.tgz 4115ms (cache miss)
6584 http fetch GET 200 https://registry.npmjs.org/signal-exit/-/signal-exit-4.1.0.tgz 4125ms (cache miss)
6585 http fetch GET 200 https://registry.npmjs.org/clsx/-/clsx-2.1.1.tgz 4127ms (cache miss)
6586 http fetch GET 200 https://registry.npmjs.org/@tailwindcss/oxide-darwin-arm64/-/oxide-darwin-arm64-4.3.3.tgz 4208ms (cache miss)
6587 http fetch GET 200 https://registry.npmjs.org/@types/react-dom/-/react-dom-19.2.4.tgz 4209ms (cache miss)
6588 http fetch GET 200 https://registry.npmjs.org/@inquirer/select/-/select-4.4.2.tgz 4234ms (cache miss)
6589 http fetch GET 200 https://registry.npmjs.org/@angular-devkit/schematics-cli/-/schematics-cli-19.2.27.tgz 4232ms (cache miss)
6590 http fetch GET 200 https://registry.npmjs.org/iterare/-/iterare-1.2.1.tgz 4244ms (cache miss)
6591 http fetch GET 200 https://registry.npmjs.org/chardet/-/chardet-2.2.0.tgz 4248ms (cache miss)
6592 http fetch GET 200 https://registry.npmjs.org/jsonc-parser/-/jsonc-parser-3.3.1.tgz 4248ms (cache miss)
6593 http fetch GET 200 https://registry.npmjs.org/enhanced-resolve/-/enhanced-resolve-5.24.5.tgz 4272ms (cache miss)
6594 http fetch GET 200 https://registry.npmjs.org/@types/react/-/react-19.2.18.tgz 4318ms (cache miss)
6595 http fetch GET 200 https://registry.npmjs.org/supertest/-/supertest-7.2.2.tgz 4378ms (cache miss)
6596 http fetch GET 200 https://registry.npmjs.org/passport-jwt/-/passport-jwt-4.0.1.tgz 4380ms (cache miss)
6597 http fetch GET 200 https://registry.npmjs.org/source-map-support/-/source-map-support-0.5.21.tgz 4381ms (cache miss)
6598 http fetch GET 200 https://registry.npmjs.org/jest/-/jest-29.7.0.tgz 4383ms (cache miss)
6599 http fetch GET 200 https://registry.npmjs.org/multer/-/multer-1.4.5-lts.2.tgz 4384ms (cache miss)
6600 http fetch GET 200 https://registry.npmjs.org/react/-/react-19.2.8.tgz 4391ms (cache miss)
6601 http fetch GET 200 https://registry.npmjs.org/zustand/-/zustand-5.0.15.tgz 4397ms (cache miss)
6602 http fetch GET 200 https://registry.npmjs.org/tailwindcss/-/tailwindcss-4.3.3.tgz 4415ms (cache miss)
6603 warn deprecated multer@1.4.5-lts.2: Multer 1.x is impacted by a number of vulnerabilities, which have been patched in 2.x. You should upgrade to the latest 2.x version.
6604 http fetch GET 200 https://registry.npmjs.org/tsconfig-paths-webpack-plugin/-/tsconfig-paths-webpack-plugin-4.2.0.tgz 4429ms (cache miss)
6605 http fetch GET 200 https://registry.npmjs.org/motion/-/motion-12.43.0.tgz 4430ms (cache miss)
6606 http fetch GET 200 https://registry.npmjs.org/@types/passport-jwt/-/passport-jwt-4.0.1.tgz 4428ms (cache miss)
6607 http fetch GET 200 https://registry.npmjs.org/@types/jest/-/jest-29.5.14.tgz 4482ms (cache miss)
6608 http fetch GET 200 https://registry.npmjs.org/@types/express/-/express-5.0.6.tgz 4484ms (cache miss)
6609 http fetch GET 200 https://registry.npmjs.org/@types/bcrypt/-/bcrypt-5.0.2.tgz 4485ms (cache miss)
6610 http fetch GET 200 https://registry.npmjs.org/postcss/-/postcss-8.5.26.tgz 4497ms (cache miss)
6611 http fetch GET 200 https://registry.npmjs.org/bcrypt/-/bcrypt-5.1.1.tgz 4524ms (cache miss)
6612 http fetch GET 200 https://registry.npmjs.org/tailwind-merge/-/tailwind-merge-3.6.0.tgz 4530ms (cache miss)
6613 http fetch GET 200 https://registry.npmjs.org/@types/supertest/-/supertest-6.0.3.tgz 4692ms (cache miss)
6614 http fetch GET 200 https://registry.npmjs.org/@nestjs/testing/-/testing-11.2.1.tgz 4695ms (cache miss)
6615 http fetch GET 200 https://registry.npmjs.org/@types/multer/-/multer-1.4.13.tgz 4753ms (cache miss)
6616 http fetch GET 200 https://registry.npmjs.org/reflect-metadata/-/reflect-metadata-0.2.2.tgz 4780ms (cache miss)
6617 http fetch GET 200 https://registry.npmjs.org/@babel/types/-/types-7.29.8.tgz 4835ms (cache miss)
6618 http fetch GET 200 https://registry.npmjs.org/turbo/-/turbo-2.10.11.tgz 4781ms (cache miss)
6619 http fetch GET 200 https://registry.npmjs.org/@nestjs/passport/-/passport-11.0.5.tgz 4812ms (cache miss)
6620 http fetch GET 200 https://registry.npmjs.org/wrap-ansi/-/wrap-ansi-7.0.0.tgz 4832ms (cache miss)
6621 http fetch GET 200 https://registry.npmjs.org/supports-color/-/supports-color-8.1.1.tgz 4839ms (cache miss)
6622 http fetch GET 200 https://registry.npmjs.org/commander/-/commander-2.20.3.tgz 4862ms (cache miss)
6623 http fetch GET 200 https://registry.npmjs.org/estraverse/-/estraverse-5.3.0.tgz 4866ms (cache miss)
6624 http fetch GET 200 https://registry.npmjs.org/passport/-/passport-0.7.0.tgz 4876ms (cache miss)
6625 http fetch GET 200 https://registry.npmjs.org/supports-color/-/supports-color-8.1.1.tgz 4902ms (cache miss)
6626 http fetch GET 200 https://registry.npmjs.org/ajv-formats/-/ajv-formats-2.1.1.tgz 4939ms (cache miss)
6627 http fetch GET 200 https://registry.npmjs.org/minipass/-/minipass-3.3.6.tgz 4939ms (cache miss)
6628 http fetch GET 200 https://registry.npmjs.org/ts-loader/-/ts-loader-9.6.2.tgz 4962ms (cache miss)
6629 http fetch GET 200 https://registry.npmjs.org/yallist/-/yallist-4.0.0.tgz 4968ms (cache miss)
6630 http fetch GET 200 https://registry.npmjs.org/@tailwindcss/postcss/-/postcss-4.3.3.tgz 4982ms (cache miss)
6631 http fetch GET 200 https://registry.npmjs.org/ajv-formats/-/ajv-formats-2.1.1.tgz 4991ms (cache miss)
6632 http fetch GET 200 https://registry.npmjs.org/yallist/-/yallist-4.0.0.tgz 5019ms (cache miss)
6633 http fetch GET 200 https://registry.npmjs.org/schema-utils/-/schema-utils-4.3.3.tgz 5031ms (cache miss)
6634 http fetch GET 200 https://registry.npmjs.org/safe-buffer/-/safe-buffer-5.1.2.tgz 5036ms (cache miss)
6635 http fetch GET 200 https://registry.npmjs.org/minipass/-/minipass-3.3.6.tgz 5039ms (cache miss)
6636 http fetch GET 200 https://registry.npmjs.org/citty/-/citty-0.2.2.tgz 5060ms (cache miss)
6637 http fetch GET 200 https://registry.npmjs.org/dotenv/-/dotenv-16.6.1.tgz 5093ms (cache miss)
6638 http fetch GET 200 https://registry.npmjs.org/@nestjs/jwt/-/jwt-11.0.2.tgz 5106ms (cache miss)
6639 http fetch GET 200 https://registry.npmjs.org/signal-exit/-/signal-exit-3.0.7.tgz 5102ms (cache miss)
6640 http fetch GET 200 https://registry.npmjs.org/signal-exit/-/signal-exit-3.0.7.tgz 5180ms (cache miss)
6641 http fetch GET 200 https://registry.npmjs.org/safe-buffer/-/safe-buffer-5.1.2.tgz 5179ms (cache miss)
6642 http fetch GET 200 https://registry.npmjs.org/p-limit/-/p-limit-2.3.0.tgz 5224ms (cache miss)
6643 http fetch GET 200 https://registry.npmjs.org/signal-exit/-/signal-exit-3.0.7.tgz 5228ms (cache miss)
6644 http fetch GET 200 https://registry.npmjs.org/resolve-from/-/resolve-from-5.0.0.tgz 5230ms (cache miss)
6645 http fetch GET 200 https://registry.npmjs.org/resolve-from/-/resolve-from-5.0.0.tgz 5242ms (cache miss)
6646 http fetch GET 200 https://registry.npmjs.org/glob/-/glob-7.2.3.tgz 5250ms (cache miss)
6647 warn deprecated glob@7.2.3: Old versions of glob are not supported, and contain widely publicized security vulnerabilities, which have been fixed in the current version. Please update. Support for old versions may be purchased (at exorbitant rates) by contacting i@izs.me
6648 http fetch GET 200 https://registry.npmjs.org/@jridgewell/remapping/-/remapping-2.3.5.tgz 5262ms (cache miss)
6649 http fetch GET 200 https://registry.npmjs.org/signal-exit/-/signal-exit-3.0.7.tgz 5266ms (cache miss)
6650 http fetch GET 200 https://registry.npmjs.org/semver/-/semver-6.3.1.tgz 5273ms (cache miss)
6651 http fetch GET 200 https://registry.npmjs.org/supports-color/-/supports-color-8.1.1.tgz 5287ms (cache miss)
6652 http fetch GET 200 https://registry.npmjs.org/semver/-/semver-6.3.1.tgz 5288ms (cache miss)
6653 http fetch GET 200 https://registry.npmjs.org/picomatch/-/picomatch-2.3.2.tgz 5291ms (cache miss)
6654 http fetch GET 200 https://registry.npmjs.org/jest-worker/-/jest-worker-27.5.1.tgz 5296ms (cache miss)
6655 http fetch GET 200 https://registry.npmjs.org/tsconfig-paths/-/tsconfig-paths-4.2.0.tgz 5329ms (cache miss)
6656 http fetch GET 200 https://registry.npmjs.org/istanbul-lib-instrument/-/istanbul-lib-instrument-5.2.1.tgz 5322ms (cache miss)
6657 http fetch GET 200 https://registry.npmjs.org/camelcase/-/camelcase-6.3.0.tgz 5326ms (cache miss)
6658 http fetch GET 200 https://registry.npmjs.org/glob/-/glob-7.2.3.tgz 5327ms (cache miss)
6659 warn deprecated glob@7.2.3: Old versions of glob are not supported, and contain widely publicized security vulnerabilities, which have been fixed in the current version. Please update. Support for old versions may be purchased (at exorbitant rates) by contacting i@izs.me
6660 http fetch GET 200 https://registry.npmjs.org/semver/-/semver-6.3.1.tgz 5337ms (cache miss)
6661 http fetch GET 200 https://registry.npmjs.org/@jridgewell/trace-mapping/-/trace-mapping-0.3.9.tgz 5342ms (cache miss)
6662 http fetch GET 200 https://registry.npmjs.org/make-dir/-/make-dir-4.0.0.tgz 5339ms (cache miss)
6663 http fetch GET 200 https://registry.npmjs.org/schema-utils/-/schema-utils-4.3.3.tgz 5348ms (cache miss)
6664 http fetch GET 200 https://registry.npmjs.org/source-map-support/-/source-map-support-0.5.13.tgz 5347ms (cache miss)
6665 http fetch GET 200 https://registry.npmjs.org/glob/-/glob-7.2.3.tgz 5357ms (cache miss)
6666 warn deprecated glob@7.2.3: Old versions of glob are not supported, and contain widely publicized security vulnerabilities, which have been fixed in the current version. Please update. Support for old versions may be purchased (at exorbitant rates) by contacting i@izs.me
6667 http fetch GET 200 https://registry.npmjs.org/glob/-/glob-7.2.3.tgz 5359ms (cache miss)
6668 warn deprecated glob@7.2.3: Old versions of glob are not supported, and contain widely publicized security vulnerabilities, which have been fixed in the current version. Please update. Support for old versions may be purchased (at exorbitant rates) by contacting i@izs.me
6669 http fetch GET 200 https://registry.npmjs.org/jest-worker/-/jest-worker-27.5.1.tgz 5372ms (cache miss)
6670 http fetch GET 200 https://registry.npmjs.org/picomatch/-/picomatch-2.3.2.tgz 5386ms (cache miss)
6671 http fetch GET 200 https://registry.npmjs.org/content-type/-/content-type-2.1.0.tgz 5439ms (cache miss)
6672 http fetch GET 200 https://registry.npmjs.org/json-schema-traverse/-/json-schema-traverse-0.4.1.tgz 5440ms (cache miss)
6673 http fetch GET 200 https://registry.npmjs.org/@nestjs/config/-/config-4.0.4.tgz 5456ms (cache miss)
6674 http fetch GET 200 https://registry.npmjs.org/content-type/-/content-type-2.1.0.tgz 5447ms (cache miss)
6675 http fetch GET 200 https://registry.npmjs.org/content-type/-/content-type-2.1.0.tgz 5448ms (cache miss)
6676 http fetch GET 200 https://registry.npmjs.org/minipass/-/minipass-5.0.0.tgz 5467ms (cache miss)
6677 http fetch GET 200 https://registry.npmjs.org/yallist/-/yallist-4.0.0.tgz 5471ms (cache miss)
6678 http fetch GET 200 https://registry.npmjs.org/source-map/-/source-map-0.6.1.tgz 5483ms (cache miss)
6679 http fetch GET 200 https://registry.npmjs.org/motion-dom/-/motion-dom-12.43.0.tgz 5571ms (cache miss)
6680 http fetch GET 200 https://registry.npmjs.org/glob/-/glob-13.0.6.tgz 5517ms (cache miss)
6681 http fetch GET 200 https://registry.npmjs.org/glob/-/glob-7.2.3.tgz 5527ms (cache miss)
6682 warn deprecated glob@7.2.3: Old versions of glob are not supported, and contain widely publicized security vulnerabilities, which have been fixed in the current version. Please update. Support for old versions may be purchased (at exorbitant rates) by contacting i@izs.me
6683 http fetch GET 200 https://registry.npmjs.org/mkdirp/-/mkdirp-1.0.4.tgz 5529ms (cache miss)
6684 http fetch GET 200 https://registry.npmjs.org/semver/-/semver-6.3.1.tgz 5542ms (cache miss)
6685 http fetch GET 200 https://registry.npmjs.org/mime-types/-/mime-types-2.1.35.tgz 5543ms (cache miss)
6686 http fetch GET 200 https://registry.npmjs.org/@babel/helpers/-/helpers-7.29.7.tgz 5607ms (cache miss)
6687 http fetch GET 200 https://registry.npmjs.org/ansi-styles/-/ansi-styles-5.2.0.tgz 5551ms (cache miss)
6688 http fetch GET 200 https://registry.npmjs.org/mime-db/-/mime-db-1.52.0.tgz 5581ms (cache miss)
6689 http fetch GET 200 https://registry.npmjs.org/balanced-match/-/balanced-match-4.0.4.tgz 5600ms (cache miss)
6690 http fetch GET 200 https://registry.npmjs.org/@nestjs/platform-express/-/platform-express-11.2.1.tgz 5619ms (cache miss)
6691 http fetch GET 200 https://registry.npmjs.org/brace-expansion/-/brace-expansion-5.0.9.tgz 5831ms (cache miss)
6692 http fetch GET 200 https://registry.npmjs.org/@inquirer/prompts/-/prompts-7.3.2.tgz 5836ms (cache miss)
6693 http fetch GET 200 https://registry.npmjs.org/readable-stream/-/readable-stream-3.6.2.tgz 5850ms (cache miss)
6694 http fetch GET 200 https://registry.npmjs.org/strip-bom/-/strip-bom-3.0.0.tgz 5844ms (cache miss)
6695 http fetch GET 200 https://registry.npmjs.org/picomatch/-/picomatch-2.3.2.tgz 5858ms (cache miss)
6696 http fetch GET 200 https://registry.npmjs.org/ajv-formats/-/ajv-formats-2.1.1.tgz 5866ms (cache miss)
6697 http fetch GET 200 https://registry.npmjs.org/dotenv/-/dotenv-16.6.1.tgz 5876ms (cache miss)
6698 http fetch GET 200 https://registry.npmjs.org/readable-stream/-/readable-stream-3.6.2.tgz 5893ms (cache miss)
6699 http fetch GET 200 https://registry.npmjs.org/type-is/-/type-is-1.6.18.tgz 5887ms (cache miss)
6700 http fetch GET 200 https://registry.npmjs.org/mime-types/-/mime-types-2.1.35.tgz 5888ms (cache miss)
6701 http fetch GET 200 https://registry.npmjs.org/mime-db/-/mime-db-1.52.0.tgz 5896ms (cache miss)
6702 http fetch GET 200 https://registry.npmjs.org/mime-types/-/mime-types-2.1.35.tgz 5899ms (cache miss)
6703 http fetch GET 200 https://registry.npmjs.org/concat-stream/-/concat-stream-2.0.0.tgz 5899ms (cache miss)
6704 http fetch GET 200 https://registry.npmjs.org/media-typer/-/media-typer-0.3.0.tgz 5901ms (cache miss)
6705 http fetch GET 200 https://registry.npmjs.org/type-is/-/type-is-1.6.18.tgz 5904ms (cache miss)
6706 http fetch GET 200 https://registry.npmjs.org/ajv-formats/-/ajv-formats-2.1.1.tgz 5905ms (cache miss)
6707 http fetch GET 200 https://registry.npmjs.org/media-typer/-/media-typer-0.3.0.tgz 5911ms (cache miss)
6708 http fetch GET 200 https://registry.npmjs.org/mime-db/-/mime-db-1.52.0.tgz 5915ms (cache miss)
6709 http fetch GET 200 https://registry.npmjs.org/@types/node/-/node-22.20.1.tgz 5932ms (cache miss)
6710 http fetch GET 200 https://registry.npmjs.org/multer/-/multer-2.2.0.tgz 5938ms (cache miss)
6711 http fetch GET 200 https://registry.npmjs.org/argparse/-/argparse-1.0.10.tgz 5949ms (cache miss)
6712 http fetch GET 200 https://registry.npmjs.org/source-map/-/source-map-0.6.1.tgz 5967ms (cache miss)
6713 http fetch GET 200 https://registry.npmjs.org/sharp 5815ms (cache miss)
6714 silly packumentCache corgi:https://registry.npmjs.org/sharp set size:undefined disposed:false
6715 http fetch GET 200 https://registry.npmjs.org/magic-string/-/magic-string-0.30.21.tgz 5977ms (cache miss)
6716 http fetch GET 200 https://registry.npmjs.org/source-map/-/source-map-0.6.1.tgz 5996ms (cache miss)
6717 http fetch GET 200 https://registry.npmjs.org/postcss 5846ms (cache miss)
6718 silly packumentCache corgi:https://registry.npmjs.org/postcss set size:undefined disposed:false
6719 http fetch GET 200 https://registry.npmjs.org/deepmerge-ts 5874ms (cache miss)
6720 silly packumentCache corgi:https://registry.npmjs.org/deepmerge-ts set size:undefined disposed:false
6721 http fetch GET 200 https://registry.npmjs.org/ajv-keywords/-/ajv-keywords-3.5.2.tgz 6044ms (cache miss)
6722 http fetch GET 200 https://registry.npmjs.org/tar 5900ms (cache miss)
6723 silly packumentCache corgi:https://registry.npmjs.org/tar set size:undefined disposed:false
6724 http fetch GET 200 https://registry.npmjs.org/schema-utils/-/schema-utils-4.3.3.tgz 6128ms (cache miss)
6725 silly packumentCache corgi:https://registry.npmjs.org/next cache-miss
6726 http fetch GET 200 https://registry.npmjs.org/schema-utils/-/schema-utils-4.3.3.tgz 6139ms (cache miss)
6727 http fetch GET 200 https://registry.npmjs.org/ts-node/-/ts-node-10.9.2.tgz 6170ms (cache miss)
6728 http fetch GET 200 https://registry.npmjs.org/readable-stream/-/readable-stream-3.6.2.tgz 6167ms (cache miss)
6729 http fetch GET 200 https://registry.npmjs.org/source-map/-/source-map-0.6.1.tgz 6177ms (cache miss)
6730 http fetch GET 200 https://registry.npmjs.org/@angular-devkit/schematics/-/schematics-19.2.27.tgz 6210ms (cache miss)
6731 http fetch GET 200 https://registry.npmjs.org/js-yaml/-/js-yaml-3.15.1.tgz 6214ms (cache miss)
6732 http fetch GET 200 https://registry.npmjs.org/ts-jest/-/ts-jest-29.4.12.tgz 6260ms (cache miss)
6733 http fetch GET 200 https://registry.npmjs.org/@inquirer/core/-/core-10.3.2.tgz 6282ms (cache miss)
6734 http fetch GET 200 https://registry.npmjs.org/postcss/-/postcss-8.4.31.tgz 6273ms (cache miss)
6735 http fetch GET 200 https://registry.npmjs.org/react-dom/-/react-dom-19.2.8.tgz 6299ms (cache miss)
6736 http fetch GET 200 https://registry.npmjs.org/@angular-devkit/core/-/core-19.2.27.tgz 6385ms (cache miss)
6737 http fetch GET 200 https://registry.npmjs.org/validator/-/validator-13.15.35.tgz 6438ms (cache miss)
6738 http fetch GET 200 https://registry.npmjs.org/@types/validator/-/validator-13.15.10.tgz 6437ms (cache miss)
6739 http fetch GET 200 https://registry.npmjs.org/minimatch/-/minimatch-10.2.6.tgz 6430ms (cache miss)
6740 http fetch GET 200 https://registry.npmjs.org/ajv/-/ajv-6.15.0.tgz 6663ms (cache miss)
6741 http fetch GET 200 https://registry.npmjs.org/@angular-devkit/schematics/-/schematics-19.2.24.tgz 6788ms (cache miss)
6742 http fetch GET 200 https://registry.npmjs.org/type-fest/-/type-fest-4.41.0.tgz 6790ms (cache miss)
6743 http fetch GET 200 https://registry.npmjs.org/fork-ts-checker-webpack-plugin/-/fork-ts-checker-webpack-plugin-9.1.0.tgz 6845ms (cache miss)
6744 http fetch GET 200 https://registry.npmjs.org/@angular-devkit/core/-/core-19.2.24.tgz 6890ms (cache miss)
6745 http fetch GET 200 https://registry.npmjs.org/lru-cache/-/lru-cache-11.5.2.tgz 6948ms (cache miss)
6746 http fetch GET 200 https://registry.npmjs.org/react-hook-form/-/react-hook-form-7.86.0.tgz 7043ms (cache miss)
6747 http fetch GET 200 https://registry.npmjs.org/@nestjs/cli/-/cli-11.0.24.tgz 7174ms (cache miss)
6748 http fetch GET 200 https://registry.npmjs.org/class-transformer/-/class-transformer-0.5.1.tgz 7360ms (cache miss)
6749 http fetch GET 200 https://registry.npmjs.org/@tanstack/query-core/-/query-core-5.101.4.tgz 7551ms (cache miss)
6750 http fetch GET 200 https://registry.npmjs.org/@nestjs/core/-/core-11.2.1.tgz 7637ms (cache miss)
6751 http fetch GET 200 https://registry.npmjs.org/lodash/-/lodash-4.18.1.tgz 7816ms (cache miss)
6752 http fetch GET 200 https://registry.npmjs.org/@tanstack/react-query/-/react-query-5.101.4.tgz 7816ms (cache miss)
6753 http fetch GET 200 https://registry.npmjs.org/@nestjs/common/-/common-11.2.1.tgz 7825ms (cache miss)
6754 http fetch GET 200 https://registry.npmjs.org/next 1960ms (cache miss)
6755 silly packumentCache corgi:https://registry.npmjs.org/next set size:undefined disposed:false
6756 http fetch GET 200 https://registry.npmjs.org/@hookform/resolvers/-/resolvers-4.1.3.tgz 8586ms (cache miss)
6757 silly packumentCache corgi:https://registry.npmjs.org/@mapbox%2fnode-pre-gyp cache-miss
6758 http fetch GET 200 https://registry.npmjs.org/typescript/-/typescript-5.9.3.tgz 8589ms (cache miss)
6759 http fetch GET 200 https://registry.npmjs.org/@mapbox%2fnode-pre-gyp 90ms (cache miss)
6760 silly packumentCache corgi:https://registry.npmjs.org/@mapbox%2fnode-pre-gyp set size:undefined disposed:false
6761 http fetch GET 200 https://registry.npmjs.org/@nestjs/schematics/-/schematics-11.1.0.tgz 8869ms (cache miss)
6762 silly packumentCache corgi:https://registry.npmjs.org/@prisma%2fconfig cache-miss
6763 http fetch GET 200 https://registry.npmjs.org/caniuse-lite/-/caniuse-lite-1.0.30001809.tgz 9273ms (cache miss)
6764 http fetch GET 200 https://registry.npmjs.org/ajv/-/ajv-8.18.0.tgz 9246ms (cache miss)
6765 http fetch GET 200 https://registry.npmjs.org/@prisma%2fconfig 430ms (cache miss)
6766 silly packumentCache corgi:https://registry.npmjs.org/@prisma%2fconfig set size:undefined disposed:false
6767 silly packumentCache corgi:https://registry.npmjs.org/bcrypt cache-miss
6768 http fetch GET 200 https://registry.npmjs.org/bcrypt 70ms (cache miss)
6769 silly packumentCache corgi:https://registry.npmjs.org/bcrypt set size:undefined disposed:false
6770 silly packumentCache corgi:https://registry.npmjs.org/prisma cache-miss
6771 http fetch GET 200 https://registry.npmjs.org/@turbo/darwin-arm64/-/darwin-arm64-2.10.11.tgz 9542ms (cache miss)
6772 http fetch GET 200 https://registry.npmjs.org/fast-check/-/fast-check-3.23.2.tgz 9661ms (cache miss)
6773 http fetch GET 200 https://registry.npmjs.org/zod/-/zod-3.25.76.tgz 9854ms (cache miss)
6774 http fetch GET 200 https://registry.npmjs.org/webpack/-/webpack-5.106.2.tgz 10084ms (cache miss)
6775 http fetch GET 200 https://registry.npmjs.org/libphonenumber-js/-/libphonenumber-js-1.13.11.tgz 10232ms (cache miss)
6776 http fetch GET 200 https://registry.npmjs.org/webpack/-/webpack-5.109.2.tgz 10211ms (cache miss)
6777 http fetch GET 200 https://registry.npmjs.org/prisma/-/prisma-6.19.3.tgz 10277ms (cache miss)
6778 http fetch GET 200 https://registry.npmjs.org/prisma 850ms (cache miss)
6779 silly packumentCache corgi:https://registry.npmjs.org/prisma set size:undefined disposed:false
6780 silly packumentCache corgi:https://registry.npmjs.org/@prisma%2fclient cache-miss
6781 http fetch GET 200 https://registry.npmjs.org/@next/swc-darwin-arm64/-/swc-darwin-arm64-15.5.23.tgz 11471ms (cache miss)
6782 http fetch GET 200 https://registry.npmjs.org/@prisma/client/-/client-6.19.3.tgz 11575ms (cache miss)
6783 http fetch GET 200 https://registry.npmjs.org/class-validator/-/class-validator-0.14.4.tgz 11706ms (cache miss)
6784 http fetch GET 200 https://registry.npmjs.org/@prisma%2fclient 925ms (cache miss)
6785 silly packumentCache corgi:https://registry.npmjs.org/@prisma%2fclient set size:undefined disposed:false
6786 http fetch GET 200 https://registry.npmjs.org/effect/-/effect-3.21.0.tgz 13873ms (cache miss)
6787 http fetch GET 200 https://registry.npmjs.org/rxjs/-/rxjs-7.8.2.tgz 14488ms (cache miss)
6788 http fetch GET 200 https://registry.npmjs.org/rxjs/-/rxjs-7.8.1.tgz 14501ms (cache miss)
6789 http fetch GET 200 https://registry.npmjs.org/rxjs/-/rxjs-7.8.1.tgz 14502ms (cache miss)
6790 http fetch GET 200 https://registry.npmjs.org/rxjs/-/rxjs-7.8.1.tgz 14501ms (cache miss)
6791 http fetch GET 200 https://registry.npmjs.org/lucide-react/-/lucide-react-1.33.0.tgz 15164ms (cache miss)
6792 http fetch GET 200 https://registry.npmjs.org/next/-/next-15.5.23.tgz 16845ms (cache miss)
6793 info run prisma@6.19.3 preinstall node_modules/prisma node scripts/preinstall-entry.js
6794 info run prisma@6.19.3 preinstall { code: 0, signal: null }
6795 info run bcrypt@5.1.1 install node_modules/bcrypt node-pre-gyp install --fallback-to-build
6796 info run fsevents@2.3.3 install node_modules/fsevents node-gyp rebuild
6797 info run sharp@0.34.5 install node_modules/sharp node install/check.js || npm run build
6798 info run sharp@0.34.5 install { code: 0, signal: null }
6799 info run bcrypt@5.1.1 install { code: 0, signal: null }
6800 info run fsevents@2.3.3 install { code: 1, signal: null }
6801 verbose reify failed optional dependency /Users/meghpatel/Desktop/GlobeTrotter/node_modules/fsevents
6802 silly reify mark deleted [ '/Users/meghpatel/Desktop/GlobeTrotter/node_modules/fsevents' ]
6803 info run @prisma/client@6.19.3 postinstall node_modules/@prisma/client node scripts/postinstall.js
6804 info run @prisma/engines@6.19.3 postinstall node_modules/@prisma/engines node scripts/postinstall.js
6805 info run @prisma/engines@6.19.3 postinstall { code: 0, signal: null }
6806 info run @prisma/client@6.19.3 postinstall { code: 0, signal: null }
6807 silly ADD node_modules/punycode
6808 silly ADD node_modules/uri-js
6809 silly ADD node_modules/p-try
6810 silly ADD node_modules/ajv-keywords
6811 silly ADD node_modules/@types/eslint
6812 silly ADD node_modules/terser-webpack-plugin
6813 silly ADD node_modules/terser-webpack-plugin/node_modules/ajv-formats
6814 silly ADD node_modules/terser-webpack-plugin/node_modules/supports-color
6815 silly ADD node_modules/terser-webpack-plugin/node_modules/schema-utils
6816 silly ADD node_modules/terser-webpack-plugin/node_modules/jest-worker
6817 silly ADD node_modules/loader-runner
6818 silly ADD node_modules/glob-to-regexp
6819 silly ADD node_modules/acorn-import-phases
6820 silly ADD node_modules/@types/eslint-scope
6821 silly ADD node_modules/path-is-absolute
6822 silly ADD node_modules/inflight
6823 silly ADD node_modules/fs.realpath
6824 silly ADD node_modules/sprintf-js
6825 silly ADD node_modules/y18n
6826 silly ADD node_modules/require-directory
6827 silly ADD node_modules/get-caller-file
6828 silly ADD node_modules/cliui
6829 silly ADD node_modules/cliui/node_modules/wrap-ansi
6830 silly ADD node_modules/imurmurhash
6831 silly ADD node_modules/isexe
6832 silly ADD node_modules/webidl-conversions
6833 silly ADD node_modules/tr46
6834 silly ADD node_modules/@jridgewell/source-map
6835 silly ADD node_modules/terser
6836 silly ADD node_modules/terser/node_modules/commander
6837 silly ADD node_modules/estraverse
6838 silly ADD node_modules/esrecurse
6839 silly ADD node_modules/esrecurse/node_modules/estraverse
6840 silly ADD node_modules/@xtuc/ieee754
6841 silly ADD node_modules/@webassemblyjs/utf8
6842 silly ADD node_modules/@webassemblyjs/leb128
6843 silly ADD node_modules/@webassemblyjs/ieee754
6844 silly ADD node_modules/@webassemblyjs/wast-printer
6845 silly ADD node_modules/@webassemblyjs/wasm-opt
6846 silly ADD node_modules/@webassemblyjs/wasm-gen
6847 silly ADD node_modules/@webassemblyjs/helper-wasm-section
6848 silly ADD node_modules/@webassemblyjs/helper-buffer
6849 silly ADD node_modules/@xtuc/long
6850 silly ADD node_modules/@webassemblyjs/helper-api-error
6851 silly ADD node_modules/@webassemblyjs/floating-point-hex-parser
6852 silly ADD node_modules/@webassemblyjs/helper-wasm-bytecode
6853 silly ADD node_modules/@webassemblyjs/helper-numbers
6854 silly ADD node_modules/webpack-sources
6855 silly ADD node_modules/watchpack
6856 silly ADD node_modules/minimizer-webpack-plugin
6857 silly ADD node_modules/minimizer-webpack-plugin/node_modules/ajv-formats
6858 silly ADD node_modules/minimizer-webpack-plugin/node_modules/supports-color
6859 silly ADD node_modules/minimizer-webpack-plugin/node_modules/schema-utils
6860 silly ADD node_modules/minimizer-webpack-plugin/node_modules/jest-worker
6861 silly ADD node_modules/events
6862 silly ADD node_modules/eslint-scope
6863 silly ADD node_modules/es-module-lexer
6864 silly ADD node_modules/chrome-trace-event
6865 silly ADD node_modules/@webassemblyjs/wasm-parser
6866 silly ADD node_modules/@webassemblyjs/wasm-edit
6867 silly ADD node_modules/@webassemblyjs/ast
6868 silly ADD node_modules/@types/estree
6869 silly ADD node_modules/clone
6870 silly ADD node_modules/defaults
6871 silly ADD node_modules/tmpl
6872 silly ADD node_modules/makeerror
6873 silly ADD node_modules/escalade
6874 silly ADD node_modules/@lukeed/csprng
6875 silly ADD node_modules/media-typer
6876 silly ADD node_modules/yn
6877 silly ADD node_modules/v8-compile-cache-lib
6878 silly ADD node_modules/diff
6879 silly ADD node_modules/create-require
6880 silly ADD node_modules/arg
6881 silly ADD node_modules/acorn-walk
6882 silly ADD node_modules/acorn
6883 silly ADD node_modules/@tsconfig/node16
6884 silly ADD node_modules/@tsconfig/node14
6885 silly ADD node_modules/@tsconfig/node12
6886 silly ADD node_modules/@tsconfig/node10
6887 silly ADD node_modules/@cspotcode/source-map-support
6888 silly ADD node_modules/@cspotcode/source-map-support/node_modules/@jridgewell/trace-mapping
6889 silly ADD node_modules/wordwrap
6890 silly ADD node_modules/uglify-js
6891 silly ADD node_modules/neo-async
6892 silly ADD node_modules/make-error
6893 silly ADD node_modules/lodash.memoize
6894 silly ADD node_modules/handlebars
6895 silly ADD node_modules/handlebars/node_modules/source-map
6896 silly ADD node_modules/bs-logger
6897 silly ADD node_modules/@borewit/text-codec
6898 silly ADD node_modules/is-number
6899 silly ADD node_modules/minizlib
6900 silly ADD node_modules/minizlib/node_modules/yallist
6901 silly ADD node_modules/minizlib/node_modules/minipass
6902 silly ADD node_modules/fs-minipass
6903 silly ADD node_modules/fs-minipass/node_modules/yallist
6904 silly ADD node_modules/fs-minipass/node_modules/minipass
6905 silly ADD node_modules/chownr
6906 silly ADD node_modules/has-flag
6907 silly ADD node_modules/asap
6908 silly ADD node_modules/@noble/hashes
6909 silly ADD node_modules/dezalgo
6910 silly ADD node_modules/@paralleldrive/cuid2
6911 silly ADD node_modules/mime
6912 silly ADD node_modules/formidable
6913 silly ADD node_modules/cookiejar
6914 silly ADD node_modules/component-emitter
6915 silly ADD node_modules/superagent
6916 silly ADD node_modules/methods
6917 silly ADD node_modules/client-only
6918 silly ADD node_modules/@tokenizer/token
6919 silly ADD node_modules/ansi-regex
6920 silly ADD node_modules/is-fullwidth-code-point
6921 silly ADD node_modules/emoji-regex
6922 silly ADD node_modules/char-regex
6923 silly ADD node_modules/escape-string-regexp
6924 silly ADD node_modules/call-bound
6925 silly ADD node_modules/side-channel-weakmap
6926 silly ADD node_modules/side-channel-map
6927 silly ADD node_modules/side-channel-list
6928 silly ADD node_modules/object-inspect
6929 silly ADD node_modules/shebang-regex
6930 silly ADD node_modules/@img/sharp-libvips-darwin-arm64
6931 silly ADD node_modules/@img/sharp-darwin-arm64
6932 silly ADD node_modules/@img/colour
6933 silly ADD node_modules/@types/json-schema
6934 silly ADD node_modules/is-promise
6935 silly ADD node_modules/supports-preserve-symlinks-flag
6936 silly ADD node_modules/path-parse
6937 silly ADD node_modules/is-core-module
6938 silly ADD node_modules/util-deprecate
6939 silly ADD node_modules/string_decoder
6940 silly ADD node_modules/string_decoder/node_modules/safe-buffer
6941 silly ADD node_modules/process-nextick-args
6942 silly ADD node_modules/isarray
6943 silly ADD node_modules/core-util-is
6944 silly ADD node_modules/scheduler
6945 silly ADD node_modules/destr
6946 silly ADD node_modules/unpipe
6947 silly ADD node_modules/side-channel
6948 silly ADD node_modules/ipaddr.js
6949 silly ADD node_modules/forwarded
6950 silly ADD node_modules/sisteransi
6951 silly ADD node_modules/kleur
6952 silly ADD node_modules/tinyexec
6953 silly ADD node_modules/nypm
6954 silly ADD node_modules/nypm/node_modules/citty
6955 silly ADD node_modules/node-fetch-native
6956 silly ADD node_modules/consola
6957 silly ADD node_modules/citty
6958 silly ADD node_modules/fast-check
6959 silly ADD node_modules/@standard-schema/spec
6960 silly ADD node_modules/rc9
6961 silly ADD node_modules/pkg-types
6962 silly ADD node_modules/perfect-debounce
6963 silly ADD node_modules/pathe
6964 silly ADD node_modules/ohash
6965 silly ADD node_modules/giget
6966 silly ADD node_modules/exsolve
6967 silly ADD node_modules/defu
6968 silly ADD node_modules/confbox
6969 silly ADD node_modules/@prisma/get-platform
6970 silly ADD node_modules/@prisma/fetch-engine
6971 silly ADD node_modules/@prisma/engines-version
6972 silly ADD node_modules/@prisma/debug
6973 silly ADD node_modules/empathic
6974 silly ADD node_modules/effect
6975 silly ADD node_modules/deepmerge-ts
6976 silly ADD node_modules/c12
6977 silly ADD node_modules/c12/node_modules/dotenv
6978 silly ADD node_modules/@prisma/engines
6979 silly ADD node_modules/@prisma/config
6980 silly ADD node_modules/react-is
6981 silly ADD node_modules/nanoid
6982 silly ADD node_modules/utils-merge
6983 silly ADD node_modules/pause
6984 silly ADD node_modules/passport-strategy
6985 silly ADD node_modules/is-arrayish
6986 silly ADD node_modules/lines-and-columns
6987 silly ADD node_modules/json-parse-even-better-errors
6988 silly ADD node_modules/error-ex
6989 silly ADD node_modules/yocto-queue
6990 silly ADD node_modules/restore-cursor
6991 silly ADD node_modules/restore-cursor/node_modules/signal-exit
6992 silly ADD node_modules/ieee754
6993 silly ADD node_modules/base64-js
6994 silly ADD node_modules/buffer
6995 silly ADD node_modules/wcwidth
6996 silly ADD node_modules/log-symbols
6997 silly ADD node_modules/is-unicode-supported
6998 silly ADD node_modules/is-interactive
6999 silly ADD node_modules/cli-spinners
7000 silly ADD node_modules/cli-cursor
7001 silly ADD node_modules/bl
7002 silly ADD node_modules/bl/node_modules/readable-stream
7003 silly ADD node_modules/mimic-fn
7004 silly ADD node_modules/wrappy
7005 silly ADD node_modules/ee-first
7006 silly ADD node_modules/wide-align
7007 silly ADD node_modules/has-unicode
7008 silly ADD node_modules/color-support
7009 silly ADD node_modules/aproba
7010 silly ADD node_modules/delegates
7011 silly ADD node_modules/set-blocking
7012 silly ADD node_modules/gauge
7013 silly ADD node_modules/gauge/node_modules/signal-exit
7014 silly ADD node_modules/console-control-strings
7015 silly ADD node_modules/are-we-there-yet
7016 silly ADD node_modules/are-we-there-yet/node_modules/readable-stream
7017 silly ADD node_modules/abbrev
7018 silly ADD node_modules/whatwg-url
7019 silly ADD node_modules/styled-jsx
7020 silly ADD node_modules/sharp
7021 silly ADD node_modules/@swc/helpers
7022 silly ADD node_modules/@next/swc-darwin-arm64
7023 silly ADD node_modules/@next/env
7024 silly ADD node_modules/minimist
7025 silly ADD node_modules/typedarray
7026 silly ADD node_modules/readable-stream
7027 silly ADD node_modules/readable-stream/node_modules/safe-buffer
7028 silly ADD node_modules/buffer-from
7029 silly ADD node_modules/streamsearch
7030 silly ADD node_modules/xtend
7031 silly ADD node_modules/mkdirp
7032 silly ADD node_modules/concat-stream
7033 silly ADD node_modules/busboy
7034 silly ADD node_modules/append-field
7035 silly ADD node_modules/motion-utils
7036 silly ADD node_modules/motion-dom
7037 silly ADD node_modules/framer-motion
7038 silly ADD node_modules/concat-map
7039 silly ADD node_modules/balanced-match
7040 silly ADD node_modules/brace-expansion
7041 silly ADD node_modules/mime-db
7042 silly ADD node_modules/to-regex-range
7043 silly ADD node_modules/fill-range
7044 silly ADD node_modules/braces
7045 silly ADD node_modules/fs-monkey
7046 silly ADD node_modules/yallist
7047 silly ADD node_modules/p-locate
7048 silly ADD node_modules/p-locate/node_modules/p-limit
7049 silly ADD node_modules/lightningcss-darwin-arm64
7050 silly ADD node_modules/ecdsa-sig-formatter
7051 silly ADD node_modules/buffer-equal-constant-time
7052 silly ADD node_modules/safe-buffer
7053 silly ADD node_modules/jwa
7054 silly ADD node_modules/lodash.once
7055 silly ADD node_modules/lodash.isstring
7056 silly ADD node_modules/lodash.isplainobject
7057 silly ADD node_modules/lodash.isnumber
7058 silly ADD node_modules/lodash.isinteger
7059 silly ADD node_modules/lodash.isboolean
7060 silly ADD node_modules/lodash.includes
7061 silly ADD node_modules/jws
7062 silly ADD node_modules/argparse
7063 silly ADD node_modules/leven
7064 silly ADD node_modules/natural-compare
7065 silly ADD node_modules/@babel/plugin-syntax-typescript
7066 silly ADD node_modules/@babel/plugin-syntax-jsx
7067 silly ADD node_modules/callsites
7068 silly ADD node_modules/strip-bom
7069 silly ADD node_modules/cjs-module-lexer
7070 silly ADD node_modules/@jest/source-map
7071 silly ADD node_modules/@jest/globals
7072 silly ADD node_modules/detect-newline
7073 silly ADD node_modules/jest-leak-detector
7074 silly ADD node_modules/jest-docblock
7075 silly ADD node_modules/emittery
7076 silly ADD node_modules/resolve.exports
7077 silly ADD node_modules/resolve
7078 silly ADD node_modules/jest-pnp-resolver
7079 silly ADD node_modules/@types/stack-utils
7080 silly ADD node_modules/diff-sequences
7081 silly ADD node_modules/jest-diff
7082 silly ADD node_modules/node-int64
7083 silly ADD node_modules/bser
7084 silly ADD node_modules/normalize-path
7085 silly ADD node_modules/walker
7086 silly ADD
7087 silly ADD node_modules/fb-watchman
7088 silly ADD node_modules/anymatch
7089 silly ADD node_modules/anymatch/node_modules/picomatch
7090 silly ADD node_modules/@types/graceful-fs
7091 silly ADD node_modules/type-detect
7092 silly ADD node_modules/@sinonjs/commons
7093 silly ADD node_modules/@sinonjs/fake-timers
7094 silly ADD node_modules/jest-mock
7095 silly ADD node_modules/@jest/fake-timers
7096 silly ADD node_modules/stack-utils
7097 silly ADD node_modules/pure-rand
7098 silly ADD node_modules/jest-each
7099 silly ADD node_modules/is-generator-fn
7100 silly ADD node_modules/dedent
7101 silly ADD node_modules/co
7102 silly ADD node_modules/@jest/expect
7103 silly ADD node_modules/@jest/environment
7104 silly ADD node_modules/@babel/plugin-syntax-top-level-await
7105 silly ADD node_modules/@babel/plugin-syntax-private-property-in-object
7106 silly ADD node_modules/@babel/plugin-syntax-optional-chaining
7107 silly ADD node_modules/@babel/plugin-syntax-optional-catch-binding
7108 silly ADD node_modules/@babel/plugin-syntax-object-rest-spread
7109 silly ADD node_modules/@babel/plugin-syntax-numeric-separator
7110 silly ADD node_modules/@babel/plugin-syntax-nullish-coalescing-operator
7111 silly ADD node_modules/@babel/plugin-syntax-logical-assignment-operators
7112 silly ADD node_modules/@babel/plugin-syntax-json-strings
7113 silly ADD node_modules/@babel/plugin-syntax-import-meta
7114 silly ADD node_modules/@babel/plugin-syntax-import-attributes
7115 silly ADD node_modules/@babel/plugin-syntax-class-static-block
7116 silly ADD node_modules/@babel/plugin-syntax-class-properties
7117 silly ADD node_modules/@babel/plugin-syntax-bigint
7118 silly ADD node_modules/@babel/plugin-syntax-async-generators
7119 silly ADD node_modules/babel-preset-current-node-syntax
7120 silly ADD node_modules/babel-plugin-jest-hoist
7121 silly ADD node_modules/@types/babel__traverse
7122 silly ADD node_modules/@types/babel__template
7123 silly ADD node_modules/@types/babel__generator
7124 silly ADD node_modules/babel-preset-jest
7125 silly ADD node_modules/@types/babel__core
7126 silly ADD node_modules/strip-json-comments
7127 silly ADD node_modules/jest-environment-node
7128 silly ADD node_modules/jest-circus
7129 silly ADD node_modules/babel-jest
7130 silly ADD node_modules/@jest/test-sequencer
7131 silly ADD node_modules/prompts
7132 silly ADD node_modules/yargs
7133 silly ADD node_modules/create-jest
7134 silly ADD node_modules/which
7135 silly ADD node_modules/shebang-command
7136 silly ADD node_modules/path-key
7137 silly ADD node_modules/strip-final-newline
7138 silly ADD node_modules/onetime
7139 silly ADD node_modules/npm-run-path
7140 silly ADD node_modules/merge-stream
7141 silly ADD node_modules/is-stream
7142 silly ADD node_modules/human-signals
7143 silly ADD node_modules/get-stream
7144 silly ADD node_modules/cross-spawn
7145 silly ADD node_modules/p-limit
7146 silly ADD node_modules/execa
7147 silly ADD node_modules/execa/node_modules/signal-exit
7148 silly ADD node_modules/html-escaper
7149 silly ADD node_modules/resolve-cwd
7150 silly ADD node_modules/resolve-cwd/node_modules/resolve-from
7151 silly ADD node_modules/pkg-dir
7152 silly ADD node_modules/path-exists
7153 silly ADD node_modules/locate-path
7154 silly ADD node_modules/update-browserslist-db
7155 silly ADD node_modules/node-releases
7156 silly ADD node_modules/electron-to-chromium
7157 silly ADD node_modules/caniuse-lite
7158 silly ADD node_modules/baseline-browser-mapping
7159 silly ADD node_modules/get-package-type
7160 silly ADD node_modules/find-up
7161 silly ADD node_modules/camelcase
7162 silly ADD node_modules/test-exclude
7163 silly ADD node_modules/test-exclude/node_modules/glob
7164 silly ADD node_modules/@istanbuljs/schema
7165 silly ADD node_modules/@istanbuljs/load-nyc-config
7166 silly ADD node_modules/@istanbuljs/load-nyc-config/node_modules/argparse
7167 silly ADD node_modules/@istanbuljs/load-nyc-config/node_modules/resolve-from
7168 silly ADD node_modules/@istanbuljs/load-nyc-config/node_modules/js-yaml
7169 silly ADD node_modules/@babel/helper-plugin-utils
7170 silly ADD node_modules/type-fest
7171 silly ADD node_modules/@types/yargs-parser
7172 silly ADD node_modules/@types/istanbul-lib-report
7173 silly ADD node_modules/@sinclair/typebox
7174 silly ADD node_modules/@types/yargs
7175 silly ADD node_modules/@types/istanbul-reports
7176 silly ADD node_modules/@jest/schemas
7177 silly ADD node_modules/@babel/helper-string-parser
7178 silly ADD node_modules/@babel/helper-globals
7179 silly ADD node_modules/@babel/helper-module-imports
7180 silly ADD node_modules/lru-cache
7181 silly ADD node_modules/browserslist
7182 silly ADD node_modules/@babel/helper-validator-option
7183 silly ADD node_modules/@babel/compat-data
7184 silly ADD node_modules/jsesc
7185 silly ADD node_modules/json5
7186 silly ADD node_modules/gensync
7187 silly ADD node_modules/@babel/types
7188 silly ADD node_modules/@babel/traverse
7189 silly ADD node_modules/@babel/template
7190 silly ADD node_modules/@babel/parser
7191 silly ADD node_modules/@babel/helpers
7192 silly ADD node_modules/@babel/helper-module-transforms
7193 silly ADD node_modules/@babel/helper-compilation-targets
7194 silly ADD node_modules/@babel/helper-compilation-targets/node_modules/semver
7195 silly ADD node_modules/@babel/generator
7196 silly ADD node_modules/write-file-atomic
7197 silly ADD node_modules/write-file-atomic/node_modules/signal-exit
7198 silly ADD node_modules/pirates
7199 silly ADD node_modules/fast-json-stable-stringify
7200 silly ADD node_modules/convert-source-map
7201 silly ADD node_modules/babel-plugin-istanbul
7202 silly ADD node_modules/babel-plugin-istanbul/node_modules/semver
7203 silly ADD node_modules/babel-plugin-istanbul/node_modules/istanbul-lib-instrument
7204 silly ADD node_modules/@babel/core
7205 silly ADD node_modules/@babel/core/node_modules/semver
7206 silly ADD node_modules/@types/istanbul-lib-coverage
7207 silly ADD node_modules/v8-to-istanbul
7208 silly ADD node_modules/string-length
7209 silly ADD node_modules/jest-worker
7210 silly ADD node_modules/jest-worker/node_modules/supports-color
7211 silly ADD node_modules/istanbul-reports
7212 silly ADD node_modules/istanbul-lib-source-maps
7213 silly ADD node_modules/istanbul-lib-source-maps/node_modules/source-map
7214 silly ADD node_modules/istanbul-lib-report
7215 silly ADD node_modules/istanbul-lib-report/node_modules/make-dir
7216 silly ADD node_modules/istanbul-lib-instrument
7217 silly ADD node_modules/istanbul-lib-coverage
7218 silly ADD node_modules/collect-v8-coverage
7219 silly ADD node_modules/@bcoe/v8-coverage
7220 silly ADD node_modules/strip-ansi
7221 silly ADD node_modules/slash
7222 silly ADD node_modules/micromatch
7223 silly ADD node_modules/micromatch/node_modules/picomatch
7224 silly ADD node_modules/jest-watcher
7225 silly ADD node_modules/jest-validate
7226 silly ADD node_modules/jest-validate/node_modules/camelcase
7227 silly ADD node_modules/jest-snapshot
7228 silly ADD node_modules/jest-runtime
7229 silly ADD node_modules/jest-runtime/node_modules/glob
7230 silly ADD node_modules/jest-runner
7231 silly ADD node_modules/jest-runner/node_modules/source-map
7232 silly ADD node_modules/jest-runner/node_modules/source-map-support
7233 silly ADD node_modules/jest-resolve-dependencies
7234 silly ADD node_modules/jest-resolve
7235 silly ADD node_modules/jest-regex-util
7236 silly ADD node_modules/jest-haste-map
7237 silly ADD node_modules/jest-config
7238 silly ADD node_modules/jest-config/node_modules/glob
7239 silly ADD node_modules/jest-changed-files
7240 silly ADD node_modules/exit
7241 silly ADD node_modules/ci-info
7242 silly ADD node_modules/ansi-escapes
7243 silly ADD node_modules/@jest/transform
7244 silly ADD node_modules/@jest/test-result
7245 silly ADD node_modules/@jest/reporters
7246 silly ADD node_modules/@jest/reporters/node_modules/glob
7247 silly ADD node_modules/@jest/console
7248 silly ADD node_modules/jest-cli
7249 silly ADD node_modules/import-local
7250 silly ADD node_modules/@jest/types
7251 silly ADD node_modules/@jest/core
7252 silly ADD node_modules/resolve-from
7253 silly ADD node_modules/parent-module
7254 silly ADD node_modules/safer-buffer
7255 silly ADD node_modules/agent-base
7256 silly ADD node_modules/toidentifier
7257 silly ADD node_modules/setprototypeof
7258 silly ADD node_modules/inherits
7259 silly ADD node_modules/path-scurry
7260 silly ADD node_modules/path-scurry/node_modules/lru-cache
7261 silly ADD node_modules/minipass
7262 silly ADD node_modules/dunder-proto
7263 silly ADD node_modules/math-intrinsics
7264 silly ADD node_modules/has-symbols
7265 silly ADD node_modules/gopd
7266 silly ADD node_modules/get-proto
7267 silly ADD node_modules/function-bind
7268 silly ADD node_modules/es-object-atoms
7269 silly ADD node_modules/es-define-property
7270 silly ADD node_modules/call-bind-apply-helpers
7271 silly ADD node_modules/universalify
7272 silly ADD node_modules/jsonfile
7273 silly ADD node_modules/has-tostringtag
7274 silly ADD node_modules/get-intrinsic
7275 silly ADD node_modules/es-errors
7276 silly ADD node_modules/delayed-stream
7277 silly ADD node_modules/hasown
7278 silly ADD node_modules/es-set-tostringtag
7279 silly ADD node_modules/combined-stream
7280 silly ADD node_modules/asynckit
7281 silly ADD node_modules/path-type
7282 silly ADD node_modules/parse-json
7283 silly ADD node_modules/js-yaml
7284 silly ADD node_modules/import-fresh
7285 silly ADD node_modules/color-name
7286 silly ADD node_modules/color-convert
7287 silly ADD node_modules/supports-color
7288 silly ADD node_modules/ansi-styles
7289 silly ADD node_modules/picocolors
7290 silly ADD node_modules/js-tokens
7291 silly ADD node_modules/@babel/helper-validator-identifier
7292 silly ADD node_modules/schema-utils
7293 silly ADD node_modules/schema-utils/node_modules/json-schema-traverse
7294 silly ADD node_modules/schema-utils/node_modules/ajv-keywords
7295 silly ADD node_modules/schema-utils/node_modules/ajv
7296 silly ADD node_modules/node-abort-controller
7297 silly ADD node_modules/minimatch
7298 silly ADD node_modules/memfs
7299 silly ADD node_modules/fs-extra
7300 silly ADD node_modules/deepmerge
7301 silly ADD node_modules/cosmiconfig
7302 silly ADD node_modules/chalk
7303 silly ADD node_modules/@babel/code-frame
7304 silly ADD node_modules/uint8array-extras
7305 silly ADD node_modules/token-types
7306 silly ADD node_modules/strtok3
7307 silly ADD node_modules/@tokenizer/inflate
7308 silly ADD node_modules/ms
7309 silly ADD node_modules/raw-body
7310 silly ADD node_modules/bytes
7311 silly ADD node_modules/negotiator
7312 silly ADD node_modules/negotiator/node_modules/content-type
7313 silly ADD node_modules/type-is
7314 silly ADD node_modules/type-is/node_modules/content-type
7315 silly ADD node_modules/statuses
7316 silly ADD node_modules/serve-static
7317 silly ADD node_modules/send
7318 silly ADD node_modules/router
7319 silly ADD node_modules/range-parser
7320 silly ADD node_modules/qs
7321 silly ADD node_modules/proxy-addr
7322 silly ADD node_modules/parseurl
7323 silly ADD node_modules/once
7324 silly ADD node_modules/on-finished
7325 silly ADD node_modules/mime-types
7326 silly ADD node_modules/merge-descriptors
7327 silly ADD node_modules/http-errors
7328 silly ADD node_modules/fresh
7329 silly ADD node_modules/finalhandler
7330 silly ADD node_modules/etag
7331 silly ADD node_modules/escape-html
7332 silly ADD node_modules/encodeurl
7333 silly ADD node_modules/depd
7334 silly ADD node_modules/debug
7335 silly ADD node_modules/cookie-signature
7336 silly ADD node_modules/cookie
7337 silly ADD node_modules/content-type
7338 silly ADD node_modules/content-disposition
7339 silly ADD node_modules/body-parser
7340 silly ADD node_modules/body-parser/node_modules/content-type
7341 silly ADD node_modules/accepts
7342 silly ADD node_modules/jest-util
7343 silly ADD node_modules/jest-util/node_modules/picomatch
7344 silly ADD node_modules/jest-message-util
7345 silly ADD node_modules/jest-matcher-utils
7346 silly ADD node_modules/jest-get-type
7347 silly ADD node_modules/@jest/expect-utils
7348 silly ADD node_modules/tapable
7349 silly ADD node_modules/graceful-fs
7350 silly ADD node_modules/vary
7351 silly ADD node_modules/object-assign
7352 silly ADD node_modules/esprima
7353 silly ADD node_modules/array-timsort
7354 silly ADD node_modules/string-width
7355 silly ADD node_modules/@colors/colors
7356 silly ADD node_modules/validator
7357 silly ADD node_modules/libphonenumber-js
7358 silly ADD node_modules/@types/validator
7359 silly ADD node_modules/readdirp
7360 silly ADD node_modules/tar
7361 silly ADD node_modules/tar/node_modules/yallist
7362 silly ADD node_modules/tar/node_modules/mkdirp
7363 silly ADD node_modules/tar/node_modules/minipass
7364 silly ADD node_modules/semver
7365 silly ADD node_modules/rimraf
7366 silly ADD node_modules/rimraf/node_modules/glob
7367 silly ADD node_modules/npmlog
7368 silly ADD node_modules/nopt
7369 silly ADD node_modules/node-fetch
7370 silly ADD node_modules/make-dir
7371 silly ADD node_modules/make-dir/node_modules/semver
7372 silly ADD node_modules/https-proxy-agent
7373 silly ADD node_modules/detect-libc
7374 silly ADD node_modules/node-addon-api
7375 silly ADD node_modules/@mapbox/node-pre-gyp
7376 silly ADD node_modules/require-from-string
7377 silly ADD node_modules/json-schema-traverse
7378 silly ADD node_modules/fast-uri
7379 silly ADD node_modules/fast-deep-equal
7380 silly ADD node_modules/form-data
7381 silly ADD node_modules/form-data/node_modules/mime-db
7382 silly ADD node_modules/form-data/node_modules/mime-types
7383 silly ADD node_modules/@types/cookiejar
7384 silly ADD node_modules/@types/superagent
7385 silly ADD node_modules/@types/methods
7386 silly ADD node_modules/@types/http-errors
7387 silly ADD node_modules/csstype
7388 silly ADD node_modules/@types/passport
7389 silly ADD node_modules/@types/passport-strategy
7390 silly ADD node_modules/undici-types
7391 silly ADD node_modules/@types/ms
7392 silly ADD node_modules/pretty-format
7393 silly ADD node_modules/pretty-format/node_modules/ansi-styles
7394 silly ADD node_modules/expect
7395 silly ADD node_modules/@types/send
7396 silly ADD node_modules/@types/range-parser
7397 silly ADD node_modules/@types/qs
7398 silly ADD node_modules/@types/connect
7399 silly ADD node_modules/@types/serve-static
7400 silly ADD node_modules/@types/express-serve-static-core
7401 silly ADD node_modules/@types/body-parser
7402 silly ADD node_modules/@tanstack/query-core
7403 silly ADD node_modules/@tailwindcss/oxide-darwin-arm64
7404 silly ADD node_modules/@jridgewell/resolve-uri
7405 silly ADD node_modules/@jridgewell/sourcemap-codec
7406 silly ADD node_modules/@jridgewell/trace-mapping
7407 silly ADD node_modules/@jridgewell/gen-mapping
7408 silly ADD node_modules/source-map-js
7409 silly ADD node_modules/lightningcss
7410 silly ADD node_modules/jiti
7411 silly ADD node_modules/enhanced-resolve
7412 silly ADD node_modules/@jridgewell/remapping
7413 silly ADD node_modules/@tailwindcss/oxide
7414 silly ADD node_modules/@tailwindcss/node
7415 silly ADD node_modules/@tailwindcss/node/node_modules/magic-string
7416 silly ADD node_modules/@alloc/quick-lru
7417 silly ADD node_modules/pluralize
7418 silly ADD node_modules/comment-json
7419 silly ADD node_modules/express
7420 silly ADD node_modules/cors
7421 silly ADD node_modules/jsonwebtoken
7422 silly ADD node_modules/@types/jsonwebtoken
7423 silly ADD node_modules/path-to-regexp
7424 silly ADD node_modules/fast-safe-stringify
7425 silly ADD node_modules/lodash
7426 silly ADD node_modules/dotenv-expand
7427 silly ADD node_modules/dotenv-expand/node_modules/dotenv
7428 silly ADD node_modules/dotenv
7429 silly ADD node_modules/uid
7430 silly ADD node_modules/tslib
7431 silly ADD node_modules/load-esm
7432 silly ADD node_modules/iterare
7433 silly ADD node_modules/file-type
7434 silly ADD node_modules/iconv-lite
7435 silly ADD node_modules/chardet
7436 silly ADD node_modules/@inquirer/external-editor
7437 silly ADD node_modules/wrap-ansi
7438 silly ADD node_modules/signal-exit
7439 silly ADD node_modules/mute-stream
7440 silly ADD node_modules/cli-width
7441 silly ADD node_modules/yoctocolors-cjs
7442 silly ADD node_modules/@inquirer/type
7443 silly ADD node_modules/@inquirer/figures
7444 silly ADD node_modules/@inquirer/core
7445 silly ADD node_modules/@inquirer/ansi
7446 silly ADD node_modules/@inquirer/select
7447 silly ADD node_modules/@inquirer/search
7448 silly ADD node_modules/@inquirer/rawlist
7449 silly ADD node_modules/@inquirer/password
7450 silly ADD node_modules/@inquirer/number
7451 silly ADD node_modules/@inquirer/input
7452 silly ADD node_modules/@inquirer/expand
7453 silly ADD node_modules/@inquirer/editor
7454 silly ADD node_modules/@inquirer/confirm
7455 silly ADD node_modules/@inquirer/checkbox
7456 silly ADD node_modules/yargs-parser
7457 silly ADD node_modules/symbol-observable
7458 silly ADD node_modules/ansi-colors
7459 silly ADD node_modules/magic-string
7460 silly ADD node_modules/source-map
7461 silly ADD node_modules/picomatch
7462 silly ADD node_modules/jsonc-parser
7463 silly ADD node_modules/ajv-formats
7464 silly ADD node_modules/ajv
7465 silly ADD node_modules/webpack-node-externals
7466 silly ADD node_modules/tsconfig-paths-webpack-plugin
7467 silly ADD node_modules/ora
7468 silly ADD node_modules/node-emoji
7469 silly ADD node_modules/glob
7470 silly ADD node_modules/glob/node_modules/balanced-match
7471 silly ADD node_modules/glob/node_modules/brace-expansion
7472 silly ADD node_modules/glob/node_modules/minimatch
7473 silly ADD node_modules/fork-ts-checker-webpack-plugin
7474 silly ADD node_modules/commander
7475 silly ADD node_modules/cli-table3
7476 silly ADD node_modules/chokidar
7477 silly ADD node_modules/ansis
7478 silly ADD node_modules/@inquirer/prompts
7479 silly ADD node_modules/@angular-devkit/schematics-cli
7480 silly ADD node_modules/@angular-devkit/schematics-cli/node_modules/@inquirer/prompts
7481 silly ADD node_modules/@angular-devkit/schematics
7482 silly ADD node_modules/@angular-devkit/schematics/node_modules/rxjs
7483 silly ADD node_modules/@angular-devkit/core
7484 silly ADD node_modules/@angular-devkit/core/node_modules/rxjs
7485 silly ADD node_modules/@standard-schema/utils
7486 silly ADD node_modules/zustand
7487 silly ADD node_modules/zod
7488 silly ADD node_modules/tailwindcss
7489 silly ADD node_modules/tailwind-merge
7490 silly ADD node_modules/sonner
7491 silly ADD node_modules/postcss
7492 silly ADD node_modules/react-dom
7493 silly ADD node_modules/next
7494 silly ADD node_modules/next/node_modules/postcss
7495 silly ADD node_modules/motion
7496 silly ADD node_modules/lucide-react
7497 silly ADD node_modules/clsx
7498 silly ADD node_modules/@types/react-dom
7499 silly ADD node_modules/@types/react
7500 silly ADD node_modules/@tanstack/react-query
7501 silly ADD node_modules/@tailwindcss/postcss
7502 silly ADD node_modules/react
7503 silly ADD node_modules/react-hook-form
7504 silly ADD node_modules/@hookform/resolvers
7505 silly ADD node_modules/tsconfig-paths
7506 silly ADD node_modules/tsconfig-paths/node_modules/strip-bom
7507 silly ADD node_modules/ts-node
7508 silly ADD node_modules/webpack
7509 silly ADD node_modules/webpack/node_modules/ajv-formats
7510 silly ADD node_modules/webpack/node_modules/schema-utils
7511 silly ADD node_modules/ts-loader
7512 silly ADD node_modules/ts-jest
7513 silly ADD node_modules/ts-jest/node_modules/type-fest
7514 silly ADD node_modules/supertest
7515 silly ADD node_modules/source-map-support
7516 silly ADD node_modules/source-map-support/node_modules/source-map
7517 silly ADD node_modules/prisma
7518 silly ADD node_modules/passport-jwt
7519 silly ADD node_modules/multer
7520 silly ADD node_modules/multer/node_modules/mime-db
7521 silly ADD node_modules/multer/node_modules/mime-types
7522 silly ADD node_modules/multer/node_modules/media-typer
7523 silly ADD node_modules/multer/node_modules/type-is
7524 silly ADD node_modules/jest
7525 silly ADD node_modules/class-validator
7526 silly ADD node_modules/class-transformer
7527 silly ADD node_modules/bcrypt
7528 silly ADD node_modules/@types/supertest
7529 silly ADD node_modules/@types/passport-jwt
7530 silly ADD node_modules/@types/node
7531 silly ADD node_modules/@types/multer
7532 silly ADD node_modules/@types/jest
7533 silly ADD node_modules/@types/express
7534 silly ADD node_modules/@types/bcrypt
7535 silly ADD node_modules/@prisma/client
7536 silly ADD node_modules/@nestjs/testing
7537 silly ADD node_modules/@nestjs/schematics
7538 silly ADD node_modules/@nestjs/schematics/node_modules/rxjs
7539 silly ADD node_modules/@nestjs/schematics/node_modules/@angular-devkit/schematics
7540 silly ADD node_modules/@nestjs/schematics/node_modules/@angular-devkit/core
7541 silly ADD node_modules/@nestjs/platform-express
7542 silly ADD node_modules/@nestjs/platform-express/node_modules/mime-db
7543 silly ADD node_modules/@nestjs/platform-express/node_modules/mime-types
7544 silly ADD node_modules/@nestjs/platform-express/node_modules/media-typer
7545 silly ADD node_modules/@nestjs/platform-express/node_modules/readable-stream
7546 silly ADD node_modules/@nestjs/platform-express/node_modules/type-is
7547 silly ADD node_modules/@nestjs/platform-express/node_modules/concat-stream
7548 silly ADD node_modules/@nestjs/platform-express/node_modules/multer
7549 silly ADD node_modules/passport
7550 silly ADD node_modules/@nestjs/passport
7551 silly ADD node_modules/@nestjs/jwt
7552 silly ADD node_modules/@nestjs/core
7553 silly ADD node_modules/@nestjs/config
7554 silly ADD node_modules/reflect-metadata
7555 silly ADD node_modules/rxjs
7556 silly ADD node_modules/@nestjs/common
7557 silly ADD node_modules/@nestjs/cli
7558 silly ADD node_modules/@nestjs/cli/node_modules/ajv-formats
7559 silly ADD node_modules/@nestjs/cli/node_modules/schema-utils
7560 silly ADD node_modules/@nestjs/cli/node_modules/webpack
7561 silly ADD node_modules/@turbo/darwin-arm64
7562 silly ADD node_modules/typescript
7563 silly ADD node_modules/turbo
7564 silly ADD node_modules/@globetrotter/web
7565 silly ADD node_modules/@globetrotter/ui
7566 silly ADD node_modules/@globetrotter/config
7567 silly ADD node_modules/@globetrotter/api
7568 warn allow-scripts 5 packages have install scripts not yet covered by allowScripts:
7568 warn allow-scripts   @prisma/client@6.19.3 (postinstall: node scripts/postinstall.js)
7568 warn allow-scripts   bcrypt@5.1.1 (install: node-pre-gyp install --fallback-to-build)
7568 warn allow-scripts   prisma@6.19.3 (preinstall: node scripts/preinstall-entry.js)
7568 warn allow-scripts   sharp@0.34.5 (install: node install/check.js || npm run build)
7568 warn allow-scripts   @prisma/engines@6.19.3 (postinstall: node scripts/postinstall.js)
7568 warn allow-scripts
7568 warn allow-scripts Run `npm approve-scripts --allow-scripts-pending` to review, or `npm approve-scripts <pkg>` to allow.
7569 verbose cwd /Users/meghpatel/Desktop/GlobeTrotter
7570 verbose os Darwin 25.5.0
7571 verbose node v26.5.1
7572 verbose npm  v11.17.0
7573 notice
7573 notice New major version of npm available! 11.17.0 -> 12.0.2
7573 notice Changelog: https://github.com/npm/cli/releases/tag/v12.0.2
7573 notice To update run: npm install -g npm@12.0.2
7573 notice  { force: true, Symbol(proc-log.meta): true }
7574 verbose exit 0
7575 info ok
